wave	R	T
aoi	0	
380	0.7167936	0.000243781
381	0.717842	0.000247792
382	0.7201765	0.000244752
383	0.7237478	0.000235133
384	0.7272853	0.000225897
385	0.7307884	0.00021703
386	0.734258	0.000208517
387	0.7376941	0.000200343
388	0.7412969	0.000192482
389	0.7450331	0.00018491
390	0.7487359	0.00017762
391	0.7524052	0.000170603
392	0.7560399	0.000163848
393	0.7596412	0.000157346
394	0.7631388	0.000151195
395	0.7664958	0.000145432
396	0.7698198	0.00013988
397	0.7731116	0.000134532
398	0.7763711	0.000129381
399	0.7795975	0.000124418
400	0.7827404	0.000119697
401	0.7848315	0.000116292
402	0.7868987	0.000112994
403	0.7889421	0.000109798
404	0.7909624	0.000106702
405	0.7929599	0.000103702
406	0.794934	0.000100795
407	0.7968294	9.80674e-05
408	0.7986454	9.55128e-05
409	0.8004407	9.30324e-05
410	0.8022148	9.0624e-05
411	0.8039688	8.82852e-05
412	0.8057027	8.60139e-05
413	0.8074165	8.3808e-05
414	0.8095858	8.13178e-05
415	0.8119196	7.87698e-05
416	0.8142285	7.63024e-05
417	0.816512	7.39129e-05
418	0.8187711	7.15989e-05
419	0.821006	6.93578e-05
420	0.8232167	6.71874e-05
421	0.8253703	6.51901e-05
422	0.8274881	6.32933e-05
423	0.8295839	6.14512e-05
424	0.8316572	5.96622e-05
425	0.8337088	5.79248e-05
426	0.835739	5.62374e-05
427	0.8377478	5.45987e-05
428	0.8394469	5.32828e-05
429	0.8407981	5.23116e-05
430	0.8421348	5.13602e-05
431	0.8434569	5.04282e-05
432	0.8447647	4.95152e-05
433	0.8460586	4.86207e-05
434	0.8473387	4.77444e-05
435	0.8486048	4.68858e-05
436	0.849841	4.6072e-05
437	0.8510635	4.52751e-05
438	0.852273	4.44937e-05
439	0.8534696	4.37276e-05
440	0.8546536	4.29763e-05
441	0.8558254	4.22396e-05
442	0.8569845	4.15172e-05
443	0.8582164	4.07414e-05
444	0.8597819	3.97104e-05
445	0.8613313	3.87058e-05
446	0.8628645	3.77267e-05
447	0.8643819	3.67725e-05
448	0.8658838	3.58427e-05
449	0.8673701	3.49364e-05
450	0.868841	3.40531e-05
451	0.8703071	3.31869e-05
452	0.871818	3.23119e-05
453	0.8733134	3.14594e-05
454	0.8747936	3.06289e-05
455	0.8762588	2.98199e-05
456	0.8777091	2.90317e-05
457	0.8791445	2.82638e-05
458	0.8805655	2.75157e-05
459	0.8819721	2.67869e-05
460	0.883302	2.61297e-05
461	0.8846029	2.55015e-05
462	0.8858911	2.48879e-05
463	0.8871665	2.42887e-05
464	0.8884292	2.37035e-05
465	0.8896796	2.31319e-05
466	0.8909178	2.25737e-05
467	0.8921437	2.20284e-05
468	0.89334	2.15057e-05
469	0.8944098	2.10585e-05
470	0.8954692	2.06207e-05
471	0.8965182	2.01919e-05
472	0.8975571	1.9772e-05
473	0.8985861	1.93609e-05
474	0.899605	1.89582e-05
475	0.900614	1.85638e-05
476	0.9016134	1.81776e-05
477	0.9025669	1.78166e-05
478	0.9032771	1.75723e-05
479	0.9039805	1.73319e-05
480	0.9046772	1.70952e-05
481	0.9053672	1.68621e-05
482	0.9060506	1.66327e-05
483	0.9067276	1.64068e-05
484	0.9073982	1.61845e-05
485	0.9080623	1.59655e-05
486	0.9087202	1.57499e-05
487	0.9093006	1.55625e-05
488	0.9098559	1.53847e-05
489	0.9104059	1.52093e-05
490	0.9109506	1.50364e-05
491	0.9114903	1.48659e-05
492	0.9120249	1.46978e-05
493	0.9125544	1.4532e-05
494	0.9130791	1.43685e-05
495	0.9135989	1.42073e-05
496	0.9141152	1.40464e-05
497	0.9146504	1.38579e-05
498	0.9151805	1.36725e-05
499	0.9157054	1.349e-05
500	0.9162254	1.33106e-05
501	0.9167406	1.3134e-05
502	0.9172509	1.29603e-05
503	0.9177563	1.27893e-05
504	0.918257	1.26211e-05
505	0.9187531	1.24557e-05
506	0.9192445	1.22928e-05
507	0.9197204	1.2139e-05
508	0.9201913	1.19879e-05
509	0.9206579	1.18392e-05
510	0.9211202	1.16928e-05
511	0.9215782	1.15485e-05
512	0.9220322	1.14065e-05
513	0.922482	1.12666e-05
514	0.9229278	1.11289e-05
515	0.9233696	1.09932e-05
516	0.9238074	1.08595e-05
517	0.9242268	1.07403e-05
518	0.9246204	1.06414e-05
519	0.9250108	1.05437e-05
520	0.9253978	1.04471e-05
521	0.9257815	1.03517e-05
522	0.9261621	1.02574e-05
523	0.9265395	1.01642e-05
524	0.9269137	1.00721e-05
525	0.9272849	9.98112e-06
526	0.9276529	9.89116e-06
527	0.928018	9.80224e-06
528	0.9283961	9.71155e-06
529	0.9287948	9.61781e-06
530	0.9291904	9.52516e-06
531	0.9295828	9.4336e-06
532	0.929972	9.3431e-06
533	0.9303581	9.25366e-06
534	0.9307412	9.16525e-06
535	0.9311212	9.07787e-06
536	0.9314983	8.9915e-06
537	0.9318724	8.90612e-06
538	0.9322436	8.82173e-06
539	0.9326118	8.7383e-06
540	0.9331127	8.61586e-06
541	0.9336193	8.4924e-06
542	0.9341218	8.37074e-06
543	0.9346204	8.25086e-06
544	0.9351151	8.13274e-06
545	0.935606	8.01633e-06
546	0.936093	7.90163e-06
547	0.9365763	7.78859e-06
548	0.9370558	7.6772e-06
549	0.9375316	7.56742e-06
550	0.9380037	7.45924e-06
551	0.9384722	7.35262e-06
552	0.9389201	7.25237e-06
553	0.9393636	7.15375e-06
554	0.9398038	7.05651e-06
555	0.9402407	6.96063e-06
556	0.9406743	6.86609e-06
557	0.9411045	6.77286e-06
558	0.9415315	6.68093e-06
559	0.9419553	6.59028e-06
560	0.9423758	6.50088e-06
561	0.9427933	6.41272e-06
562	0.9432075	6.32579e-06
563	0.9436187	6.24005e-06
564	0.9439702	6.16912e-06
565	0.9442448	6.11689e-06
566	0.9445173	6.06521e-06
567	0.9447878	6.01408e-06
568	0.9450563	5.96349e-06
569	0.945323	5.91343e-06
570	0.9455877	5.8639e-06
571	0.9458504	5.81489e-06
572	0.9461113	5.76639e-06
573	0.9463704	5.71839e-06
574	0.9466275	5.6709e-06
575	0.9468829	5.6239e-06
576	0.9471364	5.57739e-06
577	0.9473639	5.53705e-06
578	0.9475393	5.50883e-06
579	0.9477135	5.48084e-06
580	0.9478866	5.45307e-06
581	0.9480585	5.42551e-06
582	0.9482292	5.39818e-06
583	0.9483988	5.37105e-06
584	0.9485673	5.34414e-06
585	0.9487346	5.31744e-06
586	0.9489008	5.29095e-06
587	0.9490659	5.26466e-06
588	0.94923	5.23857e-06
589	0.9493929	5.21269e-06
590	0.9495548	5.18701e-06
591	0.9496677	5.17318e-06
592	0.9497472	5.16736e-06
593	0.9498263	5.16154e-06
594	0.949905	5.15573e-06
595	0.9499832	5.14992e-06
596	0.9500609	5.14412e-06
597	0.9501382	5.13833e-06
598	0.9502151	5.13254e-06
599	0.9502916	5.12675e-06
600	0.9503676	5.12098e-06
601	0.9504432	5.1152e-06
602	0.9505185	5.10944e-06
603	0.9505933	5.10368e-06
604	0.9506677	5.09793e-06
605	0.9507387	5.09256e-06
606	0.9507969	5.08875e-06
607	0.9508547	5.08493e-06
608	0.9509123	5.0811e-06
609	0.9509697	5.07725e-06
610	0.9510268	5.0734e-06
611	0.9510836	5.06953e-06
612	0.9511402	5.06565e-06
613	0.9511965	5.06176e-06
614	0.9512526	5.05786e-06
615	0.9513085	5.05394e-06
616	0.9513641	5.05002e-06
617	0.9514195	5.04609e-06
618	0.9514747	5.04214e-06
619	0.9515296	5.03819e-06
620	0.9515864	5.03338e-06
621	0.9516696	5.01796e-06
622	0.9517523	5.00261e-06
623	0.9518347	4.98735e-06
624	0.9519167	4.97216e-06
625	0.9519982	4.95705e-06
626	0.9520794	4.94202e-06
627	0.9521603	4.92706e-06
628	0.9522407	4.91218e-06
629	0.9523208	4.89737e-06
630	0.9524005	4.88263e-06
631	0.9524798	4.86797e-06
632	0.9525588	4.85339e-06
633	0.9526375	4.83887e-06
634	0.9527157	4.82443e-06
635	0.9527937	4.81006e-06
636	0.9528769	4.7945e-06
637	0.9529859	4.77322e-06
638	0.9530943	4.7521e-06
639	0.9532021	4.73112e-06
640	0.9533094	4.7103e-06
641	0.9534161	4.68962e-06
642	0.9535223	4.66909e-06
643	0.9536279	4.6487e-06
644	0.953733	4.62846e-06
645	0.9538375	4.60836e-06
646	0.9539416	4.5884e-06
647	0.9540451	4.56858e-06
648	0.954148	4.5489e-06
649	0.9542505	4.52936e-06
650	0.9543525	4.50995e-06
651	0.9544539	4.49067e-06
652	0.9545549	4.47153e-06
653	0.9546848	4.44766e-06
654	0.9548504	4.41798e-06
655	0.9550151	4.38856e-06
656	0.9551789	4.3594e-06
657	0.9553417	4.3305e-06
658	0.9555036	4.30186e-06
659	0.9556646	4.27347e-06
660	0.9558248	4.24533e-06
661	0.955984	4.21743e-06
662	0.9561423	4.18978e-06
663	0.9562998	4.16237e-06
664	0.9564564	4.1352e-06
665	0.9566121	4.10827e-06
666	0.9567669	4.08157e-06
667	0.956921	4.05511e-06
668	0.9570741	4.02887e-06
669	0.9572264	4.00286e-06
670	0.9573779	3.97708e-06
671	0.9575271	3.95287e-06
672	0.9576751	3.92917e-06
673	0.9578224	3.90567e-06
674	0.9579689	3.88235e-06
675	0.9581145	3.85922e-06
676	0.9582594	3.83628e-06
677	0.9584036	3.81352e-06
678	0.958547	3.79095e-06
679	0.9586896	3.76855e-06
680	0.9588315	3.74633e-06
681	0.9589726	3.72429e-06
682	0.959113	3.70242e-06
683	0.9592526	3.68072e-06
684	0.9593916	3.6592e-06
685	0.9595298	3.63784e-06
686	0.9596673	3.61666e-06
687	0.959804	3.59564e-06
688	0.9599401	3.57478e-06
689	0.9600623	3.55677e-06
690	0.9601293	3.55003e-06
691	0.960196	3.54332e-06
692	0.9602625	3.53663e-06
693	0.9603287	3.52997e-06
694	0.9603946	3.52334e-06
695	0.9604603	3.51673e-06
696	0.9605257	3.51016e-06
697	0.9605908	3.50361e-06
698	0.9606558	3.49708e-06
699	0.9607204	3.49058e-06
700	0.9607848	3.48411e-06
701	0.960849	3.47767e-06
702	0.9609129	3.47125e-06
703	0.9609765	3.46485e-06
704	0.9610399	3.45848e-06
705	0.9611031	3.45214e-06
706	0.9611661	3.44582e-06
707	0.9612287	3.43953e-06
708	0.9612912	3.43326e-06
709	0.9613586	3.42629e-06
710	0.9614306	3.41866e-06
711	0.9615024	3.41106e-06
712	0.9615738	3.4035e-06
713	0.961645	3.39597e-06
714	0.9617159	3.38847e-06
715	0.9617865	3.38101e-06
716	0.9618568	3.37358e-06
717	0.9619269	3.36619e-06
718	0.9619966	3.35883e-06
719	0.9620661	3.3515e-06
720	0.9621353	3.3442e-06
721	0.9622043	3.33694e-06
722	0.962273	3.32971e-06
723	0.9623414	3.32251e-06
724	0.9624095	3.31534e-06
725	0.9624774	3.3082e-06
726	0.9625451	3.3011e-06
727	0.9626124	3.29403e-06
728	0.9626795	3.28699e-06
729	0.9627464	3.27997e-06
730	0.9628598	3.26457e-06
731	0.9629951	3.24525e-06
732	0.9631298	3.22607e-06
733	0.9632639	3.20702e-06
734	0.9633973	3.18812e-06
735	0.96353	3.16934e-06
736	0.9636622	3.15071e-06
737	0.9637937	3.1322e-06
738	0.9639246	3.11383e-06
739	0.9640548	3.0956e-06
740	0.9641845	3.07749e-06
741	0.9643135	3.05951e-06
742	0.964442	3.04166e-06
743	0.9645698	3.02393e-06
744	0.964697	3.00634e-06
745	0.9648236	2.98886e-06
746	0.9649497	2.97152e-06
747	0.9650751	2.95429e-06
748	0.9652	2.93718e-06
749	0.9653243	2.9202e-06
750	0.965448	2.90334e-06
751	0.9655711	2.88659e-06
752	0.9656981	2.86896e-06
753	0.9658278	2.85072e-06
754	0.9659568	2.83262e-06
755	0.9660852	2.81466e-06
756	0.966213	2.79683e-06
757	0.9663403	2.77913e-06
758	0.9664669	2.76157e-06
759	0.9665929	2.74413e-06
760	0.9667184	2.72683e-06
761	0.9668432	2.70966e-06
762	0.9669675	2.69261e-06
763	0.9670911	2.67569e-06
764	0.9672142	2.65889e-06
765	0.9673368	2.64222e-06
766	0.9674587	2.62567e-06
767	0.9675801	2.60925e-06
768	0.967701	2.59294e-06
769	0.9678212	2.57676e-06
770	0.9679409	2.56069e-06
771	0.9680601	2.54474e-06
772	0.9681787	2.52891e-06
773	0.9682968	2.5132e-06
774	0.9684143	2.49759e-06
775	0.9685294	2.48232e-06
776	0.9686257	2.46923e-06
777	0.9687216	2.45624e-06
778	0.9688171	2.44334e-06
779	0.9689122	2.43052e-06
780	0.9690068	2.4178e-06
781	0.969101	2.40517e-06
782	0.9691948	2.39262e-06
783	0.9692882	2.38016e-06
784	0.9693811	2.36779e-06
785	0.9694737	2.3555e-06
786	0.9695658	2.34329e-06
787	0.9696575	2.33118e-06
788	0.9697489	2.31914e-06
789	0.9698398	2.30719e-06
790	0.9699303	2.29532e-06
791	0.9700204	2.28353e-06
792	0.9701102	2.27182e-06
793	0.9701995	2.26019e-06
794	0.9702885	2.24864e-06
795	0.9703771	2.23717e-06
796	0.9704652	2.22578e-06
797	0.970553	2.21447e-06
798	0.9706404	2.20323e-06
799	0.9707275	2.19207e-06
800	0.9708062	2.1842e-06
801	0.9708098	2.20694e-06
802	0.9708133	2.22987e-06
803	0.9708168	2.25297e-06
804	0.9708203	2.27625e-06
805	0.9708238	2.29971e-06
806	0.9708272	2.32336e-06
807	0.9708306	2.34719e-06
808	0.970834	2.37121e-06
809	0.9708374	2.39541e-06
810	0.9708407	2.41979e-06
811	0.970844	2.44437e-06
812	0.9708473	2.46913e-06
813	0.9708506	2.49408e-06
814	0.9708539	2.51922e-06
815	0.9708571	2.54456e-06
816	0.9708603	2.57008e-06
817	0.9708635	2.5958e-06
818	0.9708667	2.62171e-06
819	0.9708698	2.64781e-06
820	0.970873	2.67411e-06
821	0.9708761	2.70061e-06
822	0.9708792	2.7273e-06
823	0.9708822	2.75419e-06
824	0.9708853	2.78128e-06
825	0.9708883	2.80857e-06
826	0.9708913	2.83607e-06
827	0.9708943	2.86376e-06
828	0.9708973	2.89166e-06
829	0.9709002	2.91975e-06
830	0.9709031	2.94806e-06
831	0.9709061	2.97657e-06
832	0.9709089	3.00528e-06
833	0.9709118	3.0342e-06
834	0.9709147	3.06334e-06
835	0.9709175	3.09267e-06
836	0.9709203	3.12222e-06
837	0.9709231	3.15198e-06
838	0.9709259	3.18196e-06
839	0.9709287	3.21214e-06
840	0.9709314	3.24254e-06
841	0.9709342	3.27315e-06
842	0.9709369	3.30398e-06
843	0.9709396	3.33502e-06
844	0.9709422	3.36628e-06
845	0.9709449	3.39776e-06
846	0.9709475	3.42946e-06
847	0.9709502	3.46138e-06
848	0.9709528	3.49352e-06
849	0.9709554	3.52588e-06
850	0.970958	3.55846e-06
851	0.9709605	3.59127e-06
852	0.9709631	3.6243e-06
853	0.9709656	3.65756e-06
854	0.9709681	3.69104e-06
855	0.9709706	3.72475e-06
856	0.9709731	3.75869e-06
857	0.9709756	3.79285e-06
858	0.970978	3.82725e-06
859	0.9709804	3.86188e-06
860	0.9709829	3.89674e-06
861	0.9709853	3.93183e-06
862	0.9709877	3.96716e-06
863	0.97099	4.00272e-06
864	0.9709924	4.03851e-06
865	0.9709947	4.07455e-06
866	0.9709971	4.11082e-06
867	0.9709994	4.14732e-06
868	0.9710017	4.18407e-06
869	0.971004	4.22106e-06
870	0.9710063	4.25828e-06
871	0.9710085	4.29575e-06
872	0.9710108	4.33347e-06
873	0.971013	4.37142e-06
874	0.9710152	4.40962e-06
875	0.9710175	4.44807e-06
876	0.9710197	4.48676e-06
877	0.9710218	4.5257e-06
878	0.971024	4.56489e-06
879	0.9710262	4.60432e-06
880	0.9710281	4.644e-06
881	0.9710297	4.68393e-06
882	0.9710313	4.7241e-06
883	0.9710329	4.76453e-06
884	0.9710345	4.80521e-06
885	0.9710361	4.84615e-06
886	0.9710376	4.88734e-06
887	0.9710392	4.92878e-06
888	0.9710407	4.97049e-06
889	0.9710423	5.01245e-06
890	0.9710438	5.05467e-06
891	0.9710453	5.09715e-06
892	0.9710468	5.13989e-06
893	0.9710483	5.1829e-06
894	0.9710498	5.22616e-06
895	0.9710513	5.26969e-06
896	0.9710527	5.31349e-06
897	0.9710542	5.35754e-06
898	0.9710556	5.40187e-06
899	0.9710571	5.44646e-06
900	0.9710583	5.49133e-06
901	0.9710586	5.53652e-06
902	0.9710588	5.58198e-06
903	0.9710591	5.62771e-06
904	0.9710593	5.67372e-06
905	0.9710596	5.72e-06
906	0.9710598	5.76655e-06
907	0.9710601	5.81337e-06
908	0.9710603	5.86048e-06
909	0.9710606	5.90786e-06
910	0.9710608	5.95551e-06
911	0.9710611	6.00345e-06
912	0.9710613	6.05166e-06
913	0.9710615	6.10016e-06
914	0.9710618	6.14893e-06
915	0.971062	6.19799e-06
916	0.9710623	6.24733e-06
917	0.9710625	6.29696e-06
918	0.9710628	6.34687e-06
919	0.971063	6.39707e-06
920	0.9710632	6.44755e-06
921	0.9710635	6.49832e-06
922	0.9710637	6.54938e-06
923	0.971064	6.60073e-06
924	0.9710642	6.65236e-06
925	0.9710644	6.70429e-06
926	0.9710647	6.75651e-06
927	0.9710649	6.80903e-06
928	0.9710651	6.86183e-06
929	0.9710654	6.91493e-06
930	0.9710656	6.96833e-06
931	0.9710658	7.02202e-06
932	0.9710661	7.07601e-06
933	0.9710663	7.1303e-06
934	0.9710665	7.18489e-06
935	0.9710668	7.23978e-06
936	0.971067	7.29497e-06
937	0.9710672	7.35045e-06
938	0.9710675	7.40625e-06
939	0.9710677	7.46234e-06
940	0.9710679	7.51874e-06
941	0.9710681	7.57544e-06
942	0.9710684	7.63246e-06
943	0.9710686	7.68977e-06
944	0.9710688	7.7474e-06
945	0.971069	7.80533e-06
946	0.9710693	7.86357e-06
947	0.9710695	7.92212e-06
948	0.9710697	7.98099e-06
949	0.9710699	8.04016e-06
950	0.9710702	8.09965e-06
951	0.9710704	8.15945e-06
952	0.9710706	8.21957e-06
953	0.9710708	8.28e-06
954	0.971071	8.34075e-06
955	0.9710713	8.40182e-06
956	0.9710715	8.4632e-06
957	0.9710717	8.5249e-06
958	0.9710719	8.58692e-06
959	0.9710721	8.64926e-06
960	0.9710723	8.71193e-06
961	0.9710726	8.77491e-06
962	0.9710728	8.83822e-06
963	0.971073	8.90185e-06
964	0.9710732	8.96581e-06
965	0.9710734	9.03009e-06
966	0.9710736	9.0947e-06
967	0.9710738	9.15964e-06
968	0.9710741	9.2249e-06
969	0.9710743	9.2905e-06
970	0.9710745	9.35642e-06
971	0.9710747	9.42267e-06
972	0.9710749	9.48926e-06
973	0.9710751	9.55617e-06
974	0.9710753	9.62342e-06
975	0.9710755	9.69101e-06
976	0.9710757	9.75893e-06
977	0.9710759	9.82718e-06
978	0.9710761	9.89577e-06
979	0.9710764	9.9647e-06
980	0.9710766	1.0034e-05
981	0.9710768	1.01036e-05
982	0.971077	1.01735e-05
983	0.9710772	1.02438e-05
984	0.9710774	1.03144e-05
985	0.9710776	1.03854e-05
986	0.9710778	1.04567e-05
987	0.971078	1.05284e-05
988	0.9710782	1.06004e-05
989	0.9710784	1.06727e-05
990	0.9710786	1.07454e-05
991	0.9710788	1.08184e-05
992	0.971079	1.08918e-05
993	0.9710792	1.09655e-05
994	0.9710794	1.10396e-05
995	0.9710796	1.11141e-05
996	0.9710798	1.11888e-05
997	0.97108	1.1264e-05
998	0.9710802	1.13395e-05
999	0.9710804	1.14153e-05
aoi	5	
380	0.7168284	0.000242012
381	0.7178764	0.000245995
382	0.72021	0.000242993
383	0.7237799	0.000233467
384	0.7273161	0.00022432
385	0.7308178	0.000215537
386	0.734286	0.000207103
387	0.7377207	0.000199004
388	0.7413222	0.000191213
389	0.745057	0.000183706
390	0.7487584	0.000176479
391	0.7524264	0.00016952
392	0.7560597	0.000162821
393	0.7596597	0.000156372
394	0.7631559	0.000150271
395	0.7665116	0.000144554
396	0.7698344	0.000139046
397	0.7731249	0.00013374
398	0.7763832	0.000128628
399	0.7796084	0.000123703
400	0.7827501	0.000119017
401	0.7848402	0.00011564
402	0.7869066	0.000112368
403	0.788949	0.000109197
404	0.7909684	0.000106125
405	0.792965	0.000103148
406	0.7949382	0.000100263
407	0.7968328	9.75566e-05
408	0.798648	9.50212e-05
409	0.8004424	9.25593e-05
410	0.8022158	9.01684e-05
411	0.803969	8.78466e-05
412	0.8057022	8.55916e-05
413	0.8074152	8.34012e-05
414	0.8095837	8.09274e-05
415	0.8119166	7.83957e-05
416	0.8142247	7.59438e-05
417	0.8165074	7.35692e-05
418	0.8187657	7.12694e-05
419	0.8209998	6.9042e-05
420	0.8232097	6.68846e-05
421	0.8253626	6.48992e-05
422	0.8274797	6.30136e-05
423	0.8295747	6.11822e-05
424	0.8316474	5.94035e-05
425	0.8336983	5.7676e-05
426	0.8357279	5.59982e-05
427	0.837736	5.43686e-05
428	0.8394345	5.30603e-05
429	0.8407852	5.2095e-05
430	0.8421215	5.11494e-05
431	0.8434432	5.0223e-05
432	0.8447506	4.93154e-05
433	0.8460441	4.84262e-05
434	0.8473238	4.7555e-05
435	0.8485895	4.67013e-05
436	0.8498253	4.58922e-05
437	0.8510475	4.50998e-05
438	0.8522566	4.43229e-05
439	0.8534528	4.35611e-05
440	0.8546366	4.2814e-05
441	0.855808	4.20814e-05
442	0.8569668	4.13629e-05
443	0.8581983	4.05912e-05
444	0.8597635	3.95653e-05
445	0.8613124	3.85655e-05
446	0.8628452	3.75911e-05
447	0.8643623	3.66415e-05
448	0.8658638	3.5716e-05
449	0.8673497	3.48139e-05
450	0.8688203	3.39348e-05
451	0.870286	3.30725e-05
452	0.8717966	3.22014e-05
453	0.8732916	3.13527e-05
454	0.8747715	3.05259e-05
455	0.8762364	2.97204e-05
456	0.8776864	2.89357e-05
457	0.8791215	2.81711e-05
458	0.8805422	2.74261e-05
459	0.8819485	2.67004e-05
460	0.8832782	2.60459e-05
461	0.8845789	2.54204e-05
462	0.8858668	2.48094e-05
463	0.887142	2.42126e-05
464	0.8884045	2.36298e-05
465	0.8896547	2.30605e-05
466	0.8908927	2.25045e-05
467	0.8921183	2.19614e-05
468	0.8933145	2.14408e-05
469	0.8943841	2.09954e-05
470	0.8954434	2.05593e-05
471	0.8964923	2.01323e-05
472	0.897531	1.9714e-05
473	0.8985598	1.93045e-05
474	0.8995786	1.89033e-05
475	0.9005875	1.85105e-05
476	0.9015868	1.81258e-05
477	0.9025402	1.77661e-05
478	0.9032504	1.75229e-05
479	0.9039537	1.72834e-05
480	0.9046504	1.70477e-05
481	0.9053404	1.68156e-05
482	0.9060238	1.65871e-05
483	0.9067007	1.63622e-05
484	0.9073712	1.61407e-05
485	0.9080354	1.59226e-05
486	0.9086932	1.57078e-05
487	0.9092737	1.55212e-05
488	0.9098289	1.53441e-05
489	0.9103789	1.51694e-05
490	0.9109237	1.49972e-05
491	0.9114634	1.48274e-05
492	0.911998	1.466e-05
493	0.9125275	1.44949e-05
494	0.9130522	1.43321e-05
495	0.913572	1.41715e-05
496	0.9140884	1.40112e-05
497	0.9146236	1.38234e-05
498	0.9151537	1.36387e-05
499	0.9156787	1.34569e-05
500	0.9161987	1.32781e-05
501	0.9167138	1.31022e-05
502	0.9172242	1.29291e-05
503	0.9177296	1.27587e-05
504	0.9182303	1.25912e-05
505	0.9187265	1.24262e-05
506	0.9192179	1.2264e-05
507	0.9196939	1.21107e-05
508	0.9201648	1.19602e-05
509	0.9206314	1.1812e-05
510	0.9210938	1.1666e-05
511	0.9215519	1.15223e-05
512	0.9220059	1.13808e-05
513	0.9224558	1.12414e-05
514	0.9229016	1.11041e-05
515	0.9233434	1.09688e-05
516	0.9237813	1.08356e-05
517	0.9242008	1.07168e-05
518	0.9245945	1.06183e-05
519	0.9249849	1.05209e-05
520	0.925372	1.04247e-05
521	0.9257558	1.03296e-05
522	0.9261364	1.02356e-05
523	0.9265139	1.01428e-05
524	0.9268882	1.0051e-05
525	0.9272594	9.96027e-06
526	0.9276276	9.8706e-06
527	0.9279927	9.78198e-06
528	0.9283709	9.69159e-06
529	0.9287697	9.59815e-06
530	0.9291653	9.5058e-06
531	0.9295578	9.41453e-06
532	0.9299471	9.32431e-06
533	0.9303333	9.23515e-06
534	0.9307165	9.14702e-06
535	0.9310966	9.0599e-06
536	0.9314737	8.9738e-06
537	0.9318479	8.88868e-06
538	0.9322192	8.80454e-06
539	0.9325875	8.72137e-06
540	0.9330885	8.59925e-06
541	0.9335951	8.47612e-06
542	0.9340977	8.35478e-06
543	0.9345964	8.23522e-06
544	0.9350911	8.1174e-06
545	0.9355821	8.00129e-06
546	0.9360692	7.88688e-06
547	0.9365525	7.77413e-06
548	0.9370321	7.66302e-06
549	0.937508	7.55352e-06
550	0.9379802	7.44561e-06
551	0.9384487	7.33926e-06
552	0.9388967	7.23926e-06
553	0.9393403	7.14089e-06
554	0.9397806	7.04389e-06
555	0.9402175	6.94825e-06
556	0.9406511	6.85393e-06
557	0.9410814	6.76093e-06
558	0.9415085	6.66922e-06
559	0.9419324	6.57879e-06
560	0.942353	6.48961e-06
561	0.9427705	6.40166e-06
562	0.9431849	6.31493e-06
563	0.9435962	6.2294e-06
564	0.9439478	6.15863e-06
565	0.9442224	6.10655e-06
566	0.944495	6.05501e-06
567	0.9447656	6.00401e-06
568	0.9450342	5.95356e-06
569	0.945301	5.90363e-06
570	0.9455658	5.85423e-06
571	0.9458286	5.80534e-06
572	0.9460896	5.75697e-06
573	0.9463487	5.7091e-06
574	0.946606	5.66173e-06
575	0.9468615	5.61485e-06
576	0.9471151	5.56845e-06
577	0.9473426	5.52822e-06
578	0.9475182	5.50009e-06
579	0.9476925	5.47218e-06
580	0.9478657	5.44449e-06
581	0.9480377	5.41702e-06
582	0.9482085	5.38977e-06
583	0.9483782	5.36273e-06
584	0.9485467	5.3359e-06
585	0.9487142	5.30927e-06
586	0.9488805	5.28286e-06
587	0.9490457	5.25665e-06
588	0.9492099	5.23064e-06
589	0.9493729	5.20483e-06
590	0.9495349	5.17922e-06
591	0.9496479	5.16545e-06
592	0.9497275	5.15967e-06
593	0.9498067	5.1539e-06
594	0.9498855	5.14813e-06
595	0.9499638	5.14236e-06
596	0.9500416	5.1366e-06
597	0.950119	5.13085e-06
598	0.950196	5.1251e-06
599	0.9502726	5.11935e-06
600	0.9503487	5.11362e-06
601	0.9504245	5.10789e-06
602	0.9504998	5.10216e-06
603	0.9505747	5.09644e-06
604	0.9506492	5.09073e-06
605	0.9507203	5.0854e-06
606	0.9507786	5.08163e-06
607	0.9508365	5.07784e-06
608	0.9508943	5.07405e-06
609	0.9509517	5.07024e-06
610	0.9510089	5.06642e-06
611	0.9510658	5.06258e-06
612	0.9511225	5.05874e-06
613	0.9511789	5.05488e-06
614	0.9512351	5.05101e-06
615	0.9512911	5.04713e-06
616	0.9513468	5.04325e-06
617	0.9514023	5.03935e-06
618	0.9514575	5.03544e-06
619	0.9515125	5.03152e-06
620	0.9515695	5.02674e-06
621	0.9516527	5.01137e-06
622	0.9517356	4.99608e-06
623	0.951818	4.98086e-06
624	0.9519001	4.96572e-06
625	0.9519817	4.95066e-06
626	0.952063	4.93568e-06
627	0.9521439	4.92076e-06
628	0.9522245	4.90593e-06
629	0.9523046	4.89117e-06
630	0.9523844	4.87648e-06
631	0.9524638	4.86186e-06
632	0.9525429	4.84732e-06
633	0.9526216	4.83285e-06
634	0.9527	4.81846e-06
635	0.952778	4.80413e-06
636	0.9528613	4.78861e-06
637	0.9529704	4.76739e-06
638	0.9530789	4.74632e-06
639	0.9531868	4.72539e-06
640	0.9532941	4.70462e-06
641	0.9534009	4.68399e-06
642	0.9535071	4.66351e-06
643	0.9536128	4.64317e-06
644	0.953718	4.62298e-06
645	0.9538226	4.60292e-06
646	0.9539267	4.58301e-06
647	0.9540303	4.56324e-06
648	0.9541334	4.5436e-06
649	0.9542359	4.5241e-06
650	0.9543379	4.50474e-06
651	0.9544395	4.48551e-06
652	0.9545405	4.46642e-06
653	0.9546705	4.44259e-06
654	0.9548362	4.41296e-06
655	0.9550009	4.3836e-06
656	0.9551648	4.3545e-06
657	0.9553277	4.32565e-06
658	0.9554897	4.29706e-06
659	0.9556507	4.26872e-06
660	0.9558109	4.24063e-06
661	0.9559702	4.21278e-06
662	0.9561286	4.18518e-06
663	0.9562862	4.15782e-06
664	0.9564428	4.1307e-06
665	0.9565986	4.10382e-06
666	0.9567535	4.07717e-06
667	0.9569076	4.05075e-06
668	0.9570608	4.02456e-06
669	0.9572132	3.99859e-06
670	0.9573648	3.97285e-06
671	0.957514	3.94869e-06
672	0.9576621	3.92503e-06
673	0.9578094	3.90157e-06
674	0.957956	3.87829e-06
675	0.9581017	3.85521e-06
676	0.9582467	3.8323e-06
677	0.9583909	3.80958e-06
678	0.9585343	3.78705e-06
679	0.958677	3.76469e-06
680	0.9588189	3.7425e-06
681	0.9589601	3.7205e-06
682	0.9591006	3.69867e-06
683	0.9592403	3.67701e-06
684	0.9593793	3.65552e-06
685	0.9595175	3.6342e-06
686	0.9596551	3.61305e-06
687	0.9597919	3.59207e-06
688	0.9599281	3.57124e-06
689	0.9600503	3.55327e-06
690	0.9601174	3.54654e-06
691	0.9601842	3.53985e-06
692	0.9602507	3.53318e-06
693	0.9603169	3.52654e-06
694	0.9603829	3.51993e-06
695	0.9604487	3.51334e-06
696	0.9605141	3.50678e-06
697	0.9605794	3.50025e-06
698	0.9606443	3.49374e-06
699	0.960709	3.48726e-06
700	0.9607735	3.48081e-06
701	0.9608377	3.47438e-06
702	0.9609017	3.46798e-06
703	0.9609654	3.4616e-06
704	0.9610289	3.45525e-06
705	0.9610921	3.44893e-06
706	0.9611551	3.44263e-06
707	0.9612178	3.43635e-06
708	0.9612804	3.4301e-06
709	0.9613478	3.42315e-06
710	0.9614199	3.41553e-06
711	0.9614917	3.40795e-06
712	0.9615632	3.40041e-06
713	0.9616344	3.39289e-06
714	0.9617054	3.38542e-06
715	0.961776	3.37797e-06
716	0.9618464	3.37056e-06
717	0.9619165	3.36318e-06
718	0.9619863	3.35584e-06
719	0.9620559	3.34853e-06
720	0.9621251	3.34125e-06
721	0.9621941	3.334e-06
722	0.9622629	3.32678e-06
723	0.9623313	3.3196e-06
724	0.9623995	3.31245e-06
725	0.9624675	3.30533e-06
726	0.9625352	3.29824e-06
727	0.9626026	3.29119e-06
728	0.9626697	3.28416e-06
729	0.9627366	3.27716e-06
730	0.9628501	3.26179e-06
731	0.9629855	3.24249e-06
732	0.9631202	3.22333e-06
733	0.9632543	3.20431e-06
734	0.9633878	3.18543e-06
735	0.9635206	3.16668e-06
736	0.9636528	3.14807e-06
737	0.9637843	3.12959e-06
738	0.9639152	3.11125e-06
739	0.9640456	3.09303e-06
740	0.9641752	3.07495e-06
741	0.9643043	3.05699e-06
742	0.9644328	3.03917e-06
743	0.9645607	3.02147e-06
744	0.964688	3.00389e-06
745	0.9648146	2.98644e-06
746	0.9649407	2.96911e-06
747	0.9650662	2.95191e-06
748	0.9651911	2.93483e-06
749	0.9653154	2.91786e-06
750	0.9654392	2.90102e-06
751	0.9655624	2.8843e-06
752	0.9656894	2.86669e-06
753	0.9658191	2.84847e-06
754	0.9659482	2.83039e-06
755	0.9660766	2.81245e-06
756	0.9662045	2.79464e-06
757	0.9663318	2.77697e-06
758	0.9664584	2.75942e-06
759	0.9665845	2.74201e-06
760	0.96671	2.72473e-06
761	0.9668349	2.70757e-06
762	0.9669592	2.69055e-06
763	0.9670829	2.67365e-06
764	0.967206	2.65687e-06
765	0.9673286	2.64022e-06
766	0.9674506	2.62369e-06
767	0.967572	2.60728e-06
768	0.9676929	2.591e-06
769	0.9678132	2.57483e-06
770	0.9679329	2.55878e-06
771	0.9680521	2.54285e-06
772	0.9681708	2.52704e-06
773	0.9682889	2.51134e-06
774	0.9684064	2.49576e-06
775	0.9685216	2.4805e-06
776	0.968618	2.46743e-06
777	0.9687139	2.45445e-06
778	0.9688094	2.44156e-06
779	0.9689045	2.42877e-06
780	0.9689992	2.41606e-06
781	0.9690934	2.40344e-06
782	0.9691872	2.39091e-06
783	0.9692806	2.37846e-06
784	0.9693736	2.3661e-06
785	0.9694662	2.35383e-06
786	0.9695584	2.34164e-06
787	0.9696502	2.32953e-06
788	0.9697415	2.31751e-06
789	0.9698325	2.30557e-06
790	0.9699231	2.29372e-06
791	0.9700132	2.28194e-06
792	0.970103	2.27025e-06
793	0.9701924	2.25863e-06
794	0.9702814	2.2471e-06
795	0.97037	2.23564e-06
796	0.9704582	2.22426e-06
797	0.970546	2.21296e-06
798	0.9706335	2.20173e-06
799	0.9707205	2.19058e-06
800	0.9707993	2.18273e-06
801	0.9708029	2.20545e-06
802	0.9708065	2.22836e-06
803	0.97081	2.25145e-06
804	0.9708135	2.27471e-06
805	0.970817	2.29816e-06
806	0.9708205	2.32179e-06
807	0.970824	2.34561e-06
808	0.9708274	2.36961e-06
809	0.9708308	2.39379e-06
810	0.9708342	2.41816e-06
811	0.9708375	2.44272e-06
812	0.9708409	2.46747e-06
813	0.9708442	2.4924e-06
814	0.9708475	2.51753e-06
815	0.9708507	2.54284e-06
816	0.970854	2.56835e-06
817	0.9708572	2.59405e-06
818	0.9708604	2.61994e-06
819	0.9708636	2.64603e-06
820	0.9708667	2.67232e-06
821	0.9708699	2.69879e-06
822	0.970873	2.72547e-06
823	0.9708761	2.75234e-06
824	0.9708792	2.77942e-06
825	0.9708822	2.80669e-06
826	0.9708853	2.83416e-06
827	0.9708883	2.86184e-06
828	0.9708913	2.88972e-06
829	0.9708943	2.9178e-06
830	0.9708972	2.94608e-06
831	0.9709002	2.97457e-06
832	0.9709031	3.00327e-06
833	0.970906	3.03217e-06
834	0.9709089	3.06128e-06
835	0.9709118	3.0906e-06
836	0.9709146	3.12013e-06
837	0.9709174	3.14988e-06
838	0.9709202	3.17983e-06
839	0.970923	3.20999e-06
840	0.9709258	3.24037e-06
841	0.9709286	3.27096e-06
842	0.9709313	3.30177e-06
843	0.970934	3.33279e-06
844	0.9709367	3.36403e-06
845	0.9709394	3.39549e-06
846	0.9709421	3.42717e-06
847	0.9709448	3.45907e-06
848	0.9709474	3.49119e-06
849	0.97095	3.52352e-06
850	0.9709526	3.55609e-06
851	0.9709552	3.58887e-06
852	0.9709578	3.62188e-06
853	0.9709603	3.65512e-06
854	0.9709629	3.68858e-06
855	0.9709654	3.72227e-06
856	0.9709679	3.75618e-06
857	0.9709704	3.79033e-06
858	0.9709729	3.8247e-06
859	0.9709753	3.85931e-06
860	0.9709778	3.89414e-06
861	0.9709802	3.92921e-06
862	0.9709826	3.96452e-06
863	0.970985	4.00005e-06
864	0.9709874	4.03583e-06
865	0.9709898	4.07184e-06
866	0.9709921	4.10808e-06
867	0.9709945	4.14457e-06
868	0.9709968	4.18129e-06
869	0.9709991	4.21825e-06
870	0.9710014	4.25545e-06
871	0.9710037	4.2929e-06
872	0.971006	4.33059e-06
873	0.9710083	4.36852e-06
874	0.9710105	4.40669e-06
875	0.9710127	4.44511e-06
876	0.971015	4.48378e-06
877	0.9710172	4.5227e-06
878	0.9710194	4.56186e-06
879	0.9710215	4.60127e-06
880	0.9710235	4.64092e-06
881	0.9710251	4.68082e-06
882	0.9710267	4.72097e-06
883	0.9710284	4.76137e-06
884	0.97103	4.80203e-06
885	0.9710316	4.84293e-06
886	0.9710332	4.8841e-06
887	0.9710347	4.92552e-06
888	0.9710363	4.9672e-06
889	0.9710378	5.00913e-06
890	0.9710394	5.05132e-06
891	0.9710409	5.09378e-06
892	0.9710424	5.13649e-06
893	0.971044	5.17947e-06
894	0.9710455	5.2227e-06
895	0.971047	5.2662e-06
896	0.9710484	5.30997e-06
897	0.9710499	5.354e-06
898	0.9710514	5.3983e-06
899	0.9710528	5.44286e-06
900	0.9710541	5.4877e-06
901	0.9710544	5.53286e-06
902	0.9710546	5.57829e-06
903	0.9710549	5.62399e-06
904	0.9710551	5.66997e-06
905	0.9710554	5.71621e-06
906	0.9710556	5.76273e-06
907	0.9710559	5.80953e-06
908	0.9710561	5.8566e-06
909	0.9710564	5.90395e-06
910	0.9710566	5.95157e-06
911	0.9710569	5.99948e-06
912	0.9710571	6.04766e-06
913	0.9710574	6.09612e-06
914	0.9710576	6.14487e-06
915	0.9710579	6.19389e-06
916	0.9710581	6.2432e-06
917	0.9710584	6.2928e-06
918	0.9710586	6.34267e-06
919	0.9710589	6.39284e-06
920	0.9710591	6.44329e-06
921	0.9710594	6.49402e-06
922	0.9710596	6.54505e-06
923	0.9710598	6.59636e-06
924	0.9710601	6.64796e-06
925	0.9710603	6.69986e-06
926	0.9710606	6.75204e-06
927	0.9710608	6.80452e-06
928	0.971061	6.8573e-06
929	0.9710613	6.91036e-06
930	0.9710615	6.96372e-06
931	0.9710618	7.01738e-06
932	0.971062	7.07134e-06
933	0.9710622	7.12559e-06
934	0.9710625	7.18014e-06
935	0.9710627	7.23499e-06
936	0.9710629	7.29014e-06
937	0.9710632	7.3456e-06
938	0.9710634	7.40135e-06
939	0.9710636	7.45741e-06
940	0.9710639	7.51377e-06
941	0.9710641	7.57044e-06
942	0.9710643	7.62741e-06
943	0.9710646	7.68469e-06
944	0.9710648	7.74228e-06
945	0.971065	7.80017e-06
946	0.9710652	7.85837e-06
947	0.9710655	7.91689e-06
948	0.9710657	7.97571e-06
949	0.9710659	8.03485e-06
950	0.9710661	8.0943e-06
951	0.9710664	8.15406e-06
952	0.9710666	8.21414e-06
953	0.9710668	8.27453e-06
954	0.971067	8.33524e-06
955	0.9710673	8.39626e-06
956	0.9710675	8.45761e-06
957	0.9710677	8.51927e-06
958	0.9710679	8.58125e-06
959	0.9710681	8.64355e-06
960	0.9710684	8.70617e-06
961	0.9710686	8.76911e-06
962	0.9710688	8.83238e-06
963	0.971069	8.89597e-06
964	0.9710692	8.95989e-06
965	0.9710695	9.02413e-06
966	0.9710697	9.08869e-06
967	0.9710699	9.15359e-06
968	0.9710701	9.21881e-06
969	0.9710703	9.28436e-06
970	0.9710705	9.35024e-06
971	0.9710708	9.41645e-06
972	0.971071	9.48299e-06
973	0.9710712	9.54986e-06
974	0.9710714	9.61706e-06
975	0.9710716	9.6846e-06
976	0.9710718	9.75248e-06
977	0.971072	9.82069e-06
978	0.9710722	9.88923e-06
979	0.9710724	9.95811e-06
980	0.9710727	1.00273e-05
981	0.9710729	1.00969e-05
982	0.9710731	1.01668e-05
983	0.9710733	1.0237e-05
984	0.9710735	1.03076e-05
985	0.9710737	1.03785e-05
986	0.9710739	1.04498e-05
987	0.9710741	1.05214e-05
988	0.9710743	1.05934e-05
989	0.9710745	1.06656e-05
990	0.9710747	1.07383e-05
991	0.9710749	1.08113e-05
992	0.9710751	1.08846e-05
993	0.9710753	1.09583e-05
994	0.9710755	1.10323e-05
995	0.9710757	1.11067e-05
996	0.9710759	1.11814e-05
997	0.9710761	1.12565e-05
998	0.9710763	1.1332e-05
999	0.9710765	1.14078e-05
aoi	10	
380	0.7170294	0.000236837
381	0.7180757	0.000240742
382	0.7204048	0.000237844
383	0.7239675	0.000228591
384	0.7274967	0.000219702
385	0.7309914	0.000211162
386	0.7344529	0.000202958
387	0.7378809	0.000195077
388	0.7414757	0.000187489
389	0.7452039	0.000180173
390	0.7488989	0.000173126
391	0.7525605	0.00016634
392	0.7561875	0.000159803
393	0.7597813	0.000153509
394	0.7632715	0.000147553
395	0.7666214	0.00014197
396	0.7699385	0.000136591
397	0.7732234	0.000131406
398	0.7764762	0.00012641
399	0.7796959	0.000121595
400	0.7828323	0.000117012
401	0.7849181	0.000113716
402	0.7869802	0.000110522
403	0.7890185	0.000107425
404	0.7910338	0.000104424
405	0.7930264	0.000101515
406	0.7949957	9.86943e-05
407	0.7968864	9.6048e-05
408	0.798698	9.35689e-05
409	0.8004889	9.1161e-05
410	0.8022588	8.8822e-05
411	0.8040086	8.65499e-05
412	0.8057384	8.43426e-05
413	0.8074482	8.2198e-05
414	0.8096132	7.97724e-05
415	0.8119424	7.72885e-05
416	0.814247	7.48824e-05
417	0.8165262	7.25516e-05
418	0.8187812	7.02937e-05
419	0.821012	6.81065e-05
420	0.8232186	6.59876e-05
421	0.8253684	6.40373e-05
422	0.8274825	6.21846e-05
423	0.8295747	6.0385e-05
424	0.8316445	5.86368e-05
425	0.8336926	5.69386e-05
426	0.8357194	5.5289e-05
427	0.8377249	5.36864e-05
428	0.8394212	5.24005e-05
429	0.8407699	5.14526e-05
430	0.8421044	5.0524e-05
431	0.8434241	4.9614e-05
432	0.8447297	4.87224e-05
433	0.8460215	4.78488e-05
434	0.8472995	4.69927e-05
435	0.8485636	4.61537e-05
436	0.8497977	4.53584e-05
437	0.8510183	4.45795e-05
438	0.852226	4.38157e-05
439	0.8534207	4.30665e-05
440	0.854603	4.23318e-05
441	0.855773	4.16113e-05
442	0.8569305	4.09045e-05
443	0.8581606	4.01449e-05
444	0.859724	3.9134e-05
445	0.8612713	3.81486e-05
446	0.8628025	3.71882e-05
447	0.864318	3.6252e-05
448	0.865818	3.53395e-05
449	0.8673024	3.445e-05
450	0.8687715	3.35829e-05
451	0.8702358	3.27325e-05
452	0.871745	3.1873e-05
453	0.8732386	3.10356e-05
454	0.8747171	3.02197e-05
455	0.8761807	2.94246e-05
456	0.8776294	2.865e-05
457	0.8790633	2.78952e-05
458	0.8804827	2.71597e-05
459	0.8818879	2.6443e-05
460	0.8832165	2.57968e-05
461	0.8845162	2.51791e-05
462	0.8858031	2.45757e-05
463	0.8870774	2.39862e-05
464	0.888339	2.34105e-05
465	0.8895883	2.28481e-05
466	0.8908254	2.22988e-05
467	0.8920502	2.17622e-05
468	0.8932455	2.12476e-05
469	0.8943145	2.08077e-05
470	0.8953731	2.03768e-05
471	0.8964213	1.99547e-05
472	0.8974595	1.95414e-05
473	0.8984877	1.91366e-05
474	0.8995059	1.87401e-05
475	0.9005143	1.83518e-05
476	0.9015131	1.79715e-05
477	0.902466	1.76159e-05
478	0.9031758	1.73757e-05
479	0.9038789	1.71392e-05
480	0.9045753	1.69064e-05
481	0.9052651	1.66771e-05
482	0.9059482	1.64514e-05
483	0.9066249	1.62291e-05
484	0.9072952	1.60103e-05
485	0.9079592	1.57948e-05
486	0.9086169	1.55825e-05
487	0.9091972	1.53982e-05
488	0.9097523	1.52233e-05
489	0.9103022	1.50508e-05
490	0.9108469	1.48806e-05
491	0.9113865	1.47129e-05
492	0.911921	1.45475e-05
493	0.9124505	1.43843e-05
494	0.9129752	1.42234e-05
495	0.9134949	1.40647e-05
496	0.9140113	1.39064e-05
497	0.9145464	1.37207e-05
498	0.9150764	1.3538e-05
499	0.9156013	1.33582e-05
500	0.9161213	1.31814e-05
501	0.9166364	1.30074e-05
502	0.9171467	1.28361e-05
503	0.9176521	1.26677e-05
504	0.9181529	1.25019e-05
505	0.918649	1.23387e-05
506	0.9191405	1.21782e-05
507	0.9196165	1.20265e-05
508	0.9200874	1.18776e-05
509	0.9205541	1.17309e-05
510	0.9210165	1.15865e-05
511	0.9214746	1.14443e-05
512	0.9219287	1.13042e-05
513	0.9223787	1.11662e-05
514	0.9228245	1.10303e-05
515	0.9232665	1.08964e-05
516	0.9237044	1.07646e-05
517	0.924124	1.06469e-05
518	0.9245178	1.05494e-05
519	0.9249084	1.04531e-05
520	0.9252957	1.03579e-05
521	0.9256797	1.02638e-05
522	0.9260604	1.01708e-05
523	0.9264381	1.00789e-05
524	0.9268126	9.988e-06
525	0.9271839	9.8982e-06
526	0.9275523	9.80944e-06
527	0.9279176	9.72171e-06
528	0.928296	9.6322e-06
529	0.928695	9.53965e-06
530	0.9290908	9.44818e-06
531	0.9294834	9.35777e-06
532	0.9298729	9.2684e-06
533	0.9302593	9.18007e-06
534	0.9306427	9.09276e-06
535	0.931023	9.00645e-06
536	0.9314003	8.92113e-06
537	0.9317747	8.83679e-06
538	0.9321461	8.75342e-06
539	0.9325146	8.671e-06
540	0.9330158	8.54986e-06
541	0.9335225	8.42769e-06
542	0.9340253	8.30731e-06
543	0.9345241	8.18868e-06
544	0.9350191	8.07177e-06
545	0.9355102	7.95657e-06
546	0.9359974	7.84303e-06
547	0.9364809	7.73114e-06
548	0.9369607	7.62087e-06
549	0.9374368	7.5122e-06
550	0.9379091	7.40509e-06
551	0.9383779	7.29953e-06
552	0.938826	7.20029e-06
553	0.9392698	7.10265e-06
554	0.9397103	7.00637e-06
555	0.9401474	6.91142e-06
556	0.9405813	6.8178e-06
557	0.9410118	6.72548e-06
558	0.9414391	6.63443e-06
559	0.9418631	6.54465e-06
560	0.942284	6.4561e-06
561	0.9427017	6.36878e-06
562	0.9431163	6.28266e-06
563	0.9435278	6.19773e-06
564	0.9438796	6.12749e-06
565	0.9441545	6.07582e-06
566	0.9444274	6.02469e-06
567	0.9446982	5.9741e-06
568	0.9449671	5.92404e-06
569	0.9452341	5.87451e-06
570	0.9454992	5.8255e-06
571	0.9457623	5.77699e-06
572	0.9460235	5.72899e-06
573	0.9462829	5.68149e-06
574	0.9465405	5.63448e-06
575	0.9467962	5.58796e-06
576	0.9470501	5.54192e-06
577	0.9472779	5.502e-06
578	0.9474537	5.47413e-06
579	0.9476283	5.44648e-06
580	0.9478018	5.41904e-06
581	0.9479741	5.39182e-06
582	0.9481452	5.36481e-06
583	0.9483152	5.33801e-06
584	0.948484	5.31142e-06
585	0.9486517	5.28503e-06
586	0.9488183	5.25885e-06
587	0.9489838	5.23287e-06
588	0.9491483	5.20709e-06
589	0.9493116	5.18151e-06
590	0.9494739	5.15612e-06
591	0.9495871	5.14252e-06
592	0.9496671	5.13687e-06
593	0.9497466	5.13122e-06
594	0.9498256	5.12557e-06
595	0.9499042	5.11993e-06
596	0.9499824	5.1143e-06
597	0.9500601	5.10866e-06
598	0.9501374	5.10304e-06
599	0.9502142	5.09742e-06
600	0.9502906	5.0918e-06
601	0.9503667	5.08619e-06
602	0.9504423	5.08058e-06
603	0.9505175	5.07498e-06
604	0.9505923	5.06938e-06
605	0.9506637	5.06417e-06
606	0.9507222	5.0605e-06
607	0.9507805	5.05683e-06
608	0.9508385	5.05314e-06
609	0.9508962	5.04944e-06
610	0.9509536	5.04572e-06
611	0.9510108	5.04199e-06
612	0.9510678	5.03825e-06
613	0.9511245	5.0345e-06
614	0.951181	5.03074e-06
615	0.9512372	5.02696e-06
616	0.9512932	5.02318e-06
617	0.9513489	5.01938e-06
618	0.9514044	5.01557e-06
619	0.9514597	5.01175e-06
620	0.9515169	5.00708e-06
621	0.9516004	4.99186e-06
622	0.9516835	4.97672e-06
623	0.9517662	4.96165e-06
624	0.9518485	4.94666e-06
625	0.9519304	4.93174e-06
626	0.952012	4.9169e-06
627	0.9520931	4.90213e-06
628	0.9521739	4.88743e-06
629	0.9522543	4.87281e-06
630	0.9523343	4.85826e-06
631	0.952414	4.84378e-06
632	0.9524933	4.82938e-06
633	0.9525723	4.81504e-06
634	0.9526508	4.80078e-06
635	0.9527291	4.78659e-06
636	0.9528127	4.7712e-06
637	0.9529219	4.75013e-06
638	0.9530307	4.72921e-06
639	0.9531388	4.70844e-06
640	0.9532463	4.68782e-06
641	0.9533534	4.66734e-06
642	0.9534598	4.64701e-06
643	0.9535658	4.62681e-06
644	0.9536711	4.60676e-06
645	0.953776	4.58685e-06
646	0.9538803	4.56708e-06
647	0.9539841	4.54745e-06
648	0.9540874	4.52795e-06
649	0.9541902	4.50859e-06
650	0.9542924	4.48936e-06
651	0.9543941	4.47026e-06
652	0.9544954	4.4513e-06
653	0.9546256	4.42762e-06
654	0.9547915	4.39816e-06
655	0.9549564	4.36896e-06
656	0.9551205	4.34001e-06
657	0.9552836	4.31132e-06
658	0.9554457	4.28289e-06
659	0.955607	4.2547e-06
660	0.9557674	4.22676e-06
661	0.9559269	4.19907e-06
662	0.9560855	4.17161e-06
663	0.9562432	4.1444e-06
664	0.9564001	4.11742e-06
665	0.9565561	4.09068e-06
666	0.9567112	4.06417e-06
667	0.9568655	4.03789e-06
668	0.9570189	4.01184e-06
669	0.9571715	3.98601e-06
670	0.9573232	3.9604e-06
671	0.9574727	3.93636e-06
672	0.9576209	3.91283e-06
673	0.9577684	3.88949e-06
674	0.9579152	3.86633e-06
675	0.9580611	3.84336e-06
676	0.9582063	3.82058e-06
677	0.9583507	3.79798e-06
678	0.9584943	3.77555e-06
679	0.9586372	3.75331e-06
680	0.9587793	3.73124e-06
681	0.9589207	3.70934e-06
682	0.9590613	3.68762e-06
683	0.9592012	3.66607e-06
684	0.9593404	3.64469e-06
685	0.9594788	3.62348e-06
686	0.9596165	3.60243e-06
687	0.9597535	3.58155e-06
688	0.9598898	3.56083e-06
689	0.9600123	3.54294e-06
690	0.9600795	3.53628e-06
691	0.9601465	3.52964e-06
692	0.9602132	3.52303e-06
693	0.9602797	3.51645e-06
694	0.9603458	3.50989e-06
695	0.9604117	3.50336e-06
696	0.9604774	3.49686e-06
697	0.9605428	3.49038e-06
698	0.9606079	3.48393e-06
699	0.9606728	3.4775e-06
700	0.9607374	3.4711e-06
701	0.9608018	3.46473e-06
702	0.960866	3.45838e-06
703	0.9609298	3.45206e-06
704	0.9609935	3.44576e-06
705	0.9610569	3.43948e-06
706	0.9611201	3.43323e-06
707	0.961183	3.42701e-06
708	0.9612457	3.42081e-06
709	0.9613133	3.41391e-06
710	0.9613856	3.40635e-06
711	0.9614575	3.39882e-06
712	0.9615292	3.39133e-06
713	0.9616006	3.38387e-06
714	0.9616717	3.37644e-06
715	0.9617425	3.36905e-06
716	0.961813	3.36169e-06
717	0.9618833	3.35436e-06
718	0.9619532	3.34707e-06
719	0.9620229	3.33981e-06
720	0.9620924	3.33258e-06
721	0.9621615	3.32538e-06
722	0.9622304	3.31821e-06
723	0.962299	3.31108e-06
724	0.9623674	3.30398e-06
725	0.9624355	3.2969e-06
726	0.9625033	3.28986e-06
727	0.9625709	3.28285e-06
728	0.9626382	3.27587e-06
729	0.9627052	3.26893e-06
730	0.9628189	3.25362e-06
731	0.9629544	3.2344e-06
732	0.9630893	3.21532e-06
733	0.9632235	3.19637e-06
734	0.9633571	3.17756e-06
735	0.96349	3.15889e-06
736	0.9636224	3.14035e-06
737	0.9637541	3.12195e-06
738	0.9638851	3.10367e-06
739	0.9640156	3.08553e-06
740	0.9641454	3.06752e-06
741	0.9642746	3.04963e-06
742	0.9644032	3.03187e-06
743	0.9645313	3.01424e-06
744	0.9646587	2.99673e-06
745	0.9647855	2.97935e-06
746	0.9649117	2.96209e-06
747	0.9650373	2.94495e-06
748	0.9651623	2.92793e-06
749	0.9652868	2.91103e-06
750	0.9654107	2.89425e-06
751	0.965534	2.87759e-06
752	0.9656611	2.86004e-06
753	0.965791	2.8419e-06
754	0.9659202	2.82388e-06
755	0.9660488	2.806e-06
756	0.9661768	2.78826e-06
757	0.9663042	2.77064e-06
758	0.966431	2.75316e-06
759	0.9665571	2.73581e-06
760	0.9666827	2.71859e-06
761	0.9668078	2.70149e-06
762	0.9669322	2.68453e-06
763	0.967056	2.66768e-06
764	0.9671793	2.65097e-06
765	0.967302	2.63437e-06
766	0.9674241	2.6179e-06
767	0.9675457	2.60155e-06
768	0.9676666	2.58532e-06
769	0.9677871	2.56921e-06
770	0.9679069	2.55321e-06
771	0.9680262	2.53734e-06
772	0.968145	2.52158e-06
773	0.9682632	2.50593e-06
774	0.9683809	2.4904e-06
775	0.9684962	2.47519e-06
776	0.9685927	2.46217e-06
777	0.9686887	2.44924e-06
778	0.9687843	2.43639e-06
779	0.9688795	2.42364e-06
780	0.9689743	2.41098e-06
781	0.9690687	2.3984e-06
782	0.9691626	2.38591e-06
783	0.9692561	2.37351e-06
784	0.9693492	2.3612e-06
785	0.9694419	2.34896e-06
786	0.9695342	2.33682e-06
787	0.9696261	2.32475e-06
788	0.9697176	2.31277e-06
789	0.9698086	2.30088e-06
790	0.9698993	2.28906e-06
791	0.9699896	2.27732e-06
792	0.9700795	2.26567e-06
793	0.9701689	2.25409e-06
794	0.970258	2.2426e-06
795	0.9703467	2.23118e-06
796	0.9704351	2.21983e-06
797	0.970523	2.20857e-06
798	0.9706106	2.19738e-06
799	0.9706977	2.18627e-06
800	0.9707766	2.17844e-06
801	0.9707803	2.20113e-06
802	0.970784	2.22399e-06
803	0.9707876	2.24703e-06
804	0.9707913	2.27025e-06
805	0.9707949	2.29366e-06
806	0.9707985	2.31724e-06
807	0.970802	2.34101e-06
808	0.9708056	2.36497e-06
809	0.9708091	2.3891e-06
810	0.9708125	2.41343e-06
811	0.970816	2.43794e-06
812	0.9708194	2.46264e-06
813	0.9708229	2.48753e-06
814	0.9708263	2.5126e-06
815	0.9708296	2.53787e-06
816	0.970833	2.56333e-06
817	0.9708363	2.58898e-06
818	0.9708396	2.61482e-06
819	0.9708429	2.64086e-06
820	0.9708461	2.6671e-06
821	0.9708494	2.69352e-06
822	0.9708526	2.72015e-06
823	0.9708558	2.74697e-06
824	0.970859	2.77399e-06
825	0.9708621	2.80122e-06
826	0.9708653	2.82864e-06
827	0.9708684	2.85626e-06
828	0.9708715	2.88408e-06
829	0.9708745	2.91211e-06
830	0.9708776	2.94034e-06
831	0.9708806	2.96878e-06
832	0.9708836	2.99742e-06
833	0.9708866	3.02627e-06
834	0.9708896	3.05533e-06
835	0.9708926	3.08459e-06
836	0.9708955	3.11406e-06
837	0.9708984	3.14375e-06
838	0.9709013	3.17364e-06
839	0.9709042	3.20375e-06
840	0.970907	3.23407e-06
841	0.9709099	3.26461e-06
842	0.9709127	3.29536e-06
843	0.9709155	3.32632e-06
844	0.9709183	3.3575e-06
845	0.9709211	3.3889e-06
846	0.9709238	3.42052e-06
847	0.9709266	3.45235e-06
848	0.9709293	3.48441e-06
849	0.970932	3.51669e-06
850	0.9709347	3.54919e-06
851	0.9709373	3.58191e-06
852	0.97094	3.61486e-06
853	0.9709426	3.64803e-06
854	0.9709453	3.68143e-06
855	0.9709479	3.71505e-06
856	0.9709504	3.74891e-06
857	0.970953	3.78299e-06
858	0.9709556	3.8173e-06
859	0.9709581	3.85184e-06
860	0.9709606	3.88661e-06
861	0.9709631	3.92161e-06
862	0.9709656	3.95685e-06
863	0.9709681	3.99232e-06
864	0.9709706	4.02802e-06
865	0.970973	4.06396e-06
866	0.9709754	4.10014e-06
867	0.9709779	4.13656e-06
868	0.9709803	4.17321e-06
869	0.9709826	4.2101e-06
870	0.970985	4.24724e-06
871	0.9709874	4.28461e-06
872	0.9709897	4.32223e-06
873	0.970992	4.36009e-06
874	0.9709944	4.39819e-06
875	0.9709967	4.43654e-06
876	0.9709989	4.47513e-06
877	0.9710012	4.51397e-06
878	0.9710035	4.55306e-06
879	0.9710057	4.5924e-06
880	0.9710077	4.63198e-06
881	0.9710094	4.6718e-06
882	0.9710111	4.71187e-06
883	0.9710128	4.7522e-06
884	0.9710145	4.79278e-06
885	0.9710161	4.83361e-06
886	0.9710178	4.87469e-06
887	0.9710194	4.91603e-06
888	0.9710211	4.95763e-06
889	0.9710227	4.99949e-06
890	0.9710243	5.0416e-06
891	0.9710259	5.08397e-06
892	0.9710274	5.12661e-06
893	0.971029	5.1695e-06
894	0.9710306	5.21266e-06
895	0.9710321	5.25608e-06
896	0.9710337	5.29976e-06
897	0.9710352	5.34371e-06
898	0.9710367	5.38792e-06
899	0.9710382	5.4324e-06
900	0.9710396	5.47715e-06
901	0.9710398	5.52223e-06
902	0.9710401	5.56757e-06
903	0.9710404	5.61318e-06
904	0.9710406	5.65907e-06
905	0.9710409	5.70523e-06
906	0.9710412	5.75166e-06
907	0.9710414	5.79837e-06
908	0.9710417	5.84535e-06
909	0.971042	5.8926e-06
910	0.9710422	5.94014e-06
911	0.9710425	5.98795e-06
912	0.9710427	6.03604e-06
913	0.971043	6.08441e-06
914	0.9710433	6.13306e-06
915	0.9710435	6.18199e-06
916	0.9710438	6.23121e-06
917	0.971044	6.28071e-06
918	0.9710443	6.33049e-06
919	0.9710446	6.38055e-06
920	0.9710448	6.43091e-06
921	0.9710451	6.48155e-06
922	0.9710453	6.53247e-06
923	0.9710456	6.58369e-06
924	0.9710458	6.63519e-06
925	0.9710461	6.68699e-06
926	0.9710463	6.73907e-06
927	0.9710466	6.79145e-06
928	0.9710468	6.84412e-06
929	0.9710471	6.89709e-06
930	0.9710473	6.95035e-06
931	0.9710476	7.0039e-06
932	0.9710478	7.05775e-06
933	0.9710481	7.1119e-06
934	0.9710483	7.16635e-06
935	0.9710486	7.22109e-06
936	0.9710488	7.27614e-06
937	0.9710491	7.33149e-06
938	0.9710493	7.38713e-06
939	0.9710495	7.44309e-06
940	0.9710498	7.49934e-06
941	0.97105	7.5559e-06
942	0.9710503	7.61276e-06
943	0.9710505	7.66993e-06
944	0.9710508	7.72741e-06
945	0.971051	7.78519e-06
946	0.9710512	7.84328e-06
947	0.9710515	7.90168e-06
948	0.9710517	7.9604e-06
949	0.9710519	8.01942e-06
950	0.9710522	8.07875e-06
951	0.9710524	8.1384e-06
952	0.9710527	8.19836e-06
953	0.9710529	8.25864e-06
954	0.9710531	8.31923e-06
955	0.9710534	8.38014e-06
956	0.9710536	8.44137e-06
957	0.9710538	8.50291e-06
958	0.9710541	8.56477e-06
959	0.9710543	8.62695e-06
960	0.9710545	8.68945e-06
961	0.9710548	8.75228e-06
962	0.971055	8.81542e-06
963	0.9710552	8.87889e-06
964	0.9710554	8.94268e-06
965	0.9710557	9.0068e-06
966	0.9710559	9.07124e-06
967	0.9710561	9.13601e-06
968	0.9710563	9.20111e-06
969	0.9710566	9.26653e-06
970	0.9710568	9.33229e-06
971	0.971057	9.39837e-06
972	0.9710572	9.46478e-06
973	0.9710575	9.53153e-06
974	0.9710577	9.5986e-06
975	0.9710579	9.66601e-06
976	0.9710581	9.73376e-06
977	0.9710584	9.80183e-06
978	0.9710586	9.87025e-06
979	0.9710588	9.939e-06
980	0.971059	1.00081e-05
981	0.9710592	1.00775e-05
982	0.9710595	1.01473e-05
983	0.9710597	1.02174e-05
984	0.9710599	1.02878e-05
985	0.9710601	1.03586e-05
986	0.9710603	1.04297e-05
987	0.9710605	1.05012e-05
988	0.9710608	1.0573e-05
989	0.971061	1.06452e-05
990	0.9710612	1.07177e-05
991	0.9710614	1.07905e-05
992	0.9710616	1.08637e-05
993	0.9710618	1.09373e-05
994	0.971062	1.10112e-05
995	0.9710622	1.10854e-05
996	0.9710625	1.116e-05
997	0.9710627	1.12349e-05
998	0.9710629	1.13102e-05
999	0.9710631	1.13859e-05
aoi	15	
380	0.7176675	0.000228628
381	0.7187094	0.000232407
382	0.7210257	0.000229672
383	0.7245676	0.000220844
384	0.7280764	0.000212356
385	0.7315512	0.000204197
386	0.7349931	0.000196353
387	0.738402	0.000188812
388	0.7419782	0.000181544
389	0.7456881	0.000174527
390	0.7493651	0.000167765
391	0.7530091	0.000161249
392	0.756619	0.00015497
393	0.7601959	0.00014892
394	0.7636697	0.000143193
395	0.7670038	0.000137824
396	0.7703054	0.000132647
397	0.7735752	0.000127655
398	0.7768131	0.000122843
399	0.7800184	0.000118202
400	0.7831407	0.000113785
401	0.7852146	0.000110617
402	0.7872651	0.000107545
403	0.789292	0.000104566
404	0.7912963	0.000101677
405	0.793278	9.88757e-05
406	0.7952367	9.61585e-05
407	0.7971173	9.36085e-05
408	0.7989191	9.12193e-05
409	0.8007004	8.88977e-05
410	0.8024609	8.66415e-05
411	0.8042016	8.44489e-05
412	0.8059225	8.23179e-05
413	0.8076235	8.02467e-05
414	0.8097793	7.78984e-05
415	0.8120992	7.54913e-05
416	0.8143946	7.31588e-05
417	0.816665	7.08985e-05
418	0.8189112	6.87081e-05
419	0.8211336	6.65856e-05
420	0.8233319	6.45287e-05
421	0.8254738	6.2635e-05
422	0.8275803	6.08356e-05
423	0.829665	5.90871e-05
424	0.8317276	5.73882e-05
425	0.8337687	5.57373e-05
426	0.8357885	5.41331e-05
427	0.8377873	5.25743e-05
428	0.8394775	5.13245e-05
429	0.8408213	5.04049e-05
430	0.8421507	4.95037e-05
431	0.8434657	4.86204e-05
432	0.8447666	4.77547e-05
433	0.8460537	4.69062e-05
434	0.8473273	4.60745e-05
435	0.8485869	4.52593e-05
436	0.8498168	4.44865e-05
437	0.8510333	4.37294e-05
438	0.8522369	4.29867e-05
439	0.8534277	4.22582e-05
440	0.8546061	4.15436e-05
441	0.8557724	4.08425e-05
442	0.8569262	4.01547e-05
443	0.8581525	3.94149e-05
444	0.8597116	3.84283e-05
445	0.8612546	3.74664e-05
446	0.8627817	3.65287e-05
447	0.8642931	3.56144e-05
448	0.8657892	3.47231e-05
449	0.8672698	3.3854e-05
450	0.8687352	3.30067e-05
451	0.8701958	3.21754e-05
452	0.8717014	3.1335e-05
453	0.8731914	3.05159e-05
454	0.8746665	2.97177e-05
455	0.8761268	2.89398e-05
456	0.8775722	2.81817e-05
457	0.8790029	2.74429e-05
458	0.8804193	2.67228e-05
459	0.8818214	2.6021e-05
460	0.8831472	2.53883e-05
461	0.8844443	2.47833e-05
462	0.8857286	2.41923e-05
463	0.8870004	2.36149e-05
464	0.8882595	2.30507e-05
465	0.8895064	2.24996e-05
466	0.8907412	2.19612e-05
467	0.8919638	2.14351e-05
468	0.893157	2.09307e-05
469	0.8942241	2.04994e-05
470	0.8952809	2.00771e-05
471	0.8963273	1.96633e-05
472	0.8973638	1.92581e-05
473	0.8983903	1.88611e-05
474	0.8994069	1.84722e-05
475	0.9004137	1.80912e-05
476	0.901411	1.77181e-05
477	0.9023625	1.73692e-05
478	0.9030713	1.7134e-05
479	0.9037734	1.69023e-05
480	0.9044688	1.66742e-05
481	0.9051576	1.64496e-05
482	0.9058399	1.62284e-05
483	0.9065157	1.60106e-05
484	0.9071852	1.57961e-05
485	0.9078484	1.55848e-05
486	0.9085053	1.53768e-05
487	0.9090849	1.51962e-05
488	0.9096395	1.50248e-05
489	0.9101888	1.48558e-05
490	0.9107329	1.46891e-05
491	0.911272	1.45247e-05
492	0.911806	1.43626e-05
493	0.912335	1.42027e-05
494	0.9128592	1.4045e-05
495	0.9133785	1.38894e-05
496	0.9138944	1.37341e-05
497	0.914429	1.35519e-05
498	0.9149585	1.33725e-05
499	0.915483	1.31961e-05
500	0.9160025	1.30225e-05
501	0.9165172	1.28516e-05
502	0.9170272	1.26835e-05
503	0.9175322	1.2518e-05
504	0.9180326	1.23552e-05
505	0.9185284	1.21949e-05
506	0.9190196	1.20372e-05
507	0.9194953	1.18882e-05
508	0.919966	1.17419e-05
509	0.9204324	1.15978e-05
510	0.9208946	1.14559e-05
511	0.9213525	1.13161e-05
512	0.9218064	1.11784e-05
513	0.9222563	1.10427e-05
514	0.922702	1.09091e-05
515	0.9231438	1.07775e-05
516	0.9235816	1.06478e-05
517	0.9240011	1.05322e-05
518	0.924395	1.04364e-05
519	0.9247856	1.03417e-05
520	0.9251729	1.02482e-05
521	0.9255569	1.01557e-05
522	0.9259378	1.00643e-05
523	0.9263155	9.97392e-06
524	0.9266901	9.88461e-06
525	0.9270615	9.79633e-06
526	0.92743	9.70906e-06
527	0.9277954	9.62279e-06
528	0.9281738	9.53474e-06
529	0.9285729	9.44366e-06
530	0.9289689	9.35363e-06
531	0.9293616	9.26464e-06
532	0.9297512	9.17667e-06
533	0.9301378	9.08971e-06
534	0.9305213	9.00374e-06
535	0.9309018	8.91876e-06
536	0.9312793	8.83474e-06
537	0.9316538	8.75169e-06
538	0.9320255	8.66957e-06
539	0.9323942	8.58839e-06
540	0.9328954	8.46886e-06
541	0.9334023	8.34829e-06
542	0.9339051	8.22948e-06
543	0.9344041	8.11238e-06
544	0.9348992	7.99698e-06
545	0.9353904	7.88325e-06
546	0.9358778	7.77116e-06
547	0.9363614	7.66069e-06
548	0.9368414	7.5518e-06
549	0.9373176	7.44449e-06
550	0.9377901	7.33871e-06
551	0.9382591	7.23446e-06
552	0.9387074	7.13644e-06
553	0.9391514	7.04001e-06
554	0.9395921	6.94491e-06
555	0.9400295	6.85112e-06
556	0.9404635	6.75864e-06
557	0.9408943	6.66743e-06
558	0.9413218	6.57747e-06
559	0.9417461	6.48876e-06
560	0.9421672	6.40126e-06
561	0.9425852	6.31497e-06
562	0.9430001	6.22986e-06
563	0.9434118	6.14592e-06
564	0.9437639	6.07653e-06
565	0.9440392	6.02555e-06
566	0.9443124	5.9751e-06
567	0.9445836	5.92518e-06
568	0.9448529	5.87578e-06
569	0.9451202	5.82689e-06
570	0.9453856	5.77852e-06
571	0.9456491	5.73064e-06
572	0.9459107	5.68326e-06
573	0.9461705	5.63636e-06
574	0.9464284	5.58996e-06
575	0.9466845	5.54402e-06
576	0.9469388	5.49856e-06
577	0.9471669	5.45917e-06
578	0.9473432	5.43173e-06
579	0.9475182	5.4045e-06
580	0.9476921	5.37748e-06
581	0.9478648	5.35066e-06
582	0.9480363	5.32406e-06
583	0.9482067	5.29766e-06
584	0.9483759	5.27147e-06
585	0.948544	5.24547e-06
586	0.948711	5.21967e-06
587	0.948877	5.19408e-06
588	0.9490418	5.16867e-06
589	0.9492056	5.14346e-06
590	0.9493682	5.11844e-06
591	0.9494819	5.10512e-06
592	0.9495623	5.09967e-06
593	0.9496423	5.09424e-06
594	0.9497217	5.0888e-06
595	0.9498008	5.08337e-06
596	0.9498794	5.07794e-06
597	0.9499575	5.07251e-06
598	0.9500352	5.06709e-06
599	0.9501125	5.06167e-06
600	0.9501894	5.05625e-06
601	0.9502658	5.05084e-06
602	0.9503419	5.04543e-06
603	0.9504175	5.04002e-06
604	0.9504927	5.03462e-06
605	0.9505646	5.0296e-06
606	0.9506235	5.02612e-06
607	0.9506822	5.02262e-06
608	0.9507406	5.01912e-06
609	0.9507987	5.01559e-06
610	0.9508566	5.01205e-06
611	0.9509142	5.0085e-06
612	0.9509716	5.00494e-06
613	0.9510287	5.00136e-06
614	0.9510856	4.99777e-06
615	0.9511422	4.99417e-06
616	0.9511986	4.99055e-06
617	0.9512548	4.98692e-06
618	0.9513107	4.98329e-06
619	0.9513663	4.97963e-06
620	0.9514239	4.97513e-06
621	0.9515078	4.96016e-06
622	0.9515913	4.94527e-06
623	0.9516743	4.93044e-06
624	0.951757	4.9157e-06
625	0.9518393	4.90102e-06
626	0.9519212	4.88641e-06
627	0.9520027	4.87188e-06
628	0.9520839	4.85742e-06
629	0.9521646	4.84303e-06
630	0.952245	4.82871e-06
631	0.9523251	4.81446e-06
632	0.9524047	4.80028e-06
633	0.952484	4.78616e-06
634	0.952563	4.77212e-06
635	0.9526416	4.75815e-06
636	0.9527255	4.74299e-06
637	0.9528351	4.72218e-06
638	0.9529442	4.70151e-06
639	0.9530527	4.68099e-06
640	0.9531606	4.66062e-06
641	0.9532679	4.64038e-06
642	0.9533747	4.62029e-06
643	0.953481	4.60034e-06
644	0.9535867	4.58053e-06
645	0.9536919	4.56085e-06
646	0.9537966	4.54131e-06
647	0.9539007	4.52191e-06
648	0.9540043	4.50264e-06
649	0.9541074	4.4835e-06
650	0.95421	4.4645e-06
651	0.9543121	4.44562e-06
652	0.9544136	4.42688e-06
653	0.9545442	4.40344e-06
654	0.9547104	4.37424e-06
655	0.9548757	4.34531e-06
656	0.95504	4.31662e-06
657	0.9552035	4.28819e-06
658	0.955366	4.26001e-06
659	0.9555276	4.23208e-06
660	0.9556883	4.20439e-06
661	0.9558481	4.17694e-06
662	0.956007	4.14973e-06
663	0.9561651	4.12276e-06
664	0.9563222	4.09601e-06
665	0.9564785	4.06951e-06
666	0.956634	4.04323e-06
667	0.9567886	4.01717e-06
668	0.9569423	3.99134e-06
669	0.9570952	3.96573e-06
670	0.9572472	3.94034e-06
671	0.957397	3.91651e-06
672	0.9575456	3.89318e-06
673	0.9576934	3.87004e-06
674	0.9578404	3.84709e-06
675	0.9579867	3.82432e-06
676	0.9581321	3.80172e-06
677	0.9582769	3.77931e-06
678	0.9584208	3.75708e-06
679	0.958564	3.73502e-06
680	0.9587064	3.71313e-06
681	0.9588481	3.69142e-06
682	0.958989	3.66988e-06
683	0.9591292	3.64851e-06
684	0.9592687	3.6273e-06
685	0.9594074	3.60626e-06
686	0.9595454	3.58539e-06
687	0.9596827	3.56468e-06
688	0.9598194	3.54412e-06
689	0.9599421	3.52639e-06
690	0.9600096	3.51982e-06
691	0.9600769	3.51328e-06
692	0.9601439	3.50677e-06
693	0.9602106	3.50028e-06
694	0.9602771	3.49381e-06
695	0.9603433	3.48738e-06
696	0.9604092	3.48096e-06
697	0.9604749	3.47458e-06
698	0.9605403	3.46822e-06
699	0.9606055	3.46188e-06
700	0.9606704	3.45557e-06
701	0.9607351	3.44928e-06
702	0.9607995	3.44302e-06
703	0.9608637	3.43679e-06
704	0.9609276	3.43057e-06
705	0.9609913	3.42439e-06
706	0.9610547	3.41822e-06
707	0.9611179	3.41209e-06
708	0.9611808	3.40597e-06
709	0.9612487	3.39915e-06
710	0.9613213	3.39168e-06
711	0.9613935	3.38424e-06
712	0.9614654	3.37684e-06
713	0.9615371	3.36946e-06
714	0.9616084	3.36213e-06
715	0.9616795	3.35482e-06
716	0.9617503	3.34754e-06
717	0.9618208	3.3403e-06
718	0.961891	3.33309e-06
719	0.961961	3.32591e-06
720	0.9620307	3.31876e-06
721	0.9621001	3.31165e-06
722	0.9621692	3.30456e-06
723	0.9622381	3.29751e-06
724	0.9623067	3.29048e-06
725	0.9623751	3.28349e-06
726	0.9624431	3.27653e-06
727	0.9625109	3.2696e-06
728	0.9625785	3.2627e-06
729	0.9626458	3.25583e-06
730	0.9627596	3.24063e-06
731	0.9628954	3.22153e-06
732	0.9630305	3.20258e-06
733	0.963165	3.18376e-06
734	0.9632989	3.16507e-06
735	0.9634321	3.14652e-06
736	0.9635646	3.1281e-06
737	0.9636966	3.10981e-06
738	0.9638279	3.09166e-06
739	0.9639586	3.07363e-06
740	0.9640886	3.05573e-06
741	0.9642181	3.03796e-06
742	0.9643469	3.02031e-06
743	0.9644752	3.00279e-06
744	0.9646028	2.98539e-06
745	0.9647299	2.96811e-06
746	0.9648563	2.95096e-06
747	0.9649822	2.93393e-06
748	0.9651074	2.91701e-06
749	0.9652321	2.90022e-06
750	0.9653562	2.88354e-06
751	0.9654798	2.86698e-06
752	0.9656071	2.84954e-06
753	0.9657372	2.8315e-06
754	0.9658666	2.81359e-06
755	0.9659955	2.79581e-06
756	0.9661237	2.77817e-06
757	0.9662513	2.76066e-06
758	0.9663783	2.74328e-06
759	0.9665047	2.72603e-06
760	0.9666305	2.7089e-06
761	0.9667558	2.69191e-06
762	0.9668804	2.67503e-06
763	0.9670045	2.65829e-06
764	0.967128	2.64166e-06
765	0.9672509	2.62516e-06
766	0.9673732	2.60878e-06
767	0.967495	2.59252e-06
768	0.9676162	2.57638e-06
769	0.9677368	2.56036e-06
770	0.9678569	2.54445e-06
771	0.9679764	2.52866e-06
772	0.9680954	2.51299e-06
773	0.9682138	2.49743e-06
774	0.9683317	2.48198e-06
775	0.9684471	2.46686e-06
776	0.9685438	2.45391e-06
777	0.9686401	2.44105e-06
778	0.9687359	2.42828e-06
779	0.9688313	2.4156e-06
780	0.9689263	2.40301e-06
781	0.9690209	2.3905e-06
782	0.969115	2.37809e-06
783	0.9692087	2.36575e-06
784	0.969302	2.35351e-06
785	0.9693949	2.34135e-06
786	0.9694874	2.32927e-06
787	0.9695794	2.31727e-06
788	0.9696711	2.30536e-06
789	0.9697624	2.29352e-06
790	0.9698532	2.28177e-06
791	0.9699437	2.2701e-06
792	0.9700337	2.25851e-06
793	0.9701234	2.247e-06
794	0.9702127	2.23556e-06
795	0.9703016	2.2242e-06
796	0.9703901	2.21292e-06
797	0.9704782	2.20172e-06
798	0.9705659	2.19059e-06
799	0.9706533	2.17954e-06
800	0.9707324	2.17176e-06
801	0.9707362	2.19437e-06
802	0.9707401	2.21717e-06
803	0.9707439	2.24014e-06
804	0.9707478	2.26329e-06
805	0.9707515	2.28663e-06
806	0.9707553	2.31014e-06
807	0.970759	2.33384e-06
808	0.9707628	2.35773e-06
809	0.9707664	2.38179e-06
810	0.9707701	2.40605e-06
811	0.9707737	2.43048e-06
812	0.9707773	2.45511e-06
813	0.9707809	2.47992e-06
814	0.9707845	2.50493e-06
815	0.970788	2.53012e-06
816	0.9707915	2.5555e-06
817	0.970795	2.58108e-06
818	0.9707985	2.60684e-06
819	0.970802	2.63281e-06
820	0.9708054	2.65896e-06
821	0.9708088	2.68531e-06
822	0.9708122	2.71186e-06
823	0.9708155	2.7386e-06
824	0.9708188	2.76554e-06
825	0.9708222	2.79268e-06
826	0.9708255	2.82002e-06
827	0.9708287	2.84756e-06
828	0.970832	2.87531e-06
829	0.9708352	2.90325e-06
830	0.9708384	2.9314e-06
831	0.9708416	2.95975e-06
832	0.9708447	2.98831e-06
833	0.9708479	3.01707e-06
834	0.970851	3.04604e-06
835	0.9708541	3.07522e-06
836	0.9708572	3.10461e-06
837	0.9708603	3.1342e-06
838	0.9708633	3.16401e-06
839	0.9708663	3.19403e-06
840	0.9708693	3.22426e-06
841	0.9708723	3.2547e-06
842	0.9708753	3.28536e-06
843	0.9708782	3.31624e-06
844	0.9708812	3.34733e-06
845	0.9708841	3.37863e-06
846	0.970887	3.41016e-06
847	0.9708898	3.4419e-06
848	0.9708927	3.47386e-06
849	0.9708955	3.50605e-06
850	0.9708984	3.53845e-06
851	0.9709012	3.57108e-06
852	0.9709039	3.60393e-06
853	0.9709067	3.637e-06
854	0.9709095	3.6703e-06
855	0.9709122	3.70383e-06
856	0.9709149	3.73758e-06
857	0.9709176	3.77156e-06
858	0.9709203	3.80577e-06
859	0.970923	3.84021e-06
860	0.9709256	3.87487e-06
861	0.9709282	3.90977e-06
862	0.9709309	3.94491e-06
863	0.9709335	3.98027e-06
864	0.970936	4.01587e-06
865	0.9709386	4.05171e-06
866	0.9709412	4.08778e-06
867	0.9709437	4.12409e-06
868	0.9709462	4.16063e-06
869	0.9709487	4.19742e-06
870	0.9709512	4.23444e-06
871	0.9709537	4.27171e-06
872	0.9709561	4.30921e-06
873	0.9709586	4.34696e-06
874	0.970961	4.38495e-06
875	0.9709634	4.42319e-06
876	0.9709658	4.46167e-06
877	0.9709682	4.5004e-06
878	0.9709706	4.53937e-06
879	0.970973	4.57859e-06
880	0.9709751	4.61806e-06
881	0.9709769	4.65776e-06
882	0.9709787	4.69772e-06
883	0.9709805	4.73792e-06
884	0.9709822	4.77838e-06
885	0.970984	4.81909e-06
886	0.9709858	4.86006e-06
887	0.9709875	4.90128e-06
888	0.9709892	4.94275e-06
889	0.9709909	4.98449e-06
890	0.9709927	5.02648e-06
891	0.9709943	5.06872e-06
892	0.970996	5.11123e-06
893	0.9709977	5.154e-06
894	0.9709994	5.19703e-06
895	0.971001	5.24032e-06
896	0.9710026	5.28387e-06
897	0.9710043	5.32769e-06
898	0.9710059	5.37177e-06
899	0.9710075	5.41612e-06
900	0.9710089	5.46074e-06
901	0.9710092	5.50568e-06
902	0.9710095	5.55089e-06
903	0.9710098	5.59637e-06
904	0.9710101	5.64212e-06
905	0.9710103	5.68814e-06
906	0.9710106	5.73443e-06
907	0.9710109	5.781e-06
908	0.9710112	5.82784e-06
909	0.9710115	5.87496e-06
910	0.9710118	5.92235e-06
911	0.971012	5.97002e-06
912	0.9710123	6.01796e-06
913	0.9710126	6.06619e-06
914	0.9710129	6.1147e-06
915	0.9710132	6.16348e-06
916	0.9710134	6.21255e-06
917	0.9710137	6.2619e-06
918	0.971014	6.31153e-06
919	0.9710143	6.36145e-06
920	0.9710146	6.41165e-06
921	0.9710148	6.46214e-06
922	0.9710151	6.51291e-06
923	0.9710154	6.56397e-06
924	0.9710156	6.61533e-06
925	0.9710159	6.66697e-06
926	0.9710162	6.7189e-06
927	0.9710165	6.77112e-06
928	0.9710167	6.82363e-06
929	0.971017	6.87644e-06
930	0.9710173	6.92954e-06
931	0.9710175	6.98293e-06
932	0.9710178	7.03662e-06
933	0.9710181	7.09061e-06
934	0.9710183	7.14489e-06
935	0.9710186	7.19948e-06
936	0.9710189	7.25436e-06
937	0.9710191	7.30954e-06
938	0.9710194	7.36502e-06
939	0.9710197	7.4208e-06
940	0.9710199	7.47689e-06
941	0.9710202	7.53328e-06
942	0.9710204	7.58997e-06
943	0.9710207	7.64697e-06
944	0.971021	7.70428e-06
945	0.9710212	7.76189e-06
946	0.9710215	7.81981e-06
947	0.9710217	7.87803e-06
948	0.971022	7.93657e-06
949	0.9710222	7.99542e-06
950	0.9710225	8.05457e-06
951	0.9710228	8.11404e-06
952	0.971023	8.17383e-06
953	0.9710233	8.23392e-06
954	0.9710235	8.29433e-06
955	0.9710238	8.35506e-06
956	0.971024	8.4161e-06
957	0.9710243	8.47746e-06
958	0.9710245	8.53914e-06
959	0.9710248	8.60113e-06
960	0.971025	8.66345e-06
961	0.9710253	8.72609e-06
962	0.9710255	8.78904e-06
963	0.9710258	8.85232e-06
964	0.971026	8.91592e-06
965	0.9710263	8.97985e-06
966	0.9710265	9.0441e-06
967	0.9710267	9.10867e-06
968	0.971027	9.17358e-06
969	0.9710272	9.23881e-06
970	0.9710275	9.30436e-06
971	0.9710277	9.37025e-06
972	0.971028	9.43646e-06
973	0.9710282	9.50301e-06
974	0.9710284	9.56988e-06
975	0.9710287	9.63709e-06
976	0.9710289	9.70463e-06
977	0.9710292	9.77251e-06
978	0.9710294	9.84072e-06
979	0.9710296	9.90926e-06
980	0.9710299	9.97814e-06
981	0.9710301	1.00474e-05
982	0.9710303	1.01169e-05
983	0.9710306	1.01868e-05
984	0.9710308	1.0257e-05
985	0.971031	1.03276e-05
986	0.9710313	1.03985e-05
987	0.9710315	1.04698e-05
988	0.9710317	1.05414e-05
989	0.971032	1.06133e-05
990	0.9710322	1.06856e-05
991	0.9710324	1.07583e-05
992	0.9710327	1.08312e-05
993	0.9710329	1.09046e-05
994	0.9710331	1.09782e-05
995	0.9710334	1.10522e-05
996	0.9710336	1.11266e-05
997	0.9710338	1.12013e-05
998	0.971034	1.12764e-05
999	0.9710343	1.13518e-05
aoi	20	
380	0.7191394	0.000217915
381	0.7201727	0.000221528
382	0.7224617	0.000218996
383	0.7259589	0.000210708
384	0.7294239	0.000202733
385	0.7328559	0.00019506
386	0.736256	0.000187677
387	0.739624	0.000180573
388	0.7431604	0.000173714
389	0.7468315	0.000167084
390	0.7504705	0.000160689
391	0.7540773	0.000154523
392	0.7576507	0.000148577
393	0.761192	0.000142843
394	0.7646313	0.000137413
395	0.7679321	0.000132322
396	0.771201	0.000127409
397	0.7744389	0.000122669
398	0.7776457	0.000118096
399	0.7808205	0.000113684
400	0.7839132	0.000109481
401	0.785962	0.000106481
402	0.7879878	0.000103569
403	0.7899907	0.000100744
404	0.7919715	9.80027e-05
405	0.7939303	9.53423e-05
406	0.7958665	9.27604e-05
407	0.7977255	9.0337e-05
408	0.7995066	8.8066e-05
409	0.8012677	8.58579e-05
410	0.8030084	8.37108e-05
411	0.8047297	8.1623e-05
412	0.8064317	7.95929e-05
413	0.8081142	7.76185e-05
414	0.8102506	7.53728e-05
415	0.8125512	7.30678e-05
416	0.8148276	7.08331e-05
417	0.8170794	6.86666e-05
418	0.8193076	6.65662e-05
419	0.8215122	6.45299e-05
420	0.8236933	6.25557e-05
421	0.8258188	6.07376e-05
422	0.8279095	5.90093e-05
423	0.8299788	5.73293e-05
424	0.8320262	5.56962e-05
425	0.8340526	5.41087e-05
426	0.836058	5.25656e-05
427	0.8380427	5.10655e-05
428	0.8397205	4.98641e-05
429	0.8410535	4.89823e-05
430	0.8423725	4.81178e-05
431	0.8436772	4.72702e-05
432	0.844968	4.64392e-05
433	0.8462453	4.56245e-05
434	0.8475093	4.48256e-05
435	0.8487595	4.40423e-05
436	0.8499804	4.32996e-05
437	0.851188	4.25719e-05
438	0.8523829	4.18578e-05
439	0.8535653	4.1157e-05
440	0.8547355	4.04694e-05
441	0.8558936	3.97947e-05
442	0.8570395	3.91325e-05
443	0.8582578	3.84194e-05
444	0.8598078	3.74656e-05
445	0.8613419	3.65355e-05
446	0.8628602	3.56285e-05
447	0.8643631	3.47439e-05
448	0.8658509	3.38813e-05
449	0.8673234	3.30399e-05
450	0.8687809	3.22194e-05
451	0.8702338	3.14142e-05
452	0.8717317	3.05995e-05
453	0.8732143	2.98054e-05
454	0.8746821	2.90313e-05
455	0.8761352	2.82767e-05
456	0.8775737	2.75411e-05
457	0.8789977	2.6824e-05
458	0.8804075	2.61249e-05
459	0.8818032	2.54434e-05
460	0.8831231	2.4829e-05
461	0.8844144	2.42414e-05
462	0.8856932	2.36673e-05
463	0.8869595	2.31062e-05
464	0.8882134	2.25579e-05
465	0.8894552	2.20221e-05
466	0.890685	2.14985e-05
467	0.8919027	2.09869e-05
468	0.8930912	2.04962e-05
469	0.8941541	2.0077e-05
470	0.8952068	1.96662e-05
471	0.8962493	1.92638e-05
472	0.8972818	1.88695e-05
473	0.8983046	1.84832e-05
474	0.8993175	1.81047e-05
475	0.9003208	1.77339e-05
476	0.9013146	1.73705e-05
477	0.9022628	1.70309e-05
478	0.902969	1.68024e-05
479	0.9036686	1.65774e-05
480	0.9043617	1.63558e-05
481	0.9050481	1.61375e-05
482	0.905728	1.59226e-05
483	0.9064016	1.57108e-05
484	0.907069	1.55022e-05
485	0.90773	1.52968e-05
486	0.9083849	1.50944e-05
487	0.9089626	1.4919e-05
488	0.9095154	1.47525e-05
489	0.910063	1.45883e-05
490	0.9106054	1.44263e-05
491	0.9111429	1.42665e-05
492	0.9116753	1.41089e-05
493	0.9122028	1.39535e-05
494	0.9127255	1.38001e-05
495	0.9132434	1.36488e-05
496	0.9137579	1.34977e-05
497	0.914291	1.33202e-05
498	0.9148191	1.31455e-05
499	0.9153421	1.29736e-05
500	0.9158603	1.28044e-05
501	0.9163736	1.26379e-05
502	0.9168822	1.2474e-05
503	0.917386	1.23127e-05
504	0.9178852	1.21539e-05
505	0.9183798	1.19976e-05
506	0.9188699	1.18437e-05
507	0.9193446	1.16984e-05
508	0.9198143	1.15557e-05
509	0.9202797	1.14151e-05
510	0.920741	1.12766e-05
511	0.921198	1.11402e-05
512	0.9216511	1.10058e-05
513	0.9221001	1.08734e-05
514	0.922545	1.07429e-05
515	0.9229861	1.06144e-05
516	0.9234232	1.04877e-05
517	0.9238421	1.03748e-05
518	0.9242355	1.02814e-05
519	0.9246256	1.0189e-05
520	0.9250125	1.00977e-05
521	0.9253961	1.00075e-05
522	0.9257766	9.91827e-06
523	0.9261539	9.83008e-06
524	0.9265282	9.74289e-06
525	0.9268993	9.65669e-06
526	0.9272674	9.57147e-06
527	0.9276326	9.48722e-06
528	0.9280108	9.40119e-06
529	0.9284096	9.31213e-06
530	0.9288053	9.22409e-06
531	0.9291979	9.13706e-06
532	0.9295873	9.05101e-06
533	0.9299736	8.96594e-06
534	0.930357	8.88183e-06
535	0.9307373	8.79868e-06
536	0.9311147	8.71646e-06
537	0.9314892	8.63517e-06
538	0.9318607	8.55479e-06
539	0.9322293	8.47532e-06
540	0.9327304	8.358e-06
541	0.933237	8.23964e-06
542	0.9337397	8.12298e-06
543	0.9342385	8.00801e-06
544	0.9347334	7.89468e-06
545	0.9352245	7.78298e-06
546	0.9357118	7.67287e-06
547	0.9361954	7.56435e-06
548	0.9366753	7.45737e-06
549	0.9371514	7.35192e-06
550	0.937624	7.24798e-06
551	0.9380929	7.14552e-06
552	0.9385412	7.0492e-06
553	0.9389853	6.95442e-06
554	0.939426	6.86095e-06
555	0.9398634	6.76877e-06
556	0.9402976	6.67784e-06
557	0.9407284	6.58817e-06
558	0.9411561	6.49972e-06
559	0.9415805	6.41247e-06
560	0.9420017	6.32642e-06
561	0.9424199	6.24155e-06
562	0.9428349	6.15783e-06
563	0.9432468	6.07525e-06
564	0.9435992	6.00704e-06
565	0.9438747	5.95701e-06
566	0.9441482	5.90749e-06
567	0.9444197	5.85849e-06
568	0.9446893	5.81e-06
569	0.9449569	5.76201e-06
570	0.9452227	5.71451e-06
571	0.9454865	5.6675e-06
572	0.9457485	5.62097e-06
573	0.9460086	5.57492e-06
574	0.9462668	5.52934e-06
575	0.9465232	5.48422e-06
576	0.9467779	5.43956e-06
577	0.9470064	5.4009e-06
578	0.9471831	5.37404e-06
579	0.9473585	5.34739e-06
580	0.9475328	5.32095e-06
581	0.9477059	5.29471e-06
582	0.9478779	5.26866e-06
583	0.9480487	5.24282e-06
584	0.9482184	5.21717e-06
585	0.9483869	5.19172e-06
586	0.9485544	5.16646e-06
587	0.9487207	5.14139e-06
588	0.948886	5.11651e-06
589	0.9490502	5.09181e-06
590	0.9492133	5.0673e-06
591	0.9493275	5.05436e-06
592	0.9494084	5.04922e-06
593	0.9494888	5.04407e-06
594	0.9495687	5.03893e-06
595	0.9496483	5.03379e-06
596	0.9497273	5.02865e-06
597	0.949806	5.02351e-06
598	0.9498842	5.01837e-06
599	0.9499619	5.01324e-06
600	0.9500393	5.0081e-06
601	0.9501162	5.00297e-06
602	0.9501928	4.99784e-06
603	0.9502689	4.99271e-06
604	0.9503446	4.98758e-06
605	0.9504169	4.98283e-06
606	0.9504763	4.9796e-06
607	0.9505354	4.97636e-06
608	0.9505943	4.9731e-06
609	0.9506529	4.96983e-06
610	0.9507112	4.96654e-06
611	0.9507693	4.96324e-06
612	0.9508272	4.95992e-06
613	0.9508848	4.95659e-06
614	0.9509421	4.95325e-06
615	0.9509992	4.94989e-06
616	0.951056	4.94651e-06
617	0.9511126	4.94312e-06
618	0.951169	4.93972e-06
619	0.9512252	4.93631e-06
620	0.9512832	4.93205e-06
621	0.9513675	4.91743e-06
622	0.9514514	4.90288e-06
623	0.9515349	4.8884e-06
624	0.951618	4.87398e-06
625	0.9517007	4.85964e-06
626	0.951783	4.84537e-06
627	0.9518649	4.83116e-06
628	0.9519465	4.81703e-06
629	0.9520277	4.80296e-06
630	0.9521085	4.78896e-06
631	0.952189	4.77502e-06
632	0.952269	4.76115e-06
633	0.9523488	4.74735e-06
634	0.9524281	4.73362e-06
635	0.9525072	4.71995e-06
636	0.9525915	4.7051e-06
637	0.9527015	4.68464e-06
638	0.952811	4.66433e-06
639	0.9529199	4.64416e-06
640	0.9530282	4.62413e-06
641	0.953136	4.60424e-06
642	0.9532432	4.58448e-06
643	0.9533499	4.56486e-06
644	0.953456	4.54538e-06
645	0.9535616	4.52603e-06
646	0.9536667	4.50681e-06
647	0.9537712	4.48773e-06
648	0.9538752	4.46877e-06
649	0.9539787	4.44995e-06
650	0.9540817	4.43125e-06
651	0.9541842	4.41268e-06
652	0.9542861	4.39423e-06
653	0.9544171	4.37113e-06
654	0.9545837	4.3423e-06
655	0.9547494	4.31373e-06
656	0.9549142	4.28541e-06
657	0.955078	4.25733e-06
658	0.955241	4.2295e-06
659	0.955403	4.20192e-06
660	0.9555641	4.17457e-06
661	0.9557243	4.14745e-06
662	0.9558837	4.12058e-06
663	0.9560421	4.09393e-06
664	0.9561997	4.06752e-06
665	0.9563564	4.04133e-06
666	0.9565123	4.01536e-06
667	0.9566673	3.98962e-06
668	0.9568214	3.9641e-06
669	0.9569747	3.93879e-06
670	0.9571272	3.9137e-06
671	0.9572774	3.89016e-06
672	0.9574264	3.86711e-06
673	0.9575746	3.84424e-06
674	0.9577221	3.82156e-06
675	0.9578687	3.79905e-06
676	0.9580146	3.77673e-06
677	0.9581597	3.75458e-06
678	0.9583041	3.7326e-06
679	0.9584476	3.7108e-06
680	0.9585905	3.68916e-06
681	0.9587326	3.6677e-06
682	0.9588739	3.64641e-06
683	0.9590145	3.62528e-06
684	0.9591544	3.60431e-06
685	0.9592935	3.58351e-06
686	0.959432	3.56287e-06
687	0.9595697	3.54239e-06
688	0.9597067	3.52207e-06
689	0.9598298	3.50455e-06
690	0.9598977	3.49811e-06
691	0.9599654	3.4917e-06
692	0.9600328	3.48532e-06
693	0.9600999	3.47896e-06
694	0.9601667	3.47263e-06
695	0.9602333	3.46632e-06
696	0.9602996	3.46004e-06
697	0.9603657	3.45378e-06
698	0.9604315	3.44755e-06
699	0.960497	3.44134e-06
700	0.9605623	3.43515e-06
701	0.9606273	3.42899e-06
702	0.9606921	3.42285e-06
703	0.9607566	3.41674e-06
704	0.9608209	3.41064e-06
705	0.9608849	3.40458e-06
706	0.9609487	3.39853e-06
707	0.9610123	3.39251e-06
708	0.9610756	3.38652e-06
709	0.9611438	3.37982e-06
710	0.9612167	3.37247e-06
711	0.9612893	3.36516e-06
712	0.9613616	3.35787e-06
713	0.9614336	3.35062e-06
714	0.9615053	3.3434e-06
715	0.9615767	3.33621e-06
716	0.9616479	3.32905e-06
717	0.9617187	3.32193e-06
718	0.9617893	3.31483e-06
719	0.9618596	3.30777e-06
720	0.9619296	3.30074e-06
721	0.9619994	3.29373e-06
722	0.9620689	3.28676e-06
723	0.9621381	3.27982e-06
724	0.962207	3.27291e-06
725	0.9622757	3.26603e-06
726	0.9623441	3.25917e-06
727	0.9624122	3.25235e-06
728	0.9624801	3.24556e-06
729	0.9625477	3.23879e-06
730	0.962662	3.22374e-06
731	0.9627981	3.20482e-06
732	0.9629336	3.18603e-06
733	0.9630684	3.16738e-06
734	0.9632026	3.14886e-06
735	0.9633361	3.13047e-06
736	0.9634691	3.11222e-06
737	0.9636013	3.09409e-06
738	0.963733	3.07609e-06
739	0.963864	3.05822e-06
740	0.9639945	3.04047e-06
741	0.9641243	3.02285e-06
742	0.9642535	3.00536e-06
743	0.9643821	2.98799e-06
744	0.96451	2.97074e-06
745	0.9646374	2.95361e-06
746	0.9647642	2.9366e-06
747	0.9648904	2.91971e-06
748	0.965016	2.90294e-06
749	0.9651411	2.88628e-06
750	0.9652655	2.86974e-06
751	0.9653894	2.85332e-06
752	0.9655171	2.83602e-06
753	0.9656475	2.81812e-06
754	0.9657772	2.80035e-06
755	0.9659064	2.78272e-06
756	0.966035	2.76521e-06
757	0.9661629	2.74784e-06
758	0.9662902	2.73059e-06
759	0.966417	2.71347e-06
760	0.9665431	2.69648e-06
761	0.9666687	2.67962e-06
762	0.9667937	2.66287e-06
763	0.9669181	2.64625e-06
764	0.9670419	2.62976e-06
765	0.9671651	2.61338e-06
766	0.9672877	2.59712e-06
767	0.9674098	2.58098e-06
768	0.9675314	2.56496e-06
769	0.9676523	2.54906e-06
770	0.9677727	2.53327e-06
771	0.9678925	2.5176e-06
772	0.9680118	2.50204e-06
773	0.9681306	2.48659e-06
774	0.9682488	2.47126e-06
775	0.9683645	2.45624e-06
776	0.9684615	2.4434e-06
777	0.9685581	2.43064e-06
778	0.9686542	2.41797e-06
779	0.9687499	2.40539e-06
780	0.9688452	2.39289e-06
781	0.96894	2.38048e-06
782	0.9690344	2.36816e-06
783	0.9691284	2.35592e-06
784	0.969222	2.34377e-06
785	0.9693152	2.3317e-06
786	0.969408	2.31971e-06
787	0.9695003	2.3078e-06
788	0.9695923	2.29598e-06
789	0.9696838	2.28423e-06
790	0.969775	2.27257e-06
791	0.9698657	2.26098e-06
792	0.969956	2.24948e-06
793	0.970046	2.23805e-06
794	0.9701355	2.2267e-06
795	0.9702247	2.21542e-06
796	0.9703135	2.20423e-06
797	0.9704019	2.1931e-06
798	0.9704899	2.18205e-06
799	0.9705775	2.17108e-06
800	0.9706568	2.16336e-06
801	0.970661	2.18589e-06
802	0.9706651	2.2086e-06
803	0.9706692	2.23149e-06
804	0.9706733	2.25456e-06
805	0.9706773	2.27781e-06
806	0.9706813	2.30123e-06
807	0.9706853	2.32484e-06
808	0.9706893	2.34864e-06
809	0.9706932	2.37262e-06
810	0.9706971	2.39678e-06
811	0.970701	2.42113e-06
812	0.9707049	2.44566e-06
813	0.9707087	2.47038e-06
814	0.9707125	2.49529e-06
815	0.9707163	2.52039e-06
816	0.97072	2.54568e-06
817	0.9707237	2.57116e-06
818	0.9707274	2.59683e-06
819	0.9707311	2.6227e-06
820	0.9707348	2.64875e-06
821	0.9707384	2.67501e-06
822	0.970742	2.70146e-06
823	0.9707456	2.7281e-06
824	0.9707491	2.75494e-06
825	0.9707527	2.78198e-06
826	0.9707562	2.80922e-06
827	0.9707597	2.83666e-06
828	0.9707631	2.8643e-06
829	0.9707666	2.89214e-06
830	0.97077	2.92018e-06
831	0.9707734	2.94843e-06
832	0.9707768	2.97688e-06
833	0.9707801	3.00554e-06
834	0.9707835	3.0344e-06
835	0.9707868	3.06347e-06
836	0.9707901	3.09275e-06
837	0.9707933	3.12224e-06
838	0.9707966	3.15194e-06
839	0.9707998	3.18184e-06
840	0.970803	3.21196e-06
841	0.9708062	3.2423e-06
842	0.9708094	3.27284e-06
843	0.9708125	3.3036e-06
844	0.9708156	3.33457e-06
845	0.9708187	3.36577e-06
846	0.9708218	3.39717e-06
847	0.9708249	3.4288e-06
848	0.9708279	3.46064e-06
849	0.970831	3.49271e-06
850	0.970834	3.52499e-06
851	0.970837	3.5575e-06
852	0.9708399	3.59023e-06
853	0.9708429	3.62318e-06
854	0.9708458	3.65636e-06
855	0.9708487	3.68976e-06
856	0.9708516	3.72339e-06
857	0.9708545	3.75725e-06
858	0.9708574	3.79133e-06
859	0.9708602	3.82564e-06
860	0.970863	3.86018e-06
861	0.9708659	3.89495e-06
862	0.9708686	3.92996e-06
863	0.9708714	3.96519e-06
864	0.9708742	4.00066e-06
865	0.9708769	4.03637e-06
866	0.9708796	4.07231e-06
867	0.9708823	4.10848e-06
868	0.970885	4.14489e-06
869	0.9708877	4.18154e-06
870	0.9708904	4.21843e-06
871	0.970893	4.25556e-06
872	0.9708956	4.29293e-06
873	0.9708982	4.33054e-06
874	0.9709008	4.36839e-06
875	0.9709034	4.40648e-06
876	0.970906	4.44482e-06
877	0.9709085	4.48341e-06
878	0.970911	4.52224e-06
879	0.9709135	4.56132e-06
880	0.9709158	4.60064e-06
881	0.9709178	4.6402e-06
882	0.9709197	4.68e-06
883	0.9709217	4.72006e-06
884	0.9709236	4.76037e-06
885	0.9709255	4.80093e-06
886	0.9709274	4.84175e-06
887	0.9709293	4.88282e-06
888	0.9709311	4.92414e-06
889	0.970933	4.96572e-06
890	0.9709348	5.00756e-06
891	0.9709367	5.04965e-06
892	0.9709385	5.092e-06
893	0.9709403	5.13461e-06
894	0.9709421	5.17748e-06
895	0.9709439	5.22061e-06
896	0.9709457	5.26401e-06
897	0.9709474	5.30767e-06
898	0.9709492	5.35159e-06
899	0.9709509	5.39577e-06
900	0.9709524	5.44023e-06
901	0.9709528	5.485e-06
902	0.9709531	5.53004e-06
903	0.9709534	5.57535e-06
904	0.9709537	5.62093e-06
905	0.970954	5.66677e-06
906	0.9709543	5.71289e-06
907	0.9709547	5.75929e-06
908	0.970955	5.80595e-06
909	0.9709553	5.85289e-06
910	0.9709556	5.9001e-06
911	0.9709559	5.94759e-06
912	0.9709562	5.99536e-06
913	0.9709565	6.04341e-06
914	0.9709568	6.09173e-06
915	0.9709571	6.14033e-06
916	0.9709574	6.18922e-06
917	0.9709577	6.23838e-06
918	0.9709581	6.28783e-06
919	0.9709584	6.33756e-06
920	0.9709587	6.38757e-06
921	0.970959	6.43787e-06
922	0.9709593	6.48846e-06
923	0.9709596	6.53933e-06
924	0.9709599	6.59049e-06
925	0.9709602	6.64193e-06
926	0.9709605	6.69367e-06
927	0.9709608	6.74569e-06
928	0.9709611	6.79801e-06
929	0.9709614	6.85062e-06
930	0.9709616	6.90352e-06
931	0.9709619	6.95672e-06
932	0.9709622	7.01021e-06
933	0.9709625	7.06399e-06
934	0.9709628	7.11807e-06
935	0.9709631	7.17245e-06
936	0.9709634	7.22712e-06
937	0.9709637	7.2821e-06
938	0.970964	7.33737e-06
939	0.9709643	7.39295e-06
940	0.9709646	7.44882e-06
941	0.9709649	7.505e-06
942	0.9709651	7.56148e-06
943	0.9709654	7.61827e-06
944	0.9709657	7.67536e-06
945	0.970966	7.73275e-06
946	0.9709663	7.79046e-06
947	0.9709666	7.84846e-06
948	0.9709668	7.90678e-06
949	0.9709671	7.96541e-06
950	0.9709674	8.02435e-06
951	0.9709677	8.08359e-06
952	0.970968	8.14315e-06
953	0.9709682	8.20302e-06
954	0.9709685	8.26321e-06
955	0.9709688	8.32371e-06
956	0.9709691	8.38452e-06
957	0.9709694	8.44565e-06
958	0.9709696	8.5071e-06
959	0.9709699	8.56886e-06
960	0.9709702	8.63094e-06
961	0.9709705	8.69334e-06
962	0.9709707	8.75606e-06
963	0.970971	8.81911e-06
964	0.9709713	8.88247e-06
965	0.9709715	8.94616e-06
966	0.9709718	9.01017e-06
967	0.9709721	9.0745e-06
968	0.9709724	9.13916e-06
969	0.9709726	9.20414e-06
970	0.9709729	9.26945e-06
971	0.9709732	9.33509e-06
972	0.9709734	9.40106e-06
973	0.9709737	9.46736e-06
974	0.970974	9.53398e-06
975	0.9709742	9.60094e-06
976	0.9709745	9.66823e-06
977	0.9709748	9.73585e-06
978	0.970975	9.8038e-06
979	0.9709753	9.87209e-06
980	0.9709755	9.94071e-06
981	0.9709758	1.00097e-05
982	0.9709761	1.0079e-05
983	0.9709763	1.01486e-05
984	0.9709766	1.02186e-05
985	0.9709768	1.02889e-05
986	0.9709771	1.03595e-05
987	0.9709774	1.04305e-05
988	0.9709776	1.05019e-05
989	0.9709779	1.05735e-05
990	0.9709781	1.06455e-05
991	0.9709784	1.07179e-05
992	0.9709786	1.07906e-05
993	0.9709789	1.08637e-05
994	0.9709791	1.09371e-05
995	0.9709794	1.10108e-05
996	0.9709796	1.10849e-05
997	0.9709799	1.11593e-05
998	0.9709801	1.12341e-05
999	0.9709804	1.13092e-05
aoi	25	
380	0.7219053	0.000205288
381	0.7229239	0.000208704
382	0.7251653	0.000206399
383	0.7285843	0.000198727
384	0.7319727	0.000191339
385	0.7353298	0.000184223
386	0.7386566	0.000177369
387	0.7419529	0.000170769
388	0.7454194	0.000164384
389	0.7490223	0.000158201
390	0.7525944	0.000152234
391	0.7561358	0.000146474
392	0.7596451	0.000140916
393	0.7631236	0.000135553
394	0.766502	0.000130471
395	0.769744	0.000125704
396	0.7729555	0.000121101
397	0.7761371	0.000116656
398	0.7792888	0.000112365
399	0.7824097	0.000108222
400	0.7854501	0.000104275
401	0.7874542	0.000101471
402	0.7894364	9.87484e-05
403	0.7913966	9.61045e-05
404	0.7933356	9.3537e-05
405	0.7952535	9.10437e-05
406	0.7971499	8.86223e-05
407	0.7989704	8.6349e-05
408	0.8007145	8.42183e-05
409	0.8024394	8.21453e-05
410	0.8041447	8.01282e-05
411	0.8058314	7.81655e-05
412	0.8074995	7.62557e-05
413	0.809149	7.43973e-05
414	0.8112508	7.22748e-05
415	0.8135167	7.00926e-05
416	0.8157592	6.79758e-05
417	0.8179779	6.59225e-05
418	0.8201737	6.39308e-05
419	0.8223467	6.19988e-05
420	0.8244969	6.01248e-05
421	0.826593	5.83982e-05
422	0.8286554	5.67562e-05
423	0.8306969	5.51594e-05
424	0.8327173	5.36063e-05
425	0.8347171	5.20959e-05
426	0.8366967	5.0627e-05
427	0.8386561	4.91984e-05
428	0.8403114	4.8056e-05
429	0.8416248	4.72202e-05
430	0.8429247	4.64004e-05
431	0.8442106	4.55963e-05
432	0.8454831	4.48076e-05
433	0.8467425	4.4034e-05
434	0.8479889	4.32752e-05
435	0.8492219	4.25308e-05
436	0.8504262	4.1825e-05
437	0.8516175	4.11331e-05
438	0.8527966	4.04539e-05
439	0.8539633	3.97872e-05
440	0.8551183	3.91327e-05
441	0.8562615	3.84903e-05
442	0.8573928	3.78595e-05
443	0.8585963	3.71791e-05
444	0.8601295	3.62659e-05
445	0.8616472	3.5375e-05
446	0.8631495	3.45059e-05
447	0.8646369	3.3658e-05
448	0.8661095	3.28307e-05
449	0.867567	3.20237e-05
450	0.86901	3.12363e-05
451	0.8704487	3.04632e-05
452	0.8719325	2.96806e-05
453	0.8734013	2.89174e-05
454	0.8748556	2.81732e-05
455	0.8762956	2.74474e-05
456	0.8777213	2.67397e-05
457	0.8791328	2.60496e-05
458	0.8805304	2.53766e-05
459	0.8819143	2.47204e-05
460	0.8832231	2.41287e-05
461	0.8845037	2.35628e-05
462	0.8857721	2.30096e-05
463	0.8870282	2.24689e-05
464	0.8882722	2.19404e-05
465	0.8895043	2.14237e-05
466	0.8907247	2.09187e-05
467	0.8919332	2.0425e-05
468	0.8931128	1.99515e-05
469	0.8941677	1.95471e-05
470	0.8952125	1.91509e-05
471	0.8962473	1.87626e-05
472	0.8972724	1.83821e-05
473	0.8982879	1.80091e-05
474	0.8992937	1.76436e-05
475	0.90029	1.72854e-05
476	0.901277	1.69343e-05
477	0.9022189	1.66062e-05
478	0.9029198	1.63862e-05
479	0.9036143	1.61695e-05
480	0.9043023	1.5956e-05
481	0.9049838	1.57456e-05
482	0.905659	1.55384e-05
483	0.906328	1.53343e-05
484	0.9069908	1.51331e-05
485	0.9076474	1.4935e-05
486	0.9082979	1.47397e-05
487	0.9088717	1.45707e-05
488	0.9094206	1.44104e-05
489	0.9099644	1.42522e-05
490	0.9105032	1.40961e-05
491	0.9110371	1.39422e-05
492	0.911566	1.37902e-05
493	0.9120901	1.36403e-05
494	0.9126095	1.34924e-05
495	0.9131242	1.33464e-05
496	0.9136355	1.32006e-05
497	0.9141652	1.30291e-05
498	0.9146899	1.28603e-05
499	0.9152097	1.26941e-05
500	0.9157247	1.25305e-05
501	0.916235	1.23694e-05
502	0.9167407	1.22109e-05
503	0.9172416	1.20548e-05
504	0.9177379	1.19011e-05
505	0.9182298	1.17497e-05
506	0.9187172	1.16007e-05
507	0.9191894	1.14601e-05
508	0.9196566	1.13219e-05
509	0.9201197	1.11857e-05
510	0.9205786	1.10515e-05
511	0.9210335	1.09193e-05
512	0.9214843	1.07891e-05
513	0.9219312	1.06607e-05
514	0.9223741	1.05342e-05
515	0.9228131	1.04096e-05
516	0.9232483	1.02867e-05
517	0.9236655	1.01773e-05
518	0.9240573	1.00868e-05
519	0.924446	9.99737e-06
520	0.9248315	9.90895e-06
521	0.9252137	9.82153e-06
522	0.9255929	9.73509e-06
523	0.9259689	9.64963e-06
524	0.9263419	9.56512e-06
525	0.9267118	9.48156e-06
526	0.9270788	9.39893e-06
527	0.9274429	9.31722e-06
528	0.92782	9.23374e-06
529	0.9282178	9.14724e-06
530	0.9286124	9.06172e-06
531	0.929004	8.97715e-06
532	0.9293924	8.89354e-06
533	0.9297779	8.81086e-06
534	0.9301604	8.7291e-06
535	0.9305399	8.64826e-06
536	0.9309164	8.56831e-06
537	0.9312901	8.48925e-06
538	0.9316609	8.41108e-06
539	0.9320288	8.33376e-06
540	0.9325289	8.21923e-06
541	0.9330347	8.10366e-06
542	0.9335365	7.98973e-06
543	0.9340345	7.87743e-06
544	0.9345286	7.76671e-06
545	0.935019	7.65757e-06
546	0.9355056	7.54998e-06
547	0.9359885	7.44391e-06
548	0.9364677	7.33934e-06
549	0.9369433	7.23626e-06
550	0.9374152	7.13462e-06
551	0.9378836	7.03443e-06
552	0.9383315	6.94025e-06
553	0.9387751	6.84757e-06
554	0.9392155	6.75615e-06
555	0.9396525	6.66598e-06
556	0.9400863	6.57703e-06
557	0.9405168	6.48929e-06
558	0.9409441	6.40273e-06
559	0.9413683	6.31735e-06
560	0.9417893	6.23312e-06
561	0.9422072	6.15003e-06
562	0.942622	6.06807e-06
563	0.9430338	5.98721e-06
564	0.943386	5.92048e-06
565	0.9436615	5.87165e-06
566	0.9439351	5.82333e-06
567	0.9442066	5.7755e-06
568	0.9444762	5.72815e-06
569	0.9447439	5.68129e-06
570	0.9450098	5.63491e-06
571	0.9452737	5.58899e-06
572	0.9455357	5.54354e-06
573	0.9457959	5.49856e-06
574	0.9460543	5.45402e-06
575	0.9463109	5.40993e-06
576	0.9465657	5.36629e-06
577	0.9467944	5.32855e-06
578	0.9469713	5.30245e-06
579	0.947147	5.27654e-06
580	0.9473215	5.25083e-06
581	0.9474949	5.22531e-06
582	0.9476671	5.19998e-06
583	0.9478382	5.17484e-06
584	0.9480081	5.1499e-06
585	0.948177	5.12513e-06
586	0.9483447	5.10055e-06
587	0.9485113	5.07616e-06
588	0.9486769	5.05194e-06
589	0.9488414	5.0279e-06
590	0.9490048	5.00404e-06
591	0.9491194	4.99159e-06
592	0.9492006	4.98683e-06
593	0.9492814	4.98207e-06
594	0.9493618	4.97731e-06
595	0.9494417	4.97255e-06
596	0.9495211	4.96778e-06
597	0.9496001	4.96302e-06
598	0.9496787	4.95825e-06
599	0.9497569	4.95348e-06
600	0.9498346	4.94871e-06
601	0.949912	4.94394e-06
602	0.9499889	4.93917e-06
603	0.9500654	4.9344e-06
604	0.9501415	4.92963e-06
605	0.9502142	4.92522e-06
606	0.950274	4.92233e-06
607	0.9503335	4.91942e-06
608	0.9503928	4.9165e-06
609	0.9504518	4.91355e-06
610	0.9505105	4.91059e-06
611	0.950569	4.90761e-06
612	0.9506272	4.90461e-06
613	0.9506852	4.9016e-06
614	0.9507429	4.89857e-06
615	0.9508004	4.89553e-06
616	0.9508577	4.89247e-06
617	0.9509147	4.88939e-06
618	0.9509714	4.8863e-06
619	0.951028	4.8832e-06
620	0.9510864	4.87926e-06
621	0.9511711	4.86508e-06
622	0.9512553	4.85097e-06
623	0.9513392	4.83693e-06
624	0.9514226	4.82295e-06
625	0.9515057	4.80904e-06
626	0.9515884	4.79519e-06
627	0.9516707	4.78141e-06
628	0.9517526	4.76769e-06
629	0.9518342	4.75403e-06
630	0.9519153	4.74044e-06
631	0.9519961	4.72691e-06
632	0.9520766	4.71344e-06
633	0.9521567	4.70004e-06
634	0.9522364	4.68669e-06
635	0.9523158	4.67341e-06
636	0.9524005	4.65897e-06
637	0.952511	4.63896e-06
638	0.9526208	4.6191e-06
639	0.9527301	4.59937e-06
640	0.9528388	4.57978e-06
641	0.9529469	4.56032e-06
642	0.9530545	4.54099e-06
643	0.9531616	4.5218e-06
644	0.9532681	4.50274e-06
645	0.9533741	4.4838e-06
646	0.9534796	4.46499e-06
647	0.9535845	4.44631e-06
648	0.9536889	4.42776e-06
649	0.9537928	4.40933e-06
650	0.9538962	4.39102e-06
651	0.953999	4.37284e-06
652	0.9541014	4.35478e-06
653	0.9542328	4.33209e-06
654	0.9543998	4.30373e-06
655	0.954566	4.27562e-06
656	0.9547312	4.24775e-06
657	0.9548955	4.22012e-06
658	0.9550589	4.19273e-06
659	0.9552214	4.16558e-06
660	0.955383	4.13866e-06
661	0.9555437	4.11197e-06
662	0.9557035	4.08551e-06
663	0.9558624	4.05928e-06
664	0.9560204	4.03327e-06
665	0.9561776	4.00748e-06
666	0.9563339	3.98192e-06
667	0.9564894	3.95657e-06
668	0.956644	3.93143e-06
669	0.9567978	3.90651e-06
670	0.9569507	3.88179e-06
671	0.9571014	3.8586e-06
672	0.9572509	3.8359e-06
673	0.9573996	3.81338e-06
674	0.9575475	3.79104e-06
675	0.9576946	3.76887e-06
676	0.957841	3.74688e-06
677	0.9579866	3.72506e-06
678	0.9581314	3.70341e-06
679	0.9582755	3.68192e-06
680	0.9584188	3.66061e-06
681	0.9585613	3.63946e-06
682	0.9587032	3.61847e-06
683	0.9588443	3.59765e-06
684	0.9589846	3.57699e-06
685	0.9591242	3.55648e-06
686	0.9592631	3.53614e-06
687	0.9594013	3.51595e-06
688	0.9595388	3.49592e-06
689	0.9596624	3.47865e-06
690	0.9597308	3.47239e-06
691	0.9597989	3.46616e-06
692	0.9598667	3.45995e-06
693	0.9599342	3.45376e-06
694	0.9600015	3.44759e-06
695	0.9600685	3.44145e-06
696	0.9601352	3.43533e-06
697	0.9602017	3.42924e-06
698	0.9602679	3.42317e-06
699	0.9603339	3.41712e-06
700	0.9603996	3.41109e-06
701	0.960465	3.40509e-06
702	0.9605302	3.39911e-06
703	0.9605951	3.39315e-06
704	0.9606598	3.38722e-06
705	0.9607243	3.38131e-06
706	0.9607885	3.37542e-06
707	0.9608524	3.36955e-06
708	0.9609162	3.3637e-06
709	0.9609848	3.35716e-06
710	0.9610581	3.34997e-06
711	0.9611311	3.34281e-06
712	0.9612038	3.33569e-06
713	0.9612762	3.32859e-06
714	0.9613484	3.32152e-06
715	0.9614202	3.31449e-06
716	0.9614917	3.30748e-06
717	0.961563	3.3005e-06
718	0.961634	3.29356e-06
719	0.9617047	3.28664e-06
720	0.9617751	3.27975e-06
721	0.9618453	3.2729e-06
722	0.9619152	3.26607e-06
723	0.9619848	3.25927e-06
724	0.9620541	3.2525e-06
725	0.9621232	3.24576e-06
726	0.962192	3.23905e-06
727	0.9622605	3.23236e-06
728	0.9623288	3.2257e-06
729	0.9623968	3.21908e-06
730	0.9625115	3.20422e-06
731	0.9626481	3.18551e-06
732	0.962784	3.16693e-06
733	0.9629193	3.14848e-06
734	0.963054	3.13017e-06
735	0.963188	3.11198e-06
736	0.9633214	3.09392e-06
737	0.9634542	3.07599e-06
738	0.9635863	3.05819e-06
739	0.9637178	3.04051e-06
740	0.9638487	3.02296e-06
741	0.9639789	3.00552e-06
742	0.9641086	2.98822e-06
743	0.9642376	2.97103e-06
744	0.9643661	2.95396e-06
745	0.9644939	2.93701e-06
746	0.9646212	2.92018e-06
747	0.9647478	2.90346e-06
748	0.9648739	2.88687e-06
749	0.9649994	2.87038e-06
750	0.9651243	2.85402e-06
751	0.9652486	2.83776e-06
752	0.9653768	2.82063e-06
753	0.9655076	2.80291e-06
754	0.9656379	2.78531e-06
755	0.9657675	2.76785e-06
756	0.9658965	2.75051e-06
757	0.9660249	2.73331e-06
758	0.9661527	2.71623e-06
759	0.9662799	2.69927e-06
760	0.9664065	2.68244e-06
761	0.9665325	2.66573e-06
762	0.9666579	2.64914e-06
763	0.9667827	2.63268e-06
764	0.966907	2.61634e-06
765	0.9670307	2.60011e-06
766	0.9671538	2.584e-06
767	0.9672763	2.56801e-06
768	0.9673983	2.55214e-06
769	0.9675197	2.53638e-06
770	0.9676405	2.52074e-06
771	0.9677608	2.5052e-06
772	0.9678805	2.48978e-06
773	0.9679997	2.47448e-06
774	0.9681183	2.45928e-06
775	0.9682345	2.4444e-06
776	0.9683319	2.43167e-06
777	0.9684289	2.41904e-06
778	0.9685254	2.40649e-06
779	0.9686215	2.39403e-06
780	0.9687172	2.38165e-06
781	0.9688124	2.36936e-06
782	0.9689072	2.35715e-06
783	0.9690016	2.34503e-06
784	0.9690956	2.33299e-06
785	0.9691892	2.32103e-06
786	0.9692823	2.30915e-06
787	0.969375	2.29735e-06
788	0.9694674	2.28564e-06
789	0.9695593	2.274e-06
790	0.9696508	2.26244e-06
791	0.969742	2.25096e-06
792	0.9698327	2.23956e-06
793	0.969923	2.22823e-06
794	0.970013	2.21698e-06
795	0.9701025	2.20581e-06
796	0.9701917	2.19471e-06
797	0.9702804	2.18368e-06
798	0.9703688	2.17273e-06
799	0.9704568	2.16185e-06
800	0.9705365	2.15421e-06
801	0.970541	2.17665e-06
802	0.9705454	2.19927e-06
803	0.9705499	2.22207e-06
804	0.9705543	2.24504e-06
805	0.9705586	2.2682e-06
806	0.970563	2.29153e-06
807	0.9705673	2.31505e-06
808	0.9705716	2.33874e-06
809	0.9705758	2.36262e-06
810	0.97058	2.38669e-06
811	0.9705842	2.41094e-06
812	0.9705884	2.43537e-06
813	0.9705925	2.46e-06
814	0.9705966	2.48481e-06
815	0.9706007	2.5098e-06
816	0.9706048	2.53499e-06
817	0.9706088	2.56037e-06
818	0.9706128	2.58594e-06
819	0.9706168	2.6117e-06
820	0.9706207	2.63765e-06
821	0.9706246	2.6638e-06
822	0.9706285	2.69014e-06
823	0.9706324	2.71668e-06
824	0.9706363	2.74342e-06
825	0.9706401	2.77035e-06
826	0.9706439	2.79748e-06
827	0.9706476	2.82481e-06
828	0.9706514	2.85234e-06
829	0.9706551	2.88007e-06
830	0.9706588	2.908e-06
831	0.9706625	2.93613e-06
832	0.9706661	2.96447e-06
833	0.9706697	2.99301e-06
834	0.9706734	3.02176e-06
835	0.9706769	3.05072e-06
836	0.9706805	3.07988e-06
837	0.970684	3.10925e-06
838	0.9706875	3.13883e-06
839	0.970691	3.16861e-06
840	0.9706945	3.19861e-06
841	0.9706979	3.22882e-06
842	0.9707013	3.25925e-06
843	0.9707047	3.28988e-06
844	0.9707081	3.32074e-06
845	0.9707115	3.3518e-06
846	0.9707148	3.38309e-06
847	0.9707181	3.41459e-06
848	0.9707214	3.4463e-06
849	0.9707247	3.47824e-06
850	0.9707279	3.5104e-06
851	0.9707312	3.54278e-06
852	0.9707344	3.57538e-06
853	0.9707376	3.6082e-06
854	0.9707407	3.64124e-06
855	0.9707439	3.67451e-06
856	0.970747	3.70801e-06
857	0.9707501	3.74173e-06
858	0.9707532	3.77568e-06
859	0.9707563	3.80985e-06
860	0.9707593	3.84426e-06
861	0.9707624	3.87889e-06
862	0.9707654	3.91376e-06
863	0.9707684	3.94885e-06
864	0.9707714	3.98418e-06
865	0.9707743	4.01974e-06
866	0.9707773	4.05554e-06
867	0.9707802	4.09157e-06
868	0.9707831	4.12784e-06
869	0.970786	4.16434e-06
870	0.9707888	4.20109e-06
871	0.9707917	4.23807e-06
872	0.9707945	4.27529e-06
873	0.9707974	4.31275e-06
874	0.9708001	4.35045e-06
875	0.9708029	4.3884e-06
876	0.9708057	4.42659e-06
877	0.9708085	4.46502e-06
878	0.9708112	4.5037e-06
879	0.9708139	4.54262e-06
880	0.9708164	4.58179e-06
881	0.9708185	4.62119e-06
882	0.9708206	4.66084e-06
883	0.9708228	4.70074e-06
884	0.9708249	4.74089e-06
885	0.970827	4.78129e-06
886	0.9708291	4.82194e-06
887	0.9708311	4.86285e-06
888	0.9708332	4.90401e-06
889	0.9708352	4.94542e-06
890	0.9708372	4.98709e-06
891	0.9708393	5.02902e-06
892	0.9708413	5.0712e-06
893	0.9708432	5.11365e-06
894	0.9708452	5.15635e-06
895	0.9708472	5.19931e-06
896	0.9708491	5.24253e-06
897	0.9708511	5.28602e-06
898	0.970853	5.32977e-06
899	0.9708549	5.37378e-06
900	0.9708566	5.41806e-06
901	0.9708569	5.46265e-06
902	0.9708573	5.5075e-06
903	0.9708576	5.55263e-06
904	0.970858	5.59802e-06
905	0.9708583	5.64368e-06
906	0.9708587	5.68961e-06
907	0.970859	5.73582e-06
908	0.9708594	5.78229e-06
909	0.9708597	5.82904e-06
910	0.9708601	5.87606e-06
911	0.9708604	5.92336e-06
912	0.9708608	5.97093e-06
913	0.9708611	6.01878e-06
914	0.9708615	6.06691e-06
915	0.9708618	6.11532e-06
916	0.9708622	6.164e-06
917	0.9708625	6.21297e-06
918	0.9708628	6.26221e-06
919	0.9708632	6.31174e-06
920	0.9708635	6.36155e-06
921	0.9708639	6.41165e-06
922	0.9708642	6.46203e-06
923	0.9708645	6.51269e-06
924	0.9708649	6.56364e-06
925	0.9708652	6.61488e-06
926	0.9708655	6.6664e-06
927	0.9708659	6.71822e-06
928	0.9708662	6.77032e-06
929	0.9708665	6.82272e-06
930	0.9708669	6.87541e-06
931	0.9708672	6.92838e-06
932	0.9708675	6.98166e-06
933	0.9708679	7.03522e-06
934	0.9708682	7.08908e-06
935	0.9708685	7.14324e-06
936	0.9708688	7.1977e-06
937	0.9708692	7.25245e-06
938	0.9708695	7.3075e-06
939	0.9708698	7.36285e-06
940	0.9708701	7.41849e-06
941	0.9708704	7.47444e-06
942	0.9708708	7.5307e-06
943	0.9708711	7.58725e-06
944	0.9708714	7.64411e-06
945	0.9708717	7.70127e-06
946	0.970872	7.75874e-06
947	0.9708724	7.81651e-06
948	0.9708727	7.87459e-06
949	0.970873	7.93298e-06
950	0.9708733	7.99168e-06
951	0.9708736	8.05069e-06
952	0.9708739	8.11e-06
953	0.9708743	8.16963e-06
954	0.9708746	8.22957e-06
955	0.9708749	8.28983e-06
956	0.9708752	8.35039e-06
957	0.9708755	8.41127e-06
958	0.9708758	8.47247e-06
959	0.9708761	8.53398e-06
960	0.9708764	8.59581e-06
961	0.9708767	8.65796e-06
962	0.970877	8.72043e-06
963	0.9708773	8.78322e-06
964	0.9708776	8.84632e-06
965	0.970878	8.90975e-06
966	0.9708783	8.9735e-06
967	0.9708786	9.03757e-06
968	0.9708789	9.10197e-06
969	0.9708792	9.16669e-06
970	0.9708795	9.23174e-06
971	0.9708798	9.29711e-06
972	0.9708801	9.36281e-06
973	0.9708804	9.42884e-06
974	0.9708807	9.49519e-06
975	0.970881	9.56188e-06
976	0.9708813	9.62889e-06
977	0.9708815	9.69624e-06
978	0.9708818	9.76392e-06
979	0.9708821	9.83193e-06
980	0.9708824	9.90027e-06
981	0.9708827	9.96895e-06
982	0.970883	1.0038e-05
983	0.9708833	1.01073e-05
984	0.9708836	1.0177e-05
985	0.9708839	1.0247e-05
986	0.9708842	1.03174e-05
987	0.9708845	1.03881e-05
988	0.9708848	1.04591e-05
989	0.970885	1.05305e-05
990	0.9708853	1.06022e-05
991	0.9708856	1.06743e-05
992	0.9708859	1.07467e-05
993	0.9708862	1.08195e-05
994	0.9708865	1.08926e-05
995	0.9708868	1.0966e-05
996	0.970887	1.10398e-05
997	0.9708873	1.11139e-05
998	0.9708876	1.11884e-05
999	0.9708879	1.12633e-05
aoi	30	
380	0.7264291	0.000191314
381	0.7274253	0.000194508
382	0.729595	0.000192438
383	0.7328957	0.000185425
384	0.7361683	0.000178663
385	0.7394117	0.000172144
386	0.7426271	0.00016586
387	0.7458142	0.000159802
388	0.7491739	0.000153929
389	0.7526723	0.000148232
390	0.7561418	0.000142728
391	0.7595825	0.000137412
392	0.7629931	0.000132278
393	0.7663748	0.000127319
394	0.7696592	0.000122619
395	0.7728104	0.000118208
396	0.7759328	0.000113946
397	0.7790272	0.000109828
398	0.7820934	0.000105848
399	0.7851306	0.000102003
400	0.7880894	9.83375e-05
401	0.7900242	9.57505e-05
402	0.7919385	9.32364e-05
403	0.7938321	9.0793e-05
404	0.7957059	8.84184e-05
405	0.79756	8.61106e-05
406	0.7993938	8.38676e-05
407	0.801154	8.17614e-05
408	0.80284	7.97872e-05
409	0.804508	7.7865e-05
410	0.8061576	7.59933e-05
411	0.8077897	7.41708e-05
412	0.8094043	7.23961e-05
413	0.8110014	7.06679e-05
414	0.8130484	6.86846e-05
415	0.8152592	6.66415e-05
416	0.8174479	6.46585e-05
417	0.8196139	6.27338e-05
418	0.8217581	6.08656e-05
419	0.8238806	5.90524e-05
420	0.8259815	5.72925e-05
421	0.8280307	5.56705e-05
422	0.8300476	5.41271e-05
423	0.8320447	5.26253e-05
424	0.8340216	5.1164e-05
425	0.8359788	4.9742e-05
426	0.8379168	4.83583e-05
427	0.8398354	4.70119e-05
428	0.8414543	4.59372e-05
429	0.8427361	4.5154e-05
430	0.8440049	4.43855e-05
431	0.8452605	4.36313e-05
432	0.8465031	4.28912e-05
433	0.8477332	4.21649e-05
434	0.8489509	4.14521e-05
435	0.8501558	4.07526e-05
436	0.8513329	4.00893e-05
437	0.8524977	3.94388e-05
438	0.8536506	3.88e-05
439	0.8547918	3.81726e-05
440	0.8559217	3.75564e-05
441	0.8570403	3.69513e-05
442	0.8581475	3.63569e-05
443	0.8593265	3.57146e-05
444	0.8608321	3.48486e-05
445	0.8623229	3.40034e-05
446	0.863799	3.31784e-05
447	0.8652606	3.23733e-05
448	0.8667079	3.15874e-05
449	0.8681409	3.08204e-05
450	0.8695598	3.00718e-05
451	0.8709749	2.93364e-05
452	0.8724352	2.85913e-05
453	0.8738811	2.78643e-05
454	0.8753131	2.71552e-05
455	0.8767313	2.64634e-05
456	0.8781355	2.57885e-05
457	0.8795261	2.51301e-05
458	0.8809034	2.44878e-05
459	0.8822673	2.38612e-05
460	0.8835575	2.32964e-05
461	0.8848201	2.2756e-05
462	0.8860709	2.22276e-05
463	0.8873099	2.17108e-05
464	0.888537	2.12056e-05
465	0.8897528	2.07115e-05
466	0.8909571	2.02284e-05
467	0.89215	1.97559e-05
468	0.8933145	1.93027e-05
469	0.8943555	1.89161e-05
470	0.8953868	1.8537e-05
471	0.8964084	1.81654e-05
472	0.8974205	1.78011e-05
473	0.8984234	1.7444e-05
474	0.8994169	1.70939e-05
475	0.9004012	1.67506e-05
476	0.9013765	1.64141e-05
477	0.9023071	1.60996e-05
478	0.9029987	1.58897e-05
479	0.903684	1.56828e-05
480	0.904363	1.54789e-05
481	0.9050357	1.5278e-05
482	0.9057023	1.508e-05
483	0.9063629	1.48849e-05
484	0.9070174	1.46926e-05
485	0.907666	1.45031e-05
486	0.9083087	1.43163e-05
487	0.9088751	1.41549e-05
488	0.9094169	1.40019e-05
489	0.9099537	1.38509e-05
490	0.9104857	1.37019e-05
491	0.9110129	1.35548e-05
492	0.9115353	1.34097e-05
493	0.912053	1.32664e-05
494	0.9125661	1.3125e-05
495	0.9130747	1.29854e-05
496	0.91358	1.28459e-05
497	0.9141032	1.26815e-05
498	0.9146217	1.25196e-05
499	0.9151354	1.23602e-05
500	0.9156444	1.22033e-05
501	0.9161489	1.20488e-05
502	0.9166489	1.18966e-05
503	0.9171442	1.17467e-05
504	0.9176351	1.15991e-05
505	0.9181217	1.14537e-05
506	0.9186039	1.13106e-05
507	0.9190711	1.11754e-05
508	0.9195336	1.10426e-05
509	0.9199919	1.09117e-05
510	0.9204462	1.07828e-05
511	0.9208966	1.06556e-05
512	0.921343	1.05303e-05
513	0.9217856	1.04069e-05
514	0.9222243	1.02851e-05
515	0.9226593	1.01651e-05
516	0.9230905	1.00469e-05
517	0.923504	9.94155e-06
518	0.9238926	9.85467e-06
519	0.9242781	9.76875e-06
520	0.9246604	9.68378e-06
521	0.9250396	9.59975e-06
522	0.9254158	9.51665e-06
523	0.9257889	9.43446e-06
524	0.9261591	9.35318e-06
525	0.9265263	9.27279e-06
526	0.9268906	9.19328e-06
527	0.927252	9.11464e-06
528	0.9276265	9.03421e-06
529	0.9280218	8.9508e-06
530	0.928414	8.8683e-06
531	0.9288032	8.78671e-06
532	0.9291894	8.70602e-06
533	0.9295726	8.62622e-06
534	0.9299529	8.5473e-06
535	0.9303302	8.46923e-06
536	0.9307047	8.39202e-06
537	0.9310763	8.31566e-06
538	0.9314452	8.24013e-06
539	0.9318112	8.16541e-06
540	0.9323091	8.05424e-06
541	0.9328127	7.94202e-06
542	0.9333124	7.83136e-06
543	0.9338084	7.72226e-06
544	0.9343006	7.61469e-06
545	0.9347891	7.50863e-06
546	0.9352738	7.40405e-06
547	0.935755	7.30094e-06
548	0.9362325	7.19927e-06
549	0.9367064	7.09901e-06
550	0.9371768	7.00016e-06
551	0.9376436	6.90268e-06
552	0.9380901	6.81107e-06
553	0.9385323	6.72091e-06
554	0.9389713	6.63196e-06
555	0.9394071	6.54421e-06
556	0.9398397	6.45763e-06
557	0.940269	6.37221e-06
558	0.9406952	6.28794e-06
559	0.9411183	6.20479e-06
560	0.9415382	6.12275e-06
561	0.9419552	6.04181e-06
562	0.942369	5.96195e-06
563	0.9427799	5.88315e-06
564	0.9431313	5.81822e-06
565	0.9434062	5.77084e-06
566	0.9436791	5.72395e-06
567	0.9439501	5.67753e-06
568	0.9442192	5.63157e-06
569	0.9444863	5.58608e-06
570	0.9447517	5.54104e-06
571	0.9450151	5.49645e-06
572	0.9452767	5.4523e-06
573	0.9455365	5.4086e-06
574	0.9457944	5.36533e-06
575	0.9460506	5.32248e-06
576	0.946305	5.28007e-06
577	0.9465335	5.24344e-06
578	0.9467101	5.21825e-06
579	0.9468856	5.19325e-06
580	0.9470599	5.16843e-06
581	0.9472331	5.14379e-06
582	0.9474051	5.11933e-06
583	0.9475761	5.09505e-06
584	0.9477459	5.07095e-06
585	0.9479146	5.04703e-06
586	0.9480822	5.02328e-06
587	0.9482487	4.9997e-06
588	0.9484142	4.97629e-06
589	0.9485787	4.95305e-06
590	0.948742	4.92999e-06
591	0.9488566	4.91814e-06
592	0.9489379	4.91386e-06
593	0.9490187	4.90957e-06
594	0.9490991	4.90528e-06
595	0.9491791	4.90099e-06
596	0.9492586	4.89669e-06
597	0.9493377	4.89239e-06
598	0.9494163	4.88808e-06
599	0.9494946	4.88377e-06
600	0.9495724	4.87946e-06
601	0.9496498	4.87514e-06
602	0.9497269	4.87081e-06
603	0.9498035	4.86649e-06
604	0.9498797	4.86216e-06
605	0.9499525	4.85819e-06
606	0.9500124	4.85572e-06
607	0.950072	4.85322e-06
608	0.9501314	4.85071e-06
609	0.9501905	4.84818e-06
610	0.9502494	4.84562e-06
611	0.950308	4.84305e-06
612	0.9503663	4.84046e-06
613	0.9504244	4.83784e-06
614	0.9504823	4.83521e-06
615	0.9505399	4.83257e-06
616	0.9505973	4.8299e-06
617	0.9506544	4.82722e-06
618	0.9507113	4.82452e-06
619	0.950768	4.8218e-06
620	0.9508266	4.81825e-06
621	0.9509114	4.80463e-06
622	0.9509957	4.79106e-06
623	0.9510797	4.77755e-06
624	0.9511632	4.76411e-06
625	0.9512464	4.75072e-06
626	0.9513292	4.73739e-06
627	0.9514116	4.72413e-06
628	0.9514937	4.71092e-06
629	0.9515754	4.69777e-06
630	0.9516567	4.68468e-06
631	0.9517377	4.67165e-06
632	0.9518183	4.65868e-06
633	0.9518985	4.64576e-06
634	0.9519784	4.6329e-06
635	0.952058	4.6201e-06
636	0.9521429	4.60614e-06
637	0.9522535	4.58669e-06
638	0.9523635	4.56737e-06
639	0.952473	4.54819e-06
640	0.9525819	4.52913e-06
641	0.9526902	4.51019e-06
642	0.9527981	4.49139e-06
643	0.9529054	4.47271e-06
644	0.9530121	4.45416e-06
645	0.9531183	4.43573e-06
646	0.953224	4.41742e-06
647	0.9533292	4.39923e-06
648	0.9534338	4.38116e-06
649	0.953538	4.36321e-06
650	0.9536416	4.34539e-06
651	0.9537447	4.32767e-06
652	0.9538474	4.31008e-06
653	0.953979	4.2879e-06
654	0.9541465	4.2601e-06
655	0.954313	4.23253e-06
656	0.9544786	4.20521e-06
657	0.9546433	4.17811e-06
658	0.9548071	4.15125e-06
659	0.95497	4.12462e-06
660	0.955132	4.09822e-06
661	0.955293	4.07204e-06
662	0.9554533	4.04608e-06
663	0.9556126	4.02034e-06
664	0.9557711	3.99482e-06
665	0.9559287	3.96951e-06
666	0.9560854	3.94442e-06
667	0.9562413	3.91953e-06
668	0.9563964	3.89486e-06
669	0.9565506	3.87039e-06
670	0.956704	3.84613e-06
671	0.9568551	3.82336e-06
672	0.957005	3.80108e-06
673	0.9571542	3.77898e-06
674	0.9573026	3.75704e-06
675	0.9574502	3.73528e-06
676	0.957597	3.71368e-06
677	0.9577431	3.69225e-06
678	0.9578884	3.67099e-06
679	0.9580329	3.64989e-06
680	0.9581767	3.62895e-06
681	0.9583198	3.60817e-06
682	0.9584621	3.58756e-06
683	0.9586037	3.5671e-06
684	0.9587445	3.5468e-06
685	0.9588846	3.52665e-06
686	0.9590241	3.50665e-06
687	0.9591627	3.48681e-06
688	0.9593007	3.46712e-06
689	0.9594248	3.45017e-06
690	0.9594936	3.44413e-06
691	0.9595621	3.4381e-06
692	0.9596303	3.4321e-06
693	0.9596982	3.42612e-06
694	0.9597659	3.42017e-06
695	0.9598333	3.41423e-06
696	0.9599004	3.40832e-06
697	0.9599673	3.40243e-06
698	0.9600339	3.39656e-06
699	0.9601003	3.39071e-06
700	0.9601664	3.38488e-06
701	0.9602322	3.37908e-06
702	0.9602978	3.3733e-06
703	0.9603632	3.36753e-06
704	0.9604283	3.36179e-06
705	0.9604931	3.35607e-06
706	0.9605577	3.35037e-06
707	0.9606221	3.34469e-06
708	0.9606862	3.33904e-06
709	0.9607553	3.33269e-06
710	0.960829	3.32569e-06
711	0.9609024	3.31872e-06
712	0.9609755	3.31179e-06
713	0.9610484	3.30488e-06
714	0.9611209	3.298e-06
715	0.9611932	3.29115e-06
716	0.9612651	3.28433e-06
717	0.9613368	3.27754e-06
718	0.9614082	3.27077e-06
719	0.9614793	3.26404e-06
720	0.9615502	3.25733e-06
721	0.9616208	3.25065e-06
722	0.9616911	3.244e-06
723	0.9617611	3.23738e-06
724	0.9618309	3.23078e-06
725	0.9619003	3.22421e-06
726	0.9619696	3.21767e-06
727	0.9620385	3.21116e-06
728	0.9621072	3.20467e-06
729	0.9621756	3.19821e-06
730	0.9622908	3.18357e-06
731	0.962428	3.16511e-06
732	0.9625645	3.14677e-06
733	0.9627003	3.12857e-06
734	0.9628356	3.11049e-06
735	0.9629702	3.09254e-06
736	0.9631041	3.07472e-06
737	0.9632374	3.05702e-06
738	0.9633701	3.03944e-06
739	0.9635022	3.02199e-06
740	0.9636337	3.00465e-06
741	0.9637645	2.98744e-06
742	0.9638947	2.97035e-06
743	0.9640244	2.95338e-06
744	0.9641534	2.93652e-06
745	0.9642818	2.91978e-06
746	0.9644096	2.90315e-06
747	0.9645368	2.88665e-06
748	0.9646634	2.87025e-06
749	0.9647895	2.85397e-06
750	0.964915	2.83779e-06
751	0.9650398	2.82173e-06
752	0.9651686	2.80481e-06
753	0.9653	2.78728e-06
754	0.9654308	2.76989e-06
755	0.965561	2.75262e-06
756	0.9656906	2.73548e-06
757	0.9658196	2.71846e-06
758	0.965948	2.70157e-06
759	0.9660758	2.6848e-06
760	0.966203	2.66816e-06
761	0.9663295	2.65163e-06
762	0.9664555	2.63522e-06
763	0.966581	2.61894e-06
764	0.9667058	2.60277e-06
765	0.96683	2.58672e-06
766	0.9669537	2.57078e-06
767	0.9670768	2.55496e-06
768	0.9671994	2.53925e-06
769	0.9673213	2.52366e-06
770	0.9674427	2.50818e-06
771	0.9675636	2.49281e-06
772	0.9676839	2.47755e-06
773	0.9678036	2.4624e-06
774	0.9679228	2.44735e-06
775	0.9680396	2.43263e-06
776	0.9681375	2.42004e-06
777	0.968235	2.40755e-06
778	0.968332	2.39514e-06
779	0.9684286	2.38281e-06
780	0.9685248	2.37057e-06
781	0.9686205	2.35842e-06
782	0.9687158	2.34634e-06
783	0.9688107	2.33435e-06
784	0.9689052	2.32244e-06
785	0.9689992	2.31061e-06
786	0.9690929	2.29885e-06
787	0.9691861	2.28718e-06
788	0.9692789	2.27559e-06
789	0.9693714	2.26408e-06
790	0.9694634	2.25264e-06
791	0.969555	2.24128e-06
792	0.9696462	2.22999e-06
793	0.969737	2.21878e-06
794	0.9698274	2.20765e-06
795	0.9699175	2.19659e-06
796	0.9700071	2.1856e-06
797	0.9700964	2.17469e-06
798	0.9701852	2.16385e-06
799	0.9702737	2.15308e-06
800	0.9703539	2.14553e-06
801	0.9703588	2.16789e-06
802	0.9703637	2.19042e-06
803	0.9703685	2.21313e-06
804	0.9703733	2.23602e-06
805	0.970378	2.25908e-06
806	0.9703828	2.28233e-06
807	0.9703875	2.30576e-06
808	0.9703922	2.32937e-06
809	0.9703968	2.35316e-06
810	0.9704014	2.37713e-06
811	0.970406	2.40129e-06
812	0.9704105	2.42563e-06
813	0.970415	2.45016e-06
814	0.9704195	2.47488e-06
815	0.970424	2.49979e-06
816	0.9704284	2.52488e-06
817	0.9704328	2.55016e-06
818	0.9704371	2.57564e-06
819	0.9704415	2.6013e-06
820	0.9704458	2.62716e-06
821	0.9704501	2.65321e-06
822	0.9704543	2.67945e-06
823	0.9704585	2.70589e-06
824	0.9704627	2.73253e-06
825	0.9704669	2.75936e-06
826	0.970471	2.78639e-06
827	0.9704752	2.81361e-06
828	0.9704792	2.84104e-06
829	0.9704833	2.86867e-06
830	0.9704873	2.8965e-06
831	0.9704914	2.92453e-06
832	0.9704953	2.95276e-06
833	0.9704993	2.9812e-06
834	0.9705032	3.00984e-06
835	0.9705071	3.03868e-06
836	0.970511	3.06774e-06
837	0.9705148	3.097e-06
838	0.9705187	3.12647e-06
839	0.9705225	3.15615e-06
840	0.9705263	3.18604e-06
841	0.97053	3.21613e-06
842	0.9705338	3.24645e-06
843	0.9705375	3.27697e-06
844	0.9705411	3.30771e-06
845	0.9705448	3.33866e-06
846	0.9705484	3.36983e-06
847	0.9705521	3.40121e-06
848	0.9705556	3.43281e-06
849	0.9705592	3.46463e-06
850	0.9705628	3.49667e-06
851	0.9705663	3.52893e-06
852	0.9705698	3.56141e-06
853	0.9705733	3.59411e-06
854	0.9705767	3.62703e-06
855	0.9705802	3.66018e-06
856	0.9705836	3.69355e-06
857	0.970587	3.72715e-06
858	0.9705903	3.76097e-06
859	0.9705937	3.79502e-06
860	0.970597	3.8293e-06
861	0.9706003	3.86381e-06
862	0.9706036	3.89855e-06
863	0.9706069	3.93352e-06
864	0.9706101	3.96872e-06
865	0.9706134	4.00415e-06
866	0.9706166	4.03981e-06
867	0.9706198	4.07571e-06
868	0.9706229	4.11185e-06
869	0.9706261	4.14822e-06
870	0.9706292	4.18483e-06
871	0.9706323	4.22167e-06
872	0.9706354	4.25876e-06
873	0.9706385	4.29608e-06
874	0.9706415	4.33365e-06
875	0.9706446	4.37146e-06
876	0.9706476	4.40951e-06
877	0.9706506	4.4478e-06
878	0.9706536	4.48633e-06
879	0.9706565	4.52512e-06
880	0.9706592	4.56414e-06
881	0.9706616	4.60339e-06
882	0.970664	4.6429e-06
883	0.9706663	4.68265e-06
884	0.9706686	4.72266e-06
885	0.970671	4.76291e-06
886	0.9706733	4.80341e-06
887	0.9706756	4.84417e-06
888	0.9706778	4.88518e-06
889	0.9706801	4.92644e-06
890	0.9706824	4.96796e-06
891	0.9706846	5.00974e-06
892	0.9706868	5.05177e-06
893	0.970689	5.09405e-06
894	0.9706912	5.1366e-06
895	0.9706934	5.1794e-06
896	0.9706955	5.22247e-06
897	0.9706977	5.2658e-06
898	0.9706998	5.30938e-06
899	0.9707019	5.35323e-06
900	0.9707038	5.39735e-06
901	0.9707042	5.44177e-06
902	0.9707046	5.48646e-06
903	0.970705	5.53141e-06
904	0.9707054	5.57663e-06
905	0.9707058	5.62212e-06
906	0.9707062	5.66787e-06
907	0.9707066	5.7139e-06
908	0.970707	5.7602e-06
909	0.9707074	5.80677e-06
910	0.9707078	5.85362e-06
911	0.9707081	5.90073e-06
912	0.9707085	5.94813e-06
913	0.9707089	5.99579e-06
914	0.9707093	6.04374e-06
915	0.9707097	6.09196e-06
916	0.9707101	6.14046e-06
917	0.9707105	6.18924e-06
918	0.9707109	6.2383e-06
919	0.9707112	6.28764e-06
920	0.9707116	6.33726e-06
921	0.970712	6.38716e-06
922	0.9707124	6.43735e-06
923	0.9707128	6.48782e-06
924	0.9707132	6.53858e-06
925	0.9707135	6.58962e-06
926	0.9707139	6.64095e-06
927	0.9707143	6.69257e-06
928	0.9707147	6.74448e-06
929	0.970715	6.79667e-06
930	0.9707154	6.84916e-06
931	0.9707158	6.90194e-06
932	0.9707162	6.95501e-06
933	0.9707165	7.00837e-06
934	0.9707169	7.06203e-06
935	0.9707173	7.11598e-06
936	0.9707176	7.17022e-06
937	0.970718	7.22477e-06
938	0.9707184	7.27961e-06
939	0.9707187	7.33475e-06
940	0.9707191	7.39018e-06
941	0.9707195	7.44592e-06
942	0.9707198	7.50196e-06
943	0.9707202	7.5583e-06
944	0.9707206	7.61494e-06
945	0.9707209	7.67189e-06
946	0.9707213	7.72914e-06
947	0.9707216	7.78669e-06
948	0.970722	7.84455e-06
949	0.9707224	7.90272e-06
950	0.9707227	7.96119e-06
951	0.9707231	8.01998e-06
952	0.9707234	8.07907e-06
953	0.9707238	8.13847e-06
954	0.9707241	8.19818e-06
955	0.9707245	8.25821e-06
956	0.9707248	8.31854e-06
957	0.9707252	8.37919e-06
958	0.9707255	8.44016e-06
959	0.9707259	8.50144e-06
960	0.9707262	8.56303e-06
961	0.9707266	8.62494e-06
962	0.9707269	8.68717e-06
963	0.9707273	8.74972e-06
964	0.9707276	8.81259e-06
965	0.970728	8.87578e-06
966	0.9707283	8.93928e-06
967	0.9707287	9.00311e-06
968	0.970729	9.06727e-06
969	0.9707293	9.13174e-06
970	0.9707297	9.19654e-06
971	0.97073	9.26167e-06
972	0.9707304	9.32712e-06
973	0.9707307	9.39289e-06
974	0.970731	9.459e-06
975	0.9707314	9.52543e-06
976	0.9707317	9.59219e-06
977	0.970732	9.65928e-06
978	0.9707324	9.7267e-06
979	0.9707327	9.79446e-06
980	0.9707331	9.86254e-06
981	0.9707334	9.93096e-06
982	0.9707337	9.99971e-06
983	0.970734	1.00688e-05
984	0.9707344	1.01382e-05
985	0.9707347	1.0208e-05
986	0.970735	1.02781e-05
987	0.9707354	1.03485e-05
988	0.9707357	1.04193e-05
989	0.970736	1.04904e-05
990	0.9707363	1.05618e-05
991	0.9707367	1.06336e-05
992	0.970737	1.07058e-05
993	0.9707373	1.07783e-05
994	0.9707376	1.08511e-05
995	0.970738	1.09242e-05
996	0.9707383	1.09977e-05
997	0.9707386	1.10716e-05
998	0.9707389	1.11458e-05
999	0.9707392	1.12204e-05
aoi	35	
380	0.7331339	0.000176473
381	0.7340989	0.000179429
382	0.736171	0.000177592
383	0.7393115	0.000171249
384	0.7424263	0.000165127
385	0.7455148	0.00015922
386	0.7485779	0.00015352
387	0.7516153	0.000148021
388	0.7548279	0.000142678
389	0.7581815	0.000137485
390	0.7615088	0.000132464
391	0.7648096	0.000127611
392	0.7680826	0.000122919
393	0.7713292	0.000118385
394	0.7744821	0.000114085
395	0.7775061	0.000110049
396	0.7805037	0.000106146
397	0.7834754	0.000102371
398	0.7864212	9.87213e-05
399	0.7893402	9.5192e-05
400	0.7921839	9.18259e-05
401	0.7940213	8.94674e-05
402	0.79584	8.71735e-05
403	0.7976398	8.49424e-05
404	0.7994216	8.27724e-05
405	0.8011853	8.06617e-05
406	0.8029305	7.86087e-05
407	0.8046051	7.66808e-05
408	0.8062084	7.48736e-05
409	0.8077952	7.31126e-05
410	0.8093652	7.13967e-05
411	0.8109192	6.97246e-05
412	0.8124572	6.80952e-05
413	0.8139791	6.65073e-05
414	0.8159469	6.46748e-05
415	0.818078	6.2783e-05
416	0.8201884	6.09456e-05
417	0.8222778	5.91611e-05
418	0.8243469	5.74279e-05
419	0.8263958	5.57446e-05
420	0.8284245	5.41098e-05
421	0.830405	5.26023e-05
422	0.8323554	5.11673e-05
423	0.8342872	4.97701e-05
424	0.8362001	4.84096e-05
425	0.8380946	4.70851e-05
426	0.8399711	4.57955e-05
427	0.8418295	4.45399e-05
428	0.8433946	4.354e-05
429	0.8446295	4.28147e-05
430	0.8458523	4.21026e-05
431	0.8470626	4.14035e-05
432	0.8482609	4.0717e-05
433	0.8494475	4.0043e-05
434	0.8506224	3.93812e-05
435	0.8517853	3.87314e-05
436	0.8529217	3.81152e-05
437	0.8540466	3.75106e-05
438	0.8551603	3.69166e-05
439	0.856263	3.63329e-05
440	0.8573551	3.57593e-05
441	0.8584367	3.51958e-05
442	0.8595074	3.4642e-05
443	0.8606494	3.40422e-05
444	0.8621134	3.32292e-05
445	0.8635634	3.24352e-05
446	0.8649995	3.166e-05
447	0.8664219	3.0903e-05
448	0.867831	3.01638e-05
449	0.8692265	2.94419e-05
450	0.8706086	2.87371e-05
451	0.8719877	2.80443e-05
452	0.8734121	2.73415e-05
453	0.8748228	2.66556e-05
454	0.8762204	2.59862e-05
455	0.8776049	2.53328e-05
456	0.8789763	2.46951e-05
457	0.8803347	2.40727e-05
458	0.8816804	2.34653e-05
459	0.8830136	2.28725e-05
460	0.8842749	2.23381e-05
461	0.8855095	2.18268e-05
462	0.8867329	2.13266e-05
463	0.887945	2.08372e-05
464	0.8891459	2.03585e-05
465	0.890336	1.98902e-05
466	0.8915152	1.94321e-05
467	0.8926835	1.89839e-05
468	0.8938242	1.85539e-05
469	0.8948434	1.81874e-05
470	0.8958532	1.7828e-05
471	0.8968539	1.74755e-05
472	0.8978455	1.71299e-05
473	0.8988283	1.67909e-05
474	0.8998022	1.64584e-05
475	0.9007673	1.61323e-05
476	0.9017238	1.58125e-05
477	0.9026363	1.55137e-05
478	0.9033127	1.53153e-05
479	0.9039831	1.51197e-05
480	0.9046475	1.49268e-05
481	0.9053059	1.47367e-05
482	0.9059584	1.45494e-05
483	0.9066052	1.43646e-05
484	0.9072463	1.41825e-05
485	0.9078816	1.40029e-05
486	0.9085114	1.38259e-05
487	0.9090655	1.36733e-05
488	0.9095954	1.35287e-05
489	0.9101206	1.3386e-05
490	0.9106412	1.32451e-05
491	0.9111572	1.31059e-05
492	0.9116686	1.29686e-05
493	0.9121756	1.2833e-05
494	0.9126782	1.26991e-05
495	0.9131764	1.25669e-05
496	0.9136716	1.24347e-05
497	0.914184	1.22785e-05
498	0.9146919	1.21247e-05
499	0.9151952	1.19732e-05
500	0.9156941	1.1824e-05
501	0.9161887	1.1677e-05
502	0.9166789	1.15321e-05
503	0.9171647	1.13895e-05
504	0.9176463	1.1249e-05
505	0.9181238	1.11105e-05
506	0.918597	1.09741e-05
507	0.9190557	1.08454e-05
508	0.9195097	1.07189e-05
509	0.9199598	1.05942e-05
510	0.920406	1.04712e-05
511	0.9208485	1.035e-05
512	0.9212872	1.02305e-05
513	0.9217222	1.01126e-05
514	0.9221535	9.99643e-06
515	0.9225812	9.88188e-06
516	0.9230054	9.76893e-06
517	0.9234122	9.66844e-06
518	0.9237948	9.58572e-06
519	0.9241744	9.50389e-06
520	0.924551	9.42294e-06
521	0.9249245	9.34287e-06
522	0.9252951	9.26367e-06
523	0.9256629	9.18531e-06
524	0.9260277	9.10779e-06
525	0.9263897	9.03111e-06
526	0.9267489	8.95524e-06
527	0.9271053	8.88018e-06
528	0.927475	8.80334e-06
529	0.9278654	8.72352e-06
530	0.9282529	8.64456e-06
531	0.9286375	8.56646e-06
532	0.9290192	8.48919e-06
533	0.9293979	8.41275e-06
534	0.929774	8.33714e-06
535	0.9301471	8.26233e-06
536	0.9305174	8.18833e-06
537	0.9308851	8.11511e-06
538	0.93125	8.04268e-06
539	0.9316121	7.97101e-06
540	0.9321057	7.86376e-06
541	0.9326051	7.75544e-06
542	0.9331007	7.64861e-06
543	0.9335926	7.54326e-06
544	0.9340809	7.43936e-06
545	0.9345656	7.33689e-06
546	0.9350467	7.23584e-06
547	0.9355242	7.13617e-06
548	0.9359982	7.03788e-06
549	0.9364687	6.94093e-06
550	0.9369358	6.84532e-06
551	0.9373994	6.75102e-06
552	0.9378428	6.66242e-06
553	0.938282	6.5752e-06
554	0.9387181	6.48914e-06
555	0.9391511	6.40421e-06
556	0.9395809	6.32041e-06
557	0.9400076	6.23771e-06
558	0.9404312	6.1561e-06
559	0.9408518	6.07556e-06
560	0.9412694	5.99608e-06
561	0.9416839	5.91765e-06
562	0.9420955	5.84025e-06
563	0.9425042	5.76386e-06
564	0.9428536	5.70102e-06
565	0.9431267	5.65536e-06
566	0.9433978	5.61014e-06
567	0.9436671	5.56538e-06
568	0.9439345	5.52105e-06
569	0.9442001	5.47716e-06
570	0.9444638	5.43371e-06
571	0.9447257	5.39067e-06
572	0.9449858	5.34806e-06
573	0.9452442	5.30587e-06
574	0.9455008	5.26408e-06
575	0.9457556	5.2227e-06
576	0.9460087	5.18173e-06
577	0.9462359	5.14642e-06
578	0.9464115	5.12231e-06
579	0.9465858	5.09838e-06
580	0.9467591	5.07461e-06
581	0.9469313	5.05102e-06
582	0.9471023	5.02759e-06
583	0.9472722	5.00433e-06
584	0.9474411	4.98124e-06
585	0.9476089	4.95831e-06
586	0.9477756	4.93554e-06
587	0.9479413	4.91294e-06
588	0.948106	4.89049e-06
589	0.9482696	4.8682e-06
590	0.9484322	4.84607e-06
591	0.948546	4.83495e-06
592	0.9486267	4.83125e-06
593	0.9487069	4.82755e-06
594	0.9487867	4.82383e-06
595	0.948866	4.82011e-06
596	0.948945	4.81638e-06
597	0.9490235	4.81264e-06
598	0.9491016	4.8089e-06
599	0.9491793	4.80514e-06
600	0.9492566	4.80138e-06
601	0.9493335	4.79761e-06
602	0.94941	4.79384e-06
603	0.9494861	4.79006e-06
604	0.9495619	4.78627e-06
605	0.9496342	4.78283e-06
606	0.9496936	4.78087e-06
607	0.9497528	4.77889e-06
608	0.9498117	4.77688e-06
609	0.9498703	4.77485e-06
610	0.9499287	4.7728e-06
611	0.9499869	4.77072e-06
612	0.9500448	4.76862e-06
613	0.9501025	4.7665e-06
614	0.9501599	4.76436e-06
615	0.9502172	4.7622e-06
616	0.9502742	4.76002e-06
617	0.9503309	4.75782e-06
618	0.9503875	4.7556e-06
619	0.9504438	4.75336e-06
620	0.950502	4.7503e-06
621	0.9505863	4.73733e-06
622	0.9506702	4.72441e-06
623	0.9507537	4.71155e-06
624	0.9508369	4.69875e-06
625	0.9509196	4.686e-06
626	0.951002	4.6733e-06
627	0.9510841	4.66065e-06
628	0.9511658	4.64806e-06
629	0.9512471	4.63552e-06
630	0.9513281	4.62304e-06
631	0.9514087	4.6106e-06
632	0.951489	4.59822e-06
633	0.9515689	4.5859e-06
634	0.9516485	4.57362e-06
635	0.9517278	4.5614e-06
636	0.9518124	4.54802e-06
637	0.9519228	4.52923e-06
638	0.9520326	4.51056e-06
639	0.9521418	4.49202e-06
640	0.9522505	4.47359e-06
641	0.9523587	4.45529e-06
642	0.9524663	4.4371e-06
643	0.9525734	4.41904e-06
644	0.95268	4.40109e-06
645	0.9527861	4.38326e-06
646	0.9528916	4.36554e-06
647	0.9529967	4.34794e-06
648	0.9531012	4.33045e-06
649	0.9532053	4.31308e-06
650	0.9533088	4.29582e-06
651	0.9534118	4.27866e-06
652	0.9535143	4.26162e-06
653	0.953646	4.24004e-06
654	0.9538136	4.21289e-06
655	0.9539802	4.18597e-06
656	0.954146	4.15928e-06
657	0.9543108	4.13281e-06
658	0.9544747	4.10657e-06
659	0.9546378	4.08054e-06
660	0.9547999	4.05474e-06
661	0.9549612	4.02915e-06
662	0.9551216	4.00377e-06
663	0.9552812	3.97861e-06
664	0.9554398	3.95366e-06
665	0.9555976	3.92891e-06
666	0.9557546	3.90437e-06
667	0.9559108	3.88003e-06
668	0.9560661	3.8559e-06
669	0.9562205	3.83196e-06
670	0.9563742	3.80822e-06
671	0.9565256	3.78596e-06
672	0.9566758	3.76416e-06
673	0.9568253	3.74254e-06
674	0.956974	3.72108e-06
675	0.957122	3.69978e-06
676	0.9572691	3.67865e-06
677	0.9574156	3.65768e-06
678	0.9575612	3.63686e-06
679	0.9577061	3.61621e-06
680	0.9578503	3.59571e-06
681	0.9579937	3.57537e-06
682	0.9581364	3.55518e-06
683	0.9582783	3.53515e-06
684	0.9584196	3.51526e-06
685	0.9585601	3.49553e-06
686	0.9586999	3.47594e-06
687	0.958839	3.4565e-06
688	0.9589774	3.43721e-06
689	0.9591019	3.42063e-06
690	0.9591709	3.41484e-06
691	0.9592396	3.40908e-06
692	0.9593081	3.40333e-06
693	0.9593763	3.39761e-06
694	0.9594442	3.39191e-06
695	0.9595119	3.38622e-06
696	0.9595793	3.38056e-06
697	0.9596464	3.37492e-06
698	0.9597133	3.36929e-06
699	0.9597799	3.36369e-06
700	0.9598463	3.3581e-06
701	0.9599124	3.35254e-06
702	0.9599783	3.34699e-06
703	0.9600439	3.34147e-06
704	0.9601093	3.33596e-06
705	0.9601744	3.33048e-06
706	0.9602393	3.32501e-06
707	0.9603039	3.31956e-06
708	0.9603683	3.31413e-06
709	0.9604377	3.30801e-06
710	0.9605118	3.30125e-06
711	0.9605855	3.29451e-06
712	0.960659	3.28781e-06
713	0.9607321	3.28113e-06
714	0.960805	3.27448e-06
715	0.9608776	3.26785e-06
716	0.9609499	3.26125e-06
717	0.9610219	3.25468e-06
718	0.9610937	3.24814e-06
719	0.9611652	3.24162e-06
720	0.9612363	3.23513e-06
721	0.9613073	3.22867e-06
722	0.9613779	3.22223e-06
723	0.9614483	3.21582e-06
724	0.9615184	3.20943e-06
725	0.9615882	3.20307e-06
726	0.9616578	3.19673e-06
727	0.9617271	3.19042e-06
728	0.9617961	3.18414e-06
729	0.9618649	3.17788e-06
730	0.9619806	3.1635e-06
731	0.9621184	3.14532e-06
732	0.9622555	3.12726e-06
733	0.962392	3.10933e-06
734	0.9625279	3.09152e-06
735	0.9626631	3.07384e-06
736	0.9627977	3.05628e-06
737	0.9629316	3.03884e-06
738	0.9630649	3.02152e-06
739	0.9631977	3.00432e-06
740	0.9633297	2.98723e-06
741	0.9634612	2.97027e-06
742	0.9635921	2.95342e-06
743	0.9637223	2.93669e-06
744	0.963852	2.92007e-06
745	0.963981	2.90357e-06
746	0.9641095	2.88717e-06
747	0.9642374	2.87089e-06
748	0.9643646	2.85472e-06
749	0.9644913	2.83866e-06
750	0.9646175	2.82271e-06
751	0.964743	2.80687e-06
752	0.9648724	2.79017e-06
753	0.9650045	2.77287e-06
754	0.965136	2.75569e-06
755	0.9652669	2.73864e-06
756	0.9653972	2.72172e-06
757	0.9655268	2.70491e-06
758	0.9656559	2.68823e-06
759	0.9657843	2.67167e-06
760	0.9659122	2.65523e-06
761	0.9660395	2.6389e-06
762	0.9661662	2.6227e-06
763	0.9662923	2.60661e-06
764	0.9664178	2.59063e-06
765	0.9665427	2.57477e-06
766	0.9666671	2.55902e-06
767	0.9667909	2.54339e-06
768	0.9669141	2.52787e-06
769	0.9670368	2.51245e-06
770	0.9671589	2.49715e-06
771	0.9672804	2.48196e-06
772	0.9674014	2.46687e-06
773	0.9675219	2.45189e-06
774	0.9676418	2.43702e-06
775	0.9677592	2.42246e-06
776	0.9678577	2.41003e-06
777	0.9679557	2.39769e-06
778	0.9680533	2.38544e-06
779	0.9681505	2.37327e-06
780	0.9682473	2.36117e-06
781	0.9683436	2.34917e-06
782	0.9684395	2.33724e-06
783	0.968535	2.32539e-06
784	0.96863	2.31362e-06
785	0.9687247	2.30193e-06
786	0.9688189	2.29032e-06
787	0.9689127	2.27879e-06
788	0.9690061	2.26733e-06
789	0.9690992	2.25595e-06
790	0.9691918	2.24465e-06
791	0.9692839	2.23342e-06
792	0.9693757	2.22226e-06
793	0.9694672	2.21118e-06
794	0.9695582	2.20017e-06
795	0.9696488	2.18924e-06
796	0.969739	2.17838e-06
797	0.9698288	2.16758e-06
798	0.9699183	2.15686e-06
799	0.9700074	2.14621e-06
800	0.9700881	2.13876e-06
801	0.9700935	2.16106e-06
802	0.9700988	2.18353e-06
803	0.9701041	2.20617e-06
804	0.9701094	2.229e-06
805	0.9701146	2.252e-06
806	0.9701198	2.27518e-06
807	0.970125	2.29854e-06
808	0.9701301	2.32209e-06
809	0.9701352	2.34581e-06
810	0.9701402	2.36972e-06
811	0.9701453	2.39381e-06
812	0.9701503	2.41809e-06
813	0.9701552	2.44255e-06
814	0.9701601	2.4672e-06
815	0.970165	2.49204e-06
816	0.9701699	2.51706e-06
817	0.9701747	2.54228e-06
818	0.9701795	2.56768e-06
819	0.9701843	2.59327e-06
820	0.970189	2.61906e-06
821	0.9701937	2.64504e-06
822	0.9701983	2.67121e-06
823	0.970203	2.69758e-06
824	0.9702076	2.72414e-06
825	0.9702122	2.7509e-06
826	0.9702167	2.77785e-06
827	0.9702212	2.80501e-06
828	0.9702257	2.83236e-06
829	0.9702302	2.85991e-06
830	0.9702346	2.88766e-06
831	0.970239	2.91562e-06
832	0.9702434	2.94377e-06
833	0.9702477	2.97213e-06
834	0.970252	3.0007e-06
835	0.9702563	3.02946e-06
836	0.9702606	3.05844e-06
837	0.9702648	3.08762e-06
838	0.970269	3.11701e-06
839	0.9702732	3.14661e-06
840	0.9702773	3.17642e-06
841	0.9702815	3.20643e-06
842	0.9702856	3.23666e-06
843	0.9702896	3.26711e-06
844	0.9702937	3.29776e-06
845	0.9702977	3.32863e-06
846	0.9703017	3.35971e-06
847	0.9703056	3.39101e-06
848	0.9703096	3.42253e-06
849	0.9703135	3.45426e-06
850	0.9703174	3.48622e-06
851	0.9703213	3.51839e-06
852	0.9703251	3.55078e-06
853	0.9703289	3.5834e-06
854	0.9703327	3.61623e-06
855	0.9703365	3.64929e-06
856	0.9703402	3.68257e-06
857	0.970344	3.71608e-06
858	0.9703477	3.74981e-06
859	0.9703513	3.78377e-06
860	0.970355	3.81796e-06
861	0.9703586	3.85238e-06
862	0.9703622	3.88702e-06
863	0.9703658	3.9219e-06
864	0.9703694	3.957e-06
865	0.9703729	3.99234e-06
866	0.9703764	4.02791e-06
867	0.9703799	4.06372e-06
868	0.9703834	4.09976e-06
869	0.9703869	4.13603e-06
870	0.9703903	4.17254e-06
871	0.9703937	4.20929e-06
872	0.9703971	4.24628e-06
873	0.9704005	4.28351e-06
874	0.9704038	4.32097e-06
875	0.9704072	4.35868e-06
876	0.9704105	4.39663e-06
877	0.9704138	4.43482e-06
878	0.970417	4.47326e-06
879	0.9704203	4.51194e-06
880	0.9704232	4.55085e-06
881	0.9704259	4.59001e-06
882	0.9704285	4.62941e-06
883	0.9704312	4.66906e-06
884	0.9704338	4.70895e-06
885	0.9704363	4.7491e-06
886	0.9704389	4.7895e-06
887	0.9704415	4.83015e-06
888	0.970444	4.87105e-06
889	0.9704465	4.9122e-06
890	0.970449	4.95361e-06
891	0.9704515	4.99527e-06
892	0.970454	5.03719e-06
893	0.9704564	5.07937e-06
894	0.9704589	5.1218e-06
895	0.9704613	5.1645e-06
896	0.9704637	5.20745e-06
897	0.9704661	5.25066e-06
898	0.9704685	5.29413e-06
899	0.9704708	5.33787e-06
900	0.9704729	5.38187e-06
901	0.9704734	5.42616e-06
902	0.9704738	5.47072e-06
903	0.9704743	5.51554e-06
904	0.9704747	5.56064e-06
905	0.9704752	5.60599e-06
906	0.9704756	5.65162e-06
907	0.9704761	5.69752e-06
908	0.9704765	5.74369e-06
909	0.970477	5.79012e-06
910	0.9704774	5.83683e-06
911	0.9704779	5.88382e-06
912	0.9704783	5.93108e-06
913	0.9704788	5.97861e-06
914	0.9704792	6.02642e-06
915	0.9704796	6.0745e-06
916	0.9704801	6.12286e-06
917	0.9704805	6.1715e-06
918	0.970481	6.22042e-06
919	0.9704814	6.26962e-06
920	0.9704818	6.3191e-06
921	0.9704823	6.36886e-06
922	0.9704827	6.41891e-06
923	0.9704831	6.46924e-06
924	0.9704836	6.51985e-06
925	0.970484	6.57075e-06
926	0.9704844	6.62193e-06
927	0.9704848	6.6734e-06
928	0.9704853	6.72516e-06
929	0.9704857	6.77721e-06
930	0.9704861	6.82955e-06
931	0.9704866	6.88217e-06
932	0.970487	6.93509e-06
933	0.9704874	6.9883e-06
934	0.9704878	7.04181e-06
935	0.9704882	7.09561e-06
936	0.9704887	7.1497e-06
937	0.9704891	7.20409e-06
938	0.9704895	7.25877e-06
939	0.9704899	7.31375e-06
940	0.9704903	7.36903e-06
941	0.9704908	7.42461e-06
942	0.9704912	7.48049e-06
943	0.9704916	7.53667e-06
944	0.970492	7.59315e-06
945	0.9704924	7.64994e-06
946	0.9704928	7.70702e-06
947	0.9704932	7.76442e-06
948	0.9704936	7.82211e-06
949	0.970494	7.88011e-06
950	0.9704944	7.93842e-06
951	0.9704949	7.99704e-06
952	0.9704953	8.05596e-06
953	0.9704957	8.1152e-06
954	0.9704961	8.17474e-06
955	0.9704965	8.23459e-06
956	0.9704969	8.29476e-06
957	0.9704973	8.35524e-06
958	0.9704977	8.41603e-06
959	0.9704981	8.47713e-06
960	0.9704985	8.53855e-06
961	0.9704989	8.60029e-06
962	0.9704993	8.66234e-06
963	0.9704997	8.72471e-06
964	0.9705	8.7874e-06
965	0.9705004	8.85041e-06
966	0.9705008	8.91374e-06
967	0.9705012	8.97739e-06
968	0.9705016	9.04136e-06
969	0.970502	9.10565e-06
970	0.9705024	9.17027e-06
971	0.9705028	9.23521e-06
972	0.9705032	9.30047e-06
973	0.9705036	9.36606e-06
974	0.9705039	9.43198e-06
975	0.9705043	9.49822e-06
976	0.9705047	9.56479e-06
977	0.9705051	9.6317e-06
978	0.9705055	9.69893e-06
979	0.9705059	9.76649e-06
980	0.9705062	9.83438e-06
981	0.9705066	9.9026e-06
982	0.970507	9.97116e-06
983	0.9705074	1.00401e-05
984	0.9705078	1.01093e-05
985	0.9705081	1.01788e-05
986	0.9705085	1.02487e-05
987	0.9705089	1.0319e-05
988	0.9705093	1.03895e-05
989	0.9705096	1.04605e-05
990	0.97051	1.05317e-05
991	0.9705104	1.06033e-05
992	0.9705107	1.06752e-05
993	0.9705111	1.07475e-05
994	0.9705115	1.08201e-05
995	0.9705119	1.08931e-05
996	0.9705122	1.09664e-05
997	0.9705126	1.104e-05
998	0.970513	1.1114e-05
999	0.9705133	1.11883e-05
aoi	40	
380	0.7423754	0.000161137
381	0.7432997	0.000163842
382	0.7452493	0.000162228
383	0.7481892	0.000156547
384	0.7511064	0.000151061
385	0.754	0.000145762
386	0.756871	0.000140645
387	0.7597191	0.000135704
388	0.7627444	0.000130893
389	0.7659127	0.000126208
390	0.7690573	0.000121675
391	0.772178	0.00011729
392	0.7752738	0.000113048
393	0.7783457	0.000108946
394	0.7813283	0.000105053
395	0.7841876	0.0001014
396	0.7870229	9.78635e-05
397	0.789835	9.44415e-05
398	0.7926237	9.11301e-05
399	0.7953882	8.79258e-05
400	0.798081	8.48684e-05
401	0.7997925	8.27435e-05
402	0.8014872	8.06752e-05
403	0.803165	7.8662e-05
404	0.8048267	7.67024e-05
405	0.8064724	7.4795e-05
406	0.8081014	7.29382e-05
407	0.8096637	7.11946e-05
408	0.8111584	6.95603e-05
409	0.8126384	6.79667e-05
410	0.8141033	6.64126e-05
411	0.8155539	6.48972e-05
412	0.8169903	6.34193e-05
413	0.8184123	6.19781e-05
414	0.820274	6.03045e-05
415	0.8222976	5.85726e-05
416	0.8243026	5.68893e-05
417	0.8262884	5.52534e-05
418	0.8282558	5.36636e-05
419	0.8302048	5.21185e-05
420	0.8321355	5.0617e-05
421	0.8340223	4.92317e-05
422	0.8358817	4.79123e-05
423	0.8377242	4.6627e-05
424	0.8395494	4.53747e-05
425	0.8413579	4.41547e-05
426	0.8431498	4.29661e-05
427	0.8449252	4.18083e-05
428	0.8464162	4.08886e-05
429	0.8475866	4.02252e-05
430	0.8487459	3.95736e-05
431	0.8498938	3.89334e-05
432	0.8510307	3.83045e-05
433	0.8521569	3.76868e-05
434	0.8532724	3.70798e-05
435	0.8543769	3.64836e-05
436	0.8554567	3.59182e-05
437	0.8565259	3.53631e-05
438	0.8575849	3.48175e-05
439	0.8586338	3.42811e-05
440	0.8596729	3.37537e-05
441	0.8607024	3.32353e-05
442	0.861722	3.27256e-05
443	0.8628118	3.2172e-05
444	0.8642169	3.1417e-05
445	0.8656091	3.06792e-05
446	0.8669885	2.99585e-05
447	0.8683553	2.92543e-05
448	0.8697098	2.85664e-05
449	0.8710517	2.78942e-05
450	0.8723815	2.72375e-05
451	0.8737089	2.65916e-05
452	0.8750818	2.59357e-05
453	0.8764421	2.52951e-05
454	0.8777902	2.46696e-05
455	0.8791262	2.40588e-05
456	0.88045	2.34624e-05
457	0.8817618	2.288e-05
458	0.8830619	2.23113e-05
459	0.8843503	2.1756e-05
460	0.8855695	2.12556e-05
461	0.8867633	2.07765e-05
462	0.8879467	2.03077e-05
463	0.8891196	1.98488e-05
464	0.8902821	1.93997e-05
465	0.8914344	1.89602e-05
466	0.8925768	1.853e-05
467	0.8937089	1.8109e-05
468	0.8948144	1.77049e-05
469	0.8958012	1.7361e-05
470	0.8967794	1.70236e-05
471	0.8977489	1.66925e-05
472	0.89871	1.63677e-05
473	0.8996629	1.6049e-05
474	0.9006075	1.57363e-05
475	0.9015438	1.54295e-05
476	0.9024721	1.51285e-05
477	0.9033577	1.48473e-05
478	0.9040111	1.46618e-05
479	0.9046589	1.44789e-05
480	0.9053012	1.42985e-05
481	0.9059379	1.41206e-05
482	0.9065691	1.39451e-05
483	0.9071949	1.3772e-05
484	0.9078154	1.36014e-05
485	0.9084305	1.3433e-05
486	0.9090404	1.3267e-05
487	0.9095758	1.31243e-05
488	0.9100875	1.29892e-05
489	0.9105947	1.28558e-05
490	0.9110977	1.2724e-05
491	0.9115964	1.25939e-05
492	0.9120908	1.24654e-05
493	0.9125811	1.23384e-05
494	0.9130673	1.2213e-05
495	0.9135494	1.20891e-05
496	0.9140286	1.19652e-05
497	0.9145243	1.18184e-05
498	0.9150157	1.16737e-05
499	0.9155028	1.15312e-05
500	0.9159858	1.13907e-05
501	0.9164647	1.12523e-05
502	0.9169396	1.11158e-05
503	0.9174104	1.09814e-05
504	0.9178773	1.08489e-05
505	0.9183402	1.07184e-05
506	0.9187993	1.05897e-05
507	0.9192442	1.04683e-05
508	0.9196847	1.03489e-05
509	0.9201217	1.02312e-05
510	0.9205549	1.01151e-05
511	0.9209847	1.00006e-05
512	0.9214109	9.88771e-06
513	0.9218337	9.77634e-06
514	0.922253	9.6665e-06
515	0.9226689	9.55816e-06
516	0.9230815	9.4513e-06
517	0.9234774	9.35634e-06
518	0.92385	9.27839e-06
519	0.9242198	9.20125e-06
520	0.9245868	9.12492e-06
521	0.9249509	9.0494e-06
522	0.9253122	8.97466e-06
523	0.9256709	8.9007e-06
524	0.9260268	8.82751e-06
525	0.9263799	8.75508e-06
526	0.9267305	8.6834e-06
527	0.9270785	8.61247e-06
528	0.9274398	8.53974e-06
529	0.927822	8.46407e-06
530	0.9282014	8.38918e-06
531	0.9285781	8.31508e-06
532	0.928952	8.24176e-06
533	0.9293231	8.1692e-06
534	0.9296917	8.0974e-06
535	0.9300574	8.02635e-06
536	0.9304206	7.95604e-06
537	0.9307811	7.88645e-06
538	0.9311391	7.81759e-06
539	0.9314945	7.74944e-06
540	0.9319805	7.64671e-06
541	0.9324725	7.54288e-06
542	0.9329608	7.44046e-06
543	0.9334457	7.33942e-06
544	0.933927	7.23975e-06
545	0.934405	7.14142e-06
546	0.9348794	7.04442e-06
547	0.9353504	6.94873e-06
548	0.9358181	6.85433e-06
549	0.9362824	6.7612e-06
550	0.9367435	6.66933e-06
551	0.9372012	6.57869e-06
552	0.9376389	6.49356e-06
553	0.9380726	6.40973e-06
554	0.9385033	6.327e-06
555	0.938931	6.24533e-06
556	0.9393557	6.16472e-06
557	0.9397773	6.08516e-06
558	0.940196	6.00662e-06
559	0.9406119	5.92909e-06
560	0.9410247	5.85257e-06
561	0.9414347	5.77703e-06
562	0.9418418	5.70247e-06
563	0.9422462	5.62886e-06
564	0.9425916	5.56844e-06
565	0.942861	5.52477e-06
566	0.9431285	5.48151e-06
567	0.9433942	5.43867e-06
568	0.9436582	5.39624e-06
569	0.9439204	5.35421e-06
570	0.9441808	5.31259e-06
571	0.9444394	5.27137e-06
572	0.9446964	5.23054e-06
573	0.9449517	5.1901e-06
574	0.9452052	5.15004e-06
575	0.9454571	5.11037e-06
576	0.9457073	5.07107e-06
577	0.9459318	5.03729e-06
578	0.9461047	5.01445e-06
579	0.9462766	4.99177e-06
580	0.9464473	4.96925e-06
581	0.946617	4.94688e-06
582	0.9467857	4.92466e-06
583	0.9469533	4.9026e-06
584	0.9471199	4.88069e-06
585	0.9472854	4.85893e-06
586	0.9474499	4.83732e-06
587	0.9476134	4.81585e-06
588	0.947776	4.79454e-06
589	0.9479375	4.77336e-06
590	0.948098	4.75233e-06
591	0.94821	4.74207e-06
592	0.9482888	4.73908e-06
593	0.9483673	4.73608e-06
594	0.9484453	4.73306e-06
595	0.948523	4.73003e-06
596	0.9486003	4.72698e-06
597	0.9486771	4.72393e-06
598	0.9487536	4.72086e-06
599	0.9488297	4.71778e-06
600	0.9489054	4.71469e-06
601	0.9489807	4.71159e-06
602	0.9490557	4.70848e-06
603	0.9491303	4.70535e-06
604	0.9492045	4.70222e-06
605	0.9492754	4.69943e-06
606	0.9493333	4.69809e-06
607	0.9493909	4.69673e-06
608	0.9494484	4.69534e-06
609	0.9495056	4.69392e-06
610	0.9495625	4.69248e-06
611	0.9496193	4.69101e-06
612	0.9496758	4.68952e-06
613	0.9497321	4.688e-06
614	0.9497882	4.68646e-06
615	0.9498441	4.6849e-06
616	0.9498998	4.68331e-06
617	0.9499553	4.68169e-06
618	0.9500105	4.68006e-06
619	0.9500656	4.6784e-06
620	0.9501225	4.67594e-06
621	0.9502054	4.66375e-06
622	0.9502879	4.65162e-06
623	0.95037	4.63953e-06
624	0.9504518	4.62749e-06
625	0.9505333	4.61549e-06
626	0.9506143	4.60354e-06
627	0.9506951	4.59164e-06
628	0.9507755	4.57979e-06
629	0.9508556	4.56798e-06
630	0.9509354	4.55622e-06
631	0.9510148	4.5445e-06
632	0.9510939	4.53283e-06
633	0.9511726	4.52121e-06
634	0.9512511	4.50963e-06
635	0.9513292	4.4981e-06
636	0.9514127	4.48543e-06
637	0.9515221	4.46741e-06
638	0.9516308	4.44951e-06
639	0.9517391	4.43172e-06
640	0.9518468	4.41405e-06
641	0.951954	4.39649e-06
642	0.9520607	4.37904e-06
643	0.9521669	4.3617e-06
644	0.9522725	4.34447e-06
645	0.9523777	4.32734e-06
646	0.9524824	4.31033e-06
647	0.9525866	4.29342e-06
648	0.9526903	4.27662e-06
649	0.9527935	4.25992e-06
650	0.9528963	4.24333e-06
651	0.9529985	4.22684e-06
652	0.9531003	4.21046e-06
653	0.9532313	4.18957e-06
654	0.9533984	4.16318e-06
655	0.9535647	4.13701e-06
656	0.95373	4.11105e-06
657	0.9538944	4.08531e-06
658	0.9540579	4.05978e-06
659	0.9542206	4.03446e-06
660	0.9543824	4.00935e-06
661	0.9545434	3.98445e-06
662	0.9547035	3.95975e-06
663	0.9548627	3.93525e-06
664	0.9550211	3.91096e-06
665	0.9551787	3.88686e-06
666	0.9553354	3.86296e-06
667	0.9554913	3.83925e-06
668	0.9556464	3.81574e-06
669	0.9558007	3.79241e-06
670	0.9559542	3.76928e-06
671	0.9561055	3.74759e-06
672	0.9562556	3.72636e-06
673	0.956405	3.70529e-06
674	0.9565537	3.68439e-06
675	0.9567016	3.66363e-06
676	0.9568487	3.64304e-06
677	0.9569951	3.62259e-06
678	0.9571407	3.6023e-06
679	0.9572856	3.58216e-06
680	0.9574298	3.56218e-06
681	0.9575733	3.54234e-06
682	0.957716	3.52264e-06
683	0.957858	3.5031e-06
684	0.9579993	3.48369e-06
685	0.9581399	3.46444e-06
686	0.9582798	3.44532e-06
687	0.958419	3.42634e-06
688	0.9585575	3.40751e-06
689	0.958682	3.39136e-06
690	0.9587509	3.38589e-06
691	0.9588196	3.38044e-06
692	0.958888	3.37501e-06
693	0.9589561	3.36959e-06
694	0.9590239	3.3642e-06
695	0.9590915	3.35882e-06
696	0.9591588	3.35346e-06
697	0.9592259	3.34812e-06
698	0.9592927	3.34279e-06
699	0.9593593	3.33748e-06
700	0.9594256	3.33219e-06
701	0.9594917	3.32692e-06
702	0.9595575	3.32167e-06
703	0.9596231	3.31643e-06
704	0.9596885	3.31121e-06
705	0.9597536	3.30601e-06
706	0.9598185	3.30082e-06
707	0.9598831	3.29565e-06
708	0.9599475	3.2905e-06
709	0.9600169	3.28466e-06
710	0.960091	3.27818e-06
711	0.9601648	3.27173e-06
712	0.9602384	3.2653e-06
713	0.9603116	3.25889e-06
714	0.9603846	3.25252e-06
715	0.9604573	3.24616e-06
716	0.9605297	3.23984e-06
717	0.9606018	3.23353e-06
718	0.9606736	3.22725e-06
719	0.9607452	3.221e-06
720	0.9608165	3.21477e-06
721	0.9608876	3.20856e-06
722	0.9609583	3.20238e-06
723	0.9610288	3.19622e-06
724	0.9610991	3.19009e-06
725	0.961169	3.18398e-06
726	0.9612387	3.1779e-06
727	0.9613082	3.17183e-06
728	0.9613773	3.16579e-06
729	0.9614463	3.15978e-06
730	0.9615624	3.14569e-06
731	0.9617007	3.12782e-06
732	0.9618384	3.11008e-06
733	0.9619755	3.09245e-06
734	0.9621119	3.07494e-06
735	0.9622477	3.05756e-06
736	0.9623828	3.04029e-06
737	0.9625174	3.02314e-06
738	0.9626513	3.00611e-06
739	0.9627846	2.98919e-06
740	0.9629173	2.97239e-06
741	0.9630493	2.9557e-06
742	0.9631808	2.93912e-06
743	0.9633117	2.92266e-06
744	0.963442	2.90631e-06
745	0.9635716	2.89006e-06
746	0.9637007	2.87393e-06
747	0.9638292	2.85791e-06
748	0.9639571	2.84199e-06
749	0.9640845	2.82618e-06
750	0.9642112	2.81047e-06
751	0.9643374	2.79487e-06
752	0.9644675	2.77841e-06
753	0.9646003	2.76135e-06
754	0.9647325	2.74442e-06
755	0.9648641	2.72761e-06
756	0.9649951	2.71092e-06
757	0.9651254	2.69435e-06
758	0.9652552	2.67789e-06
759	0.9653844	2.66156e-06
760	0.965513	2.64534e-06
761	0.965641	2.62923e-06
762	0.9657684	2.61324e-06
763	0.9658952	2.59736e-06
764	0.9660215	2.5816e-06
765	0.9661472	2.56594e-06
766	0.9662723	2.5504e-06
767	0.9663968	2.53497e-06
768	0.9665208	2.51964e-06
769	0.9666442	2.50443e-06
770	0.9667671	2.48932e-06
771	0.9668893	2.47431e-06
772	0.9670111	2.45941e-06
773	0.9671323	2.44462e-06
774	0.967253	2.42993e-06
775	0.9673712	2.41555e-06
776	0.9674703	2.4033e-06
777	0.9675689	2.39113e-06
778	0.9676671	2.37904e-06
779	0.9677649	2.36703e-06
780	0.9678623	2.35511e-06
781	0.9679592	2.34326e-06
782	0.9680557	2.33149e-06
783	0.9681518	2.3198e-06
784	0.9682475	2.30819e-06
785	0.9683427	2.29665e-06
786	0.9684376	2.28519e-06
787	0.968532	2.27381e-06
788	0.9686261	2.2625e-06
789	0.9687197	2.25127e-06
790	0.9688129	2.2401e-06
791	0.9689057	2.22902e-06
792	0.9689982	2.218e-06
793	0.9690902	2.20706e-06
794	0.9691818	2.19619e-06
795	0.9692731	2.18539e-06
796	0.9693639	2.17466e-06
797	0.9694544	2.164e-06
798	0.9695445	2.15341e-06
799	0.9696342	2.14288e-06
800	0.9697156	2.13555e-06
801	0.9697215	2.15782e-06
802	0.9697274	2.18026e-06
803	0.9697332	2.20289e-06
804	0.969739	2.22569e-06
805	0.9697448	2.24867e-06
806	0.9697505	2.27183e-06
807	0.9697562	2.29517e-06
808	0.9697618	2.31869e-06
809	0.9697674	2.34239e-06
810	0.969773	2.36627e-06
811	0.9697785	2.39034e-06
812	0.969784	2.41459e-06
813	0.9697895	2.43903e-06
814	0.9697949	2.46366e-06
815	0.9698003	2.48847e-06
816	0.9698056	2.51347e-06
817	0.9698109	2.53866e-06
818	0.9698162	2.56404e-06
819	0.9698215	2.58961e-06
820	0.9698267	2.61537e-06
821	0.9698319	2.64132e-06
822	0.969837	2.66747e-06
823	0.9698421	2.69381e-06
824	0.9698472	2.72035e-06
825	0.9698522	2.74708e-06
826	0.9698572	2.77401e-06
827	0.9698622	2.80114e-06
828	0.9698671	2.82847e-06
829	0.969872	2.85599e-06
830	0.9698769	2.88372e-06
831	0.9698818	2.91165e-06
832	0.9698866	2.93978e-06
833	0.9698913	2.96811e-06
834	0.9698961	2.99665e-06
835	0.9699008	3.02539e-06
836	0.9699055	3.05434e-06
837	0.9699101	3.0835e-06
838	0.9699148	3.11286e-06
839	0.9699194	3.14243e-06
840	0.9699239	3.17221e-06
841	0.9699285	3.2022e-06
842	0.969933	3.23241e-06
843	0.9699375	3.26282e-06
844	0.9699419	3.29345e-06
845	0.9699464	3.32429e-06
846	0.9699507	3.35535e-06
847	0.9699551	3.38662e-06
848	0.9699595	3.41811e-06
849	0.9699638	3.44982e-06
850	0.969968	3.48174e-06
851	0.9699723	3.51389e-06
852	0.9699765	3.54625e-06
853	0.9699807	3.57884e-06
854	0.9699849	3.61164e-06
855	0.9699891	3.64467e-06
856	0.9699932	3.67793e-06
857	0.9699973	3.71141e-06
858	0.9700014	3.74511e-06
859	0.9700054	3.77904e-06
860	0.9700094	3.8132e-06
861	0.9700134	3.84759e-06
862	0.9700174	3.88221e-06
863	0.9700213	3.91705e-06
864	0.9700253	3.95213e-06
865	0.9700292	3.98744e-06
866	0.970033	4.02298e-06
867	0.9700369	4.05875e-06
868	0.9700407	4.09476e-06
869	0.9700445	4.13101e-06
870	0.9700483	4.16749e-06
871	0.970052	4.20421e-06
872	0.9700558	4.24117e-06
873	0.9700595	4.27837e-06
874	0.9700632	4.3158e-06
875	0.9700668	4.35348e-06
876	0.9700705	4.3914e-06
877	0.9700741	4.42956e-06
878	0.9700777	4.46796e-06
879	0.9700812	4.50661e-06
880	0.9700845	4.5455e-06
881	0.9700875	4.58462e-06
882	0.9700904	4.62399e-06
883	0.9700934	4.6636e-06
884	0.9700963	4.70347e-06
885	0.9700992	4.74358e-06
886	0.970102	4.78395e-06
887	0.9701049	4.82456e-06
888	0.9701077	4.86543e-06
889	0.9701105	4.90655e-06
890	0.9701133	4.94793e-06
891	0.9701161	4.98956e-06
892	0.9701188	5.03144e-06
893	0.9701216	5.07359e-06
894	0.9701243	5.11599e-06
895	0.970127	5.15864e-06
896	0.9701297	5.20156e-06
897	0.9701323	5.24474e-06
898	0.970135	5.28818e-06
899	0.9701376	5.33188e-06
900	0.9701399	5.37584e-06
901	0.9701404	5.42009e-06
902	0.970141	5.4646e-06
903	0.9701415	5.50937e-06
904	0.970142	5.55441e-06
905	0.9701425	5.59972e-06
906	0.970143	5.6453e-06
907	0.9701435	5.69115e-06
908	0.9701441	5.73727e-06
909	0.9701446	5.78365e-06
910	0.9701451	5.83031e-06
911	0.9701456	5.87725e-06
912	0.9701461	5.92445e-06
913	0.9701466	5.97193e-06
914	0.9701471	6.01969e-06
915	0.9701476	6.06772e-06
916	0.9701481	6.11603e-06
917	0.9701486	6.16462e-06
918	0.9701491	6.21348e-06
919	0.9701496	6.26263e-06
920	0.9701501	6.31206e-06
921	0.9701506	6.36176e-06
922	0.9701511	6.41175e-06
923	0.9701516	6.46203e-06
924	0.9701521	6.51259e-06
925	0.9701526	6.56343e-06
926	0.9701531	6.61456e-06
927	0.9701536	6.66597e-06
928	0.970154	6.71768e-06
929	0.9701545	6.76967e-06
930	0.970155	6.82195e-06
931	0.9701555	6.87452e-06
932	0.970156	6.92738e-06
933	0.9701565	6.98053e-06
934	0.970157	7.03398e-06
935	0.9701574	7.08772e-06
936	0.9701579	7.14175e-06
937	0.9701584	7.19608e-06
938	0.9701589	7.25071e-06
939	0.9701594	7.30563e-06
940	0.9701598	7.36085e-06
941	0.9701603	7.41637e-06
942	0.9701608	7.47219e-06
943	0.9701612	7.52831e-06
944	0.9701617	7.58473e-06
945	0.9701622	7.64145e-06
946	0.9701627	7.69848e-06
947	0.9701631	7.7558e-06
948	0.9701636	7.81344e-06
949	0.9701641	7.87138e-06
950	0.9701645	7.92962e-06
951	0.970165	7.98818e-06
952	0.9701655	8.04704e-06
953	0.9701659	8.10621e-06
954	0.9701664	8.16568e-06
955	0.9701668	8.22547e-06
956	0.9701673	8.28558e-06
957	0.9701678	8.34599e-06
958	0.9701682	8.40671e-06
959	0.9701687	8.46775e-06
960	0.9701691	8.52911e-06
961	0.9701696	8.59078e-06
962	0.97017	8.65276e-06
963	0.9701705	8.71507e-06
964	0.9701709	8.77769e-06
965	0.9701714	8.84063e-06
966	0.9701718	8.90389e-06
967	0.9701723	8.96747e-06
968	0.9701727	9.03137e-06
969	0.9701732	9.09559e-06
970	0.9701736	9.16014e-06
971	0.9701741	9.22501e-06
972	0.9701745	9.29021e-06
973	0.9701749	9.35572e-06
974	0.9701754	9.42157e-06
975	0.9701758	9.48774e-06
976	0.9701763	9.55424e-06
977	0.9701767	9.62107e-06
978	0.9701771	9.68823e-06
979	0.9701776	9.75572e-06
980	0.970178	9.82354e-06
981	0.9701784	9.89169e-06
982	0.9701789	9.96017e-06
983	0.9701793	1.0029e-05
984	0.9701797	1.00981e-05
985	0.9701802	1.01676e-05
986	0.9701806	1.02375e-05
987	0.970181	1.03076e-05
988	0.9701815	1.03781e-05
989	0.9701819	1.04489e-05
990	0.9701823	1.05201e-05
991	0.9701827	1.05916e-05
992	0.9701832	1.06635e-05
993	0.9701836	1.07357e-05
994	0.970184	1.08082e-05
995	0.9701844	1.08811e-05
996	0.9701849	1.09543e-05
997	0.9701853	1.10279e-05
998	0.9701857	1.11018e-05
999	0.9701861	1.11761e-05
aoi	45	
380	0.7544308	0.000145559
381	0.7553048	0.000148007
382	0.7571094	0.000146602
383	0.7598141	0.000141564
384	0.7624985	0.000136696
385	0.7651621	0.00013199
386	0.7678057	0.000127444
387	0.7704292	0.00012305
388	0.7732303	0.000118763
389	0.7761753	0.000114581
390	0.7790992	0.000110531
391	0.782002	0.000106612
392	0.7848826	0.000102817
393	0.787742	9.91453e-05
394	0.7905174	9.56605e-05
395	0.7931757	9.23895e-05
396	0.7958129	8.92217e-05
397	0.7984295	8.6154e-05
398	0.8010254	8.31834e-05
399	0.8035999	8.03071e-05
400	0.8061069	7.75616e-05
401	0.8076658	7.56704e-05
402	0.80921	7.38282e-05
403	0.8107394	7.20339e-05
404	0.8122547	7.02861e-05
405	0.813756	6.85837e-05
406	0.8152428	6.69254e-05
407	0.8166672	6.53683e-05
408	0.8180284	6.39092e-05
409	0.8193768	6.24854e-05
410	0.820712	6.1096e-05
411	0.8220347	5.97401e-05
412	0.8233451	5.84171e-05
413	0.8246428	5.71259e-05
414	0.8263708	5.56162e-05
415	0.8282584	5.40499e-05
416	0.8301294	5.25266e-05
417	0.8319834	5.10452e-05
418	0.8338211	4.96046e-05
419	0.8356426	4.82036e-05
420	0.8374477	4.68413e-05
421	0.8392144	4.55839e-05
422	0.8409567	4.43857e-05
423	0.8426841	4.32177e-05
424	0.844396	4.2079e-05
425	0.846093	4.0969e-05
426	0.8477753	3.9887e-05
427	0.8494429	3.88323e-05
428	0.8508377	3.79971e-05
429	0.8519247	3.73986e-05
430	0.8530017	3.68103e-05
431	0.8540686	3.62322e-05
432	0.8551257	3.56638e-05
433	0.8561732	3.51052e-05
434	0.8572113	3.45562e-05
435	0.8582395	3.40165e-05
436	0.8592451	3.35047e-05
437	0.8602412	3.30021e-05
438	0.8612283	3.25077e-05
439	0.8622063	3.20215e-05
440	0.8631756	3.15432e-05
441	0.8641364	3.10727e-05
442	0.8650882	3.06099e-05
443	0.8661087	3.01057e-05
444	0.8674351	2.9413e-05
445	0.86875	2.87358e-05
446	0.8700533	2.80739e-05
447	0.8713455	2.74267e-05
448	0.8726266	2.67942e-05
449	0.8738964	2.61758e-05
450	0.8751552	2.55712e-05
451	0.8764127	2.49763e-05
452	0.8777157	2.43712e-05
453	0.8790074	2.37799e-05
454	0.8802881	2.32023e-05
455	0.8815579	2.26379e-05
456	0.8828167	2.20865e-05
457	0.8840647	2.15478e-05
458	0.8853021	2.10214e-05
459	0.886529	2.05072e-05
460	0.8876902	2.00439e-05
461	0.8888276	1.96003e-05
462	0.8899556	1.91659e-05
463	0.8910742	1.87405e-05
464	0.8921833	1.8324e-05
465	0.8932832	1.79161e-05
466	0.8943741	1.75167e-05
467	0.8954556	1.71256e-05
468	0.8965121	1.67501e-05
469	0.8974535	1.64311e-05
470	0.8983872	1.6118e-05
471	0.899313	1.58106e-05
472	0.9002312	1.55088e-05
473	0.9011419	1.52126e-05
474	0.902045	1.49219e-05
475	0.9029406	1.46364e-05
476	0.903829	1.43562e-05
477	0.9046761	1.40946e-05
478	0.9052969	1.39234e-05
479	0.9059126	1.37545e-05
480	0.9065234	1.35878e-05
481	0.907129	1.34234e-05
482	0.9077296	1.32611e-05
483	0.9083254	1.31011e-05
484	0.9089164	1.29431e-05
485	0.9095024	1.27872e-05
486	0.9100837	1.26335e-05
487	0.910592	1.25018e-05
488	0.9110773	1.23773e-05
489	0.9115587	1.22542e-05
490	0.9120361	1.21327e-05
491	0.9125097	1.20125e-05
492	0.9129794	1.18938e-05
493	0.9134453	1.17765e-05
494	0.9139075	1.16607e-05
495	0.914366	1.15461e-05
496	0.9148219	1.14315e-05
497	0.9152929	1.12951e-05
498	0.9157601	1.11607e-05
499	0.9162234	1.10282e-05
500	0.916683	1.08975e-05
501	0.9171389	1.07687e-05
502	0.9175911	1.06418e-05
503	0.9180396	1.05166e-05
504	0.9184846	1.03932e-05
505	0.918926	1.02715e-05
506	0.9193639	1.01515e-05
507	0.9197882	1.00384e-05
508	0.9202086	9.92708e-06
509	0.9206257	9.8173e-06
510	0.9210395	9.70898e-06
511	0.9214501	9.60211e-06
512	0.9218575	9.49667e-06
513	0.9222617	9.39264e-06
514	0.9226628	9.28998e-06
515	0.9230607	9.18869e-06
516	0.9234557	9.08874e-06
517	0.9238349	9.00006e-06
518	0.9241922	8.92753e-06
519	0.9245469	8.85573e-06
520	0.9248989	8.78465e-06
521	0.9252484	8.71429e-06
522	0.9255953	8.64464e-06
523	0.9259397	8.57569e-06
524	0.9262816	8.50744e-06
525	0.926621	8.43986e-06
526	0.9269581	8.37297e-06
527	0.9272927	8.30674e-06
528	0.9276408	8.23872e-06
529	0.92801	8.16777e-06
530	0.9283766	8.09755e-06
531	0.9287407	8.02803e-06
532	0.9291022	7.95922e-06
533	0.9294611	7.8911e-06
534	0.9298177	7.82367e-06
535	0.9301716	7.75692e-06
536	0.9305232	7.69084e-06
537	0.9308723	7.62542e-06
538	0.931219	7.56066e-06
539	0.9315634	7.49655e-06
540	0.9320372	7.39899e-06
541	0.9325171	7.30032e-06
542	0.9329936	7.20295e-06
543	0.9334668	7.10686e-06
544	0.9339368	7.01204e-06
545	0.9344036	6.91847e-06
546	0.934867	6.82613e-06
547	0.9353273	6.73501e-06
548	0.9357845	6.64508e-06
549	0.9362385	6.55634e-06
550	0.9366894	6.46876e-06
551	0.9371372	6.38233e-06
552	0.9375654	6.30119e-06
553	0.9379897	6.22128e-06
554	0.9384113	6.14237e-06
555	0.9388299	6.06446e-06
556	0.9392458	5.98754e-06
557	0.9396588	5.91158e-06
558	0.9400691	5.83658e-06
559	0.9404766	5.76253e-06
560	0.9408813	5.68941e-06
561	0.9412834	5.61721e-06
562	0.9416827	5.54591e-06
563	0.9420794	5.47552e-06
564	0.9424177	5.4179e-06
565	0.9426805	5.37652e-06
566	0.9429416	5.33553e-06
567	0.943201	5.29492e-06
568	0.9434588	5.25469e-06
569	0.9437148	5.21483e-06
570	0.9439693	5.17535e-06
571	0.944222	5.13623e-06
572	0.9444732	5.09747e-06
573	0.9447228	5.05906e-06
574	0.9449707	5.02102e-06
575	0.9452171	4.98332e-06
576	0.9454619	4.94597e-06
577	0.9456812	4.91398e-06
578	0.9458493	4.89263e-06
579	0.9460164	4.87142e-06
580	0.9461824	4.85035e-06
581	0.9463475	4.82941e-06
582	0.9465116	4.80862e-06
583	0.9466747	4.78796e-06
584	0.9468369	4.76744e-06
585	0.946998	4.74706e-06
586	0.9471583	4.7268e-06
587	0.9473176	4.70668e-06
588	0.9474759	4.68669e-06
589	0.9476334	4.66683e-06
590	0.9477899	4.6471e-06
591	0.9478981	4.63787e-06
592	0.9479734	4.63572e-06
593	0.9480483	4.63356e-06
594	0.9481228	4.63138e-06
595	0.9481971	4.62918e-06
596	0.9482709	4.62696e-06
597	0.9483444	4.62473e-06
598	0.9484175	4.62248e-06
599	0.9484903	4.62022e-06
600	0.9485628	4.61794e-06
601	0.9486349	4.61565e-06
602	0.9487067	4.61334e-06
603	0.9487781	4.61101e-06
604	0.9488492	4.60867e-06
605	0.948917	4.60666e-06
606	0.9489718	4.60609e-06
607	0.9490263	4.60548e-06
608	0.9490807	4.60484e-06
609	0.9491349	4.60417e-06
610	0.9491889	4.60348e-06
611	0.9492427	4.60275e-06
612	0.9492963	4.602e-06
613	0.9493497	4.60121e-06
614	0.9494029	4.6004e-06
615	0.9494559	4.59957e-06
616	0.9495088	4.5987e-06
617	0.9495615	4.59781e-06
618	0.949614	4.59689e-06
619	0.9496663	4.59594e-06
620	0.9497206	4.59421e-06
621	0.9498004	4.58297e-06
622	0.94988	4.57177e-06
623	0.9499592	4.56061e-06
624	0.9500381	4.54949e-06
625	0.9501167	4.5384e-06
626	0.950195	4.52736e-06
627	0.950273	4.51635e-06
628	0.9503507	4.50538e-06
629	0.9504281	4.49445e-06
630	0.9505052	4.48356e-06
631	0.950582	4.47271e-06
632	0.9506584	4.46189e-06
633	0.9507346	4.45111e-06
634	0.9508105	4.44037e-06
635	0.9508862	4.42967e-06
636	0.9509672	4.41785e-06
637	0.9510741	4.40076e-06
638	0.9511805	4.38377e-06
639	0.9512864	4.36689e-06
640	0.9513918	4.35011e-06
641	0.9514967	4.33343e-06
642	0.9516012	4.31686e-06
643	0.9517051	4.30038e-06
644	0.9518086	4.28401e-06
645	0.9519117	4.26773e-06
646	0.9520142	4.25155e-06
647	0.9521163	4.23547e-06
648	0.952218	4.21949e-06
649	0.9523192	4.2036e-06
650	0.9524199	4.18781e-06
651	0.9525202	4.17211e-06
652	0.9526201	4.15651e-06
653	0.9527494	4.13645e-06
654	0.9529149	4.11095e-06
655	0.9530796	4.08565e-06
656	0.9532435	4.06055e-06
657	0.9534064	4.03566e-06
658	0.9535686	4.01097e-06
659	0.9537299	3.98647e-06
660	0.9538903	3.96218e-06
661	0.95405	3.93808e-06
662	0.9542088	3.91417e-06
663	0.9543668	3.89045e-06
664	0.954524	3.86693e-06
665	0.9546804	3.84359e-06
666	0.954836	3.82044e-06
667	0.9549908	3.79747e-06
668	0.9551448	3.77468e-06
669	0.955298	3.75207e-06
670	0.9554505	3.72965e-06
671	0.9556008	3.70863e-06
672	0.95575	3.68807e-06
673	0.9558986	3.66765e-06
674	0.9560463	3.64739e-06
675	0.9561934	3.62727e-06
676	0.9563397	3.6073e-06
677	0.9564853	3.58748e-06
678	0.9566302	3.5678e-06
679	0.9567743	3.54826e-06
680	0.9569178	3.52887e-06
681	0.9570606	3.50961e-06
682	0.9572026	3.4905e-06
683	0.957344	3.47153e-06
684	0.9574847	3.45269e-06
685	0.9576247	3.43399e-06
686	0.957764	3.41542e-06
687	0.9579026	3.39699e-06
688	0.9580406	3.37869e-06
689	0.9581646	3.36304e-06
690	0.9582327	3.35796e-06
691	0.9583005	3.3529e-06
692	0.9583681	3.34785e-06
693	0.9584355	3.34282e-06
694	0.9585026	3.3378e-06
695	0.9585695	3.3328e-06
696	0.9586361	3.32782e-06
697	0.9587024	3.32284e-06
698	0.9587686	3.31789e-06
699	0.9588345	3.31295e-06
700	0.9589001	3.30802e-06
701	0.9589655	3.30311e-06
702	0.9590307	3.29821e-06
703	0.9590957	3.29333e-06
704	0.9591604	3.28846e-06
705	0.9592249	3.28361e-06
706	0.9592892	3.27877e-06
707	0.9593532	3.27395e-06
708	0.959417	3.26914e-06
709	0.9594859	3.26365e-06
710	0.9595595	3.25752e-06
711	0.9596329	3.2514e-06
712	0.9597059	3.24532e-06
713	0.9597787	3.23925e-06
714	0.9598513	3.23321e-06
715	0.9599235	3.22719e-06
716	0.9599955	3.22119e-06
717	0.9600672	3.21521e-06
718	0.9601387	3.20926e-06
719	0.9602098	3.20333e-06
720	0.9602808	3.19742e-06
721	0.9603514	3.19153e-06
722	0.9604218	3.18566e-06
723	0.960492	3.17982e-06
724	0.9605619	3.17399e-06
725	0.9606315	3.16819e-06
726	0.9607009	3.16241e-06
727	0.96077	3.15665e-06
728	0.9608389	3.15091e-06
729	0.9609075	3.14519e-06
730	0.9610237	3.13145e-06
731	0.9611623	3.11394e-06
732	0.9613002	3.09654e-06
733	0.9614375	3.07927e-06
734	0.9615743	3.06211e-06
735	0.9617104	3.04506e-06
736	0.9618458	3.02813e-06
737	0.9619807	3.01131e-06
738	0.9621149	2.9946e-06
739	0.9622486	2.978e-06
740	0.9623816	2.96151e-06
741	0.9625141	2.94514e-06
742	0.9626459	2.92887e-06
743	0.9627772	2.91271e-06
744	0.9629079	2.89665e-06
745	0.9630379	2.88071e-06
746	0.9631675	2.86486e-06
747	0.9632964	2.84912e-06
748	0.9634247	2.83349e-06
749	0.9635525	2.81796e-06
750	0.9636797	2.80253e-06
751	0.9638064	2.7872e-06
752	0.963937	2.77101e-06
753	0.9640703	2.75423e-06
754	0.9642031	2.73756e-06
755	0.9643352	2.72101e-06
756	0.9644667	2.70458e-06
757	0.9645977	2.68827e-06
758	0.964728	2.67206e-06
759	0.9648578	2.65598e-06
760	0.964987	2.64e-06
761	0.9651156	2.62414e-06
762	0.9652436	2.60838e-06
763	0.9653711	2.59274e-06
764	0.965498	2.5772e-06
765	0.9656243	2.56178e-06
766	0.96575	2.54646e-06
767	0.9658752	2.53124e-06
768	0.9659999	2.51613e-06
769	0.9661239	2.50113e-06
770	0.9662475	2.48623e-06
771	0.9663705	2.47143e-06
772	0.9664929	2.45674e-06
773	0.9666148	2.44214e-06
774	0.9667362	2.42765e-06
775	0.9668551	2.41346e-06
776	0.9669546	2.4014e-06
777	0.9670537	2.38942e-06
778	0.9671524	2.37752e-06
779	0.9672507	2.3657e-06
780	0.9673485	2.35395e-06
781	0.967446	2.34228e-06
782	0.967543	2.33069e-06
783	0.9676396	2.31918e-06
784	0.9677358	2.30774e-06
785	0.9678316	2.29637e-06
786	0.9679269	2.28508e-06
787	0.9680219	2.27386e-06
788	0.9681165	2.26271e-06
789	0.9682107	2.25164e-06
790	0.9683044	2.24063e-06
791	0.9683978	2.2297e-06
792	0.9684908	2.21884e-06
793	0.9685834	2.20805e-06
794	0.9686756	2.19732e-06
795	0.9687674	2.18667e-06
796	0.9688588	2.17608e-06
797	0.9689499	2.16557e-06
798	0.9690405	2.15511e-06
799	0.9691308	2.14473e-06
800	0.9692128	2.13752e-06
801	0.9692193	2.15983e-06
802	0.9692258	2.18231e-06
803	0.9692322	2.20497e-06
804	0.9692386	2.22781e-06
805	0.9692449	2.25082e-06
806	0.9692512	2.27402e-06
807	0.9692575	2.29739e-06
808	0.9692637	2.32095e-06
809	0.9692699	2.34469e-06
810	0.969276	2.36862e-06
811	0.9692821	2.39272e-06
812	0.9692881	2.41702e-06
813	0.9692941	2.4415e-06
814	0.9693001	2.46616e-06
815	0.969306	2.49101e-06
816	0.9693119	2.51606e-06
817	0.9693178	2.54129e-06
818	0.9693236	2.56671e-06
819	0.9693293	2.59232e-06
820	0.9693351	2.61813e-06
821	0.9693408	2.64412e-06
822	0.9693464	2.67031e-06
823	0.969352	2.6967e-06
824	0.9693576	2.72328e-06
825	0.9693632	2.75006e-06
826	0.9693687	2.77704e-06
827	0.9693741	2.80421e-06
828	0.9693796	2.83158e-06
829	0.969385	2.85916e-06
830	0.9693903	2.88693e-06
831	0.9693957	2.91491e-06
832	0.969401	2.94309e-06
833	0.9694062	2.97147e-06
834	0.9694114	3.00006e-06
835	0.9694166	3.02885e-06
836	0.9694218	3.05785e-06
837	0.9694269	3.08705e-06
838	0.969432	3.11647e-06
839	0.9694371	3.14609e-06
840	0.9694421	3.17593e-06
841	0.9694471	3.20597e-06
842	0.9694521	3.23623e-06
843	0.969457	3.26669e-06
844	0.9694619	3.29738e-06
845	0.9694667	3.32827e-06
846	0.9694716	3.35939e-06
847	0.9694764	3.39071e-06
848	0.9694811	3.42226e-06
849	0.9694859	3.45402e-06
850	0.9694906	3.486e-06
851	0.9694953	3.51821e-06
852	0.9694999	3.55063e-06
853	0.9695046	3.58327e-06
854	0.9695091	3.61614e-06
855	0.9695137	3.64923e-06
856	0.9695182	3.68255e-06
857	0.9695228	3.71609e-06
858	0.9695272	3.74985e-06
859	0.9695317	3.78385e-06
860	0.9695361	3.81807e-06
861	0.9695405	3.85252e-06
862	0.9695449	3.8872e-06
863	0.9695492	3.92211e-06
864	0.9695535	3.95725e-06
865	0.9695578	3.99262e-06
866	0.969562	4.02823e-06
867	0.9695663	4.06407e-06
868	0.9695705	4.10015e-06
869	0.9695747	4.13646e-06
870	0.9695788	4.17301e-06
871	0.969583	4.2098e-06
872	0.9695871	4.24683e-06
873	0.9695911	4.28409e-06
874	0.9695952	4.3216e-06
875	0.9695992	4.35935e-06
876	0.9696032	4.39734e-06
877	0.9696072	4.43557e-06
878	0.9696111	4.47405e-06
879	0.9696151	4.51277e-06
880	0.9696187	4.55173e-06
881	0.969622	4.59092e-06
882	0.9696253	4.63037e-06
883	0.9696285	4.67006e-06
884	0.9696317	4.70999e-06
885	0.9696349	4.75018e-06
886	0.9696381	4.79062e-06
887	0.9696413	4.83132e-06
888	0.9696444	4.87226e-06
889	0.9696476	4.91346e-06
890	0.9696507	4.95491e-06
891	0.9696537	4.99662e-06
892	0.9696568	5.03858e-06
893	0.9696599	5.08081e-06
894	0.9696629	5.12329e-06
895	0.9696659	5.16602e-06
896	0.9696689	5.20902e-06
897	0.9696718	5.25228e-06
898	0.9696748	5.2958e-06
899	0.9696777	5.33959e-06
900	0.9696803	5.38364e-06
901	0.9696809	5.42795e-06
902	0.9696815	5.47252e-06
903	0.9696821	5.51736e-06
904	0.9696827	5.56247e-06
905	0.9696832	5.60785e-06
906	0.9696838	5.65349e-06
907	0.9696844	5.69941e-06
908	0.969685	5.74559e-06
909	0.9696856	5.79205e-06
910	0.9696862	5.83878e-06
911	0.9696867	5.88578e-06
912	0.9696873	5.93306e-06
913	0.9696879	5.98061e-06
914	0.9696885	6.02844e-06
915	0.9696891	6.07654e-06
916	0.9696896	6.12492e-06
917	0.9696902	6.17358e-06
918	0.9696908	6.22252e-06
919	0.9696913	6.27174e-06
920	0.9696919	6.32124e-06
921	0.9696925	6.37102e-06
922	0.969693	6.42109e-06
923	0.9696936	6.47144e-06
924	0.9696942	6.52207e-06
925	0.9696947	6.57299e-06
926	0.9696953	6.6242e-06
927	0.9696958	6.67569e-06
928	0.9696964	6.72747e-06
929	0.969697	6.77954e-06
930	0.9696975	6.8319e-06
931	0.9696981	6.88455e-06
932	0.9696986	6.93749e-06
933	0.9696992	6.99072e-06
934	0.9696997	7.04425e-06
935	0.9697003	7.09807e-06
936	0.9697008	7.15218e-06
937	0.9697014	7.20659e-06
938	0.9697019	7.2613e-06
939	0.9697025	7.3163e-06
940	0.969703	7.37161e-06
941	0.9697035	7.42721e-06
942	0.9697041	7.48311e-06
943	0.9697046	7.53932e-06
944	0.9697052	7.59582e-06
945	0.9697057	7.65263e-06
946	0.9697062	7.70974e-06
947	0.9697068	7.76715e-06
948	0.9697073	7.82487e-06
949	0.9697078	7.8829e-06
950	0.9697084	7.94123e-06
951	0.9697089	7.99987e-06
952	0.9697094	8.05882e-06
953	0.96971	8.11808e-06
954	0.9697105	8.17765e-06
955	0.969711	8.23753e-06
956	0.9697115	8.29772e-06
957	0.9697121	8.35822e-06
958	0.9697126	8.41904e-06
959	0.9697131	8.48017e-06
960	0.9697136	8.54162e-06
961	0.9697141	8.60338e-06
962	0.9697147	8.66546e-06
963	0.9697152	8.72786e-06
964	0.9697157	8.79057e-06
965	0.9697162	8.85361e-06
966	0.9697167	8.91696e-06
967	0.9697172	8.98064e-06
968	0.9697177	9.04464e-06
969	0.9697183	9.10896e-06
970	0.9697188	9.1736e-06
971	0.9697193	9.23857e-06
972	0.9697198	9.30386e-06
973	0.9697203	9.36948e-06
974	0.9697208	9.43543e-06
975	0.9697213	9.5017e-06
976	0.9697218	9.5683e-06
977	0.9697223	9.63523e-06
978	0.9697228	9.70249e-06
979	0.9697233	9.77008e-06
980	0.9697238	9.838e-06
981	0.9697243	9.90626e-06
982	0.9697248	9.97484e-06
983	0.9697253	1.00438e-05
984	0.9697258	1.0113e-05
985	0.9697263	1.01826e-05
986	0.9697268	1.02525e-05
987	0.9697273	1.03228e-05
988	0.9697277	1.03934e-05
989	0.9697282	1.04644e-05
990	0.9697287	1.05356e-05
991	0.9697292	1.06073e-05
992	0.9697297	1.06792e-05
993	0.9697302	1.07515e-05
994	0.9697307	1.08242e-05
995	0.9697311	1.08972e-05
996	0.9697316	1.09705e-05
997	0.9697321	1.10442e-05
998	0.9697326	1.11182e-05
999	0.9697331	1.11926e-05
aoi	50	
380	0.769499	0.000129893
381	0.7703132	0.00013208
382	0.7719543	0.000130868
383	0.7743959	0.000126449
384	0.7768197	0.000122175
385	0.779225	0.000118043
386	0.7816127	0.000114048
387	0.7839827	0.000110186
388	0.7865285	0.00010641
389	0.789217	0.000102719
390	0.7918869	9.91435e-05
391	0.7945383	9.56809e-05
392	0.7971701	9.23274e-05
393	0.7997834	8.90801e-05
394	0.8023184	8.59979e-05
395	0.8047438	8.31051e-05
396	0.8071506	8.0302e-05
397	0.8095396	7.75859e-05
398	0.8119104	7.49544e-05
399	0.8142626	7.24049e-05
400	0.8165521	6.99708e-05
401	0.8179366	6.83098e-05
402	0.8193084	6.6691e-05
403	0.8206673	6.51132e-05
404	0.8220142	6.35755e-05
405	0.8233489	6.20769e-05
406	0.8246711	6.06161e-05
407	0.8259359	5.92449e-05
408	0.8271424	5.79604e-05
409	0.8283379	5.67063e-05
410	0.829522	5.54818e-05
411	0.8306955	5.42861e-05
412	0.8318584	5.31186e-05
413	0.8330105	5.19785e-05
414	0.8345789	5.06355e-05
415	0.8363029	4.92383e-05
416	0.8380126	4.78787e-05
417	0.8397076	4.65557e-05
418	0.8413884	4.52683e-05
419	0.8430552	4.40156e-05
420	0.8447079	4.27967e-05
421	0.846328	4.16713e-05
422	0.8479274	4.05983e-05
423	0.8495137	3.95517e-05
424	0.8510867	3.85308e-05
425	0.8526467	3.7535e-05
426	0.854194	3.65637e-05
427	0.8557285	3.56164e-05
428	0.857005	3.48689e-05
429	0.8579899	3.43372e-05
430	0.8589662	3.38144e-05
431	0.8599336	3.33003e-05
432	0.8608925	3.27947e-05
433	0.8618431	3.22974e-05
434	0.8627855	3.18084e-05
435	0.8637193	3.13275e-05
436	0.864633	3.08716e-05
437	0.8655384	3.04236e-05
438	0.866436	2.99827e-05
439	0.8673257	2.95488e-05
440	0.8682079	2.91218e-05
441	0.8690826	2.87015e-05
442	0.8699497	2.8288e-05
443	0.8708829	2.78358e-05
444	0.8721095	2.72093e-05
445	0.8733259	2.65965e-05
446	0.8745324	2.59971e-05
447	0.8757291	2.54108e-05
448	0.8769163	2.48374e-05
449	0.8780936	2.42765e-05
450	0.8792613	2.37278e-05
451	0.8804289	2.31874e-05
452	0.8816416	2.2637e-05
453	0.8828443	2.20989e-05
454	0.8840375	2.15728e-05
455	0.8852213	2.10585e-05
456	0.8863954	2.05557e-05
457	0.8875601	2.00642e-05
458	0.8887155	1.95837e-05
459	0.8898618	1.9114e-05
460	0.8909468	1.8691e-05
461	0.8920101	1.82859e-05
462	0.8930651	1.78889e-05
463	0.8941119	1.75e-05
464	0.8951503	1.71189e-05
465	0.8961807	1.67455e-05
466	0.8972032	1.63797e-05
467	0.8982175	1.60213e-05
468	0.8992083	1.56772e-05
469	0.9000893	1.53854e-05
470	0.9009635	1.50988e-05
471	0.9018308	1.48173e-05
472	0.9026914	1.45409e-05
473	0.9035454	1.42693e-05
474	0.9043927	1.40026e-05
475	0.9052334	1.37407e-05
476	0.9060677	1.34835e-05
477	0.9068628	1.32434e-05
478	0.9074397	1.30878e-05
479	0.9080121	1.29342e-05
480	0.9085801	1.27827e-05
481	0.9091437	1.2633e-05
482	0.9097029	1.24853e-05
483	0.9102578	1.23395e-05
484	0.9108084	1.21956e-05
485	0.9113547	1.20535e-05
486	0.9118969	1.19132e-05
487	0.9123682	1.17937e-05
488	0.9128175	1.16808e-05
489	0.9132633	1.15692e-05
490	0.9137057	1.14588e-05
491	0.9141447	1.13498e-05
492	0.9145803	1.1242e-05
493	0.9150126	1.11354e-05
494	0.9154417	1.103e-05
495	0.9158675	1.09258e-05
496	0.916291	1.08215e-05
497	0.9167279	1.06968e-05
498	0.9171614	1.05737e-05
499	0.9175916	1.04524e-05
500	0.9180185	1.03328e-05
501	0.9184422	1.02147e-05
502	0.9188627	1.00983e-05
503	0.9192799	9.9835e-06
504	0.9196941	9.87023e-06
505	0.9201051	9.75851e-06
506	0.9205131	9.6483e-06
507	0.9209084	9.54444e-06
508	0.9213003	9.44224e-06
509	0.9216892	9.34138e-06
510	0.9220752	9.24181e-06
511	0.9224584	9.14353e-06
512	0.9228389	9.04652e-06
513	0.9232165	8.95076e-06
514	0.9235914	8.85622e-06
515	0.9239636	8.7629e-06
516	0.924333	8.67077e-06
517	0.9246882	8.58919e-06
518	0.9250231	8.52279e-06
519	0.9253558	8.45702e-06
520	0.9256861	8.39189e-06
521	0.9260141	8.3274e-06
522	0.9263399	8.26352e-06
523	0.9266634	8.20026e-06
524	0.9269848	8.13761e-06
525	0.9273039	8.07555e-06
526	0.9276209	8.0141e-06
527	0.9279357	7.95323e-06
528	0.9282643	7.89057e-06
529	0.9286141	7.82503e-06
530	0.9289615	7.76012e-06
531	0.9293067	7.69584e-06
532	0.9296495	7.63219e-06
533	0.9299902	7.56915e-06
534	0.9303286	7.50672e-06
535	0.9306647	7.4449e-06
536	0.9309987	7.38367e-06
537	0.9313305	7.32304e-06
538	0.9316601	7.26299e-06
539	0.9319876	7.20351e-06
540	0.9324428	7.11191e-06
541	0.932904	7.01917e-06
542	0.9333623	6.92762e-06
543	0.9338175	6.83724e-06
544	0.9342698	6.74802e-06
545	0.9347192	6.65994e-06
546	0.9351656	6.57298e-06
547	0.9356091	6.48713e-06
548	0.9360498	6.40238e-06
549	0.9364876	6.31871e-06
550	0.9369226	6.2361e-06
551	0.9373547	6.15455e-06
552	0.9377677	6.07803e-06
553	0.9381772	6.00264e-06
554	0.9385842	5.92817e-06
555	0.9389885	5.85462e-06
556	0.9393902	5.78196e-06
557	0.9397894	5.7102e-06
558	0.940186	5.63931e-06
559	0.9405801	5.56929e-06
560	0.9409717	5.50013e-06
561	0.9413608	5.43181e-06
562	0.9417474	5.36432e-06
563	0.9421316	5.29765e-06
564	0.9424583	5.2433e-06
565	0.9427104	5.20461e-06
566	0.9429609	5.16626e-06
567	0.9432099	5.12826e-06
568	0.9434574	5.0906e-06
569	0.9437034	5.05327e-06
570	0.9439479	5.01628e-06
571	0.9441909	4.97961e-06
572	0.9444324	4.94328e-06
573	0.9446725	4.90726e-06
574	0.9449111	4.87157e-06
575	0.9451482	4.83619e-06
576	0.945384	4.80112e-06
577	0.9455945	4.77123e-06
578	0.9457545	4.75163e-06
579	0.9459135	4.73215e-06
580	0.9460716	4.7128e-06
581	0.9462288	4.69356e-06
582	0.9463851	4.67445e-06
583	0.9465406	4.65545e-06
584	0.9466952	4.63657e-06
585	0.9468489	4.61781e-06
586	0.9470017	4.59916e-06
587	0.9471537	4.58063e-06
588	0.9473049	4.56221e-06
589	0.9474553	4.54391e-06
590	0.9476048	4.52572e-06
591	0.9477065	4.51771e-06
592	0.9477756	4.51658e-06
593	0.9478444	4.51543e-06
594	0.9479129	4.51426e-06
595	0.9479811	4.51307e-06
596	0.948049	4.51185e-06
597	0.9481166	4.51061e-06
598	0.9481839	4.50936e-06
599	0.9482509	4.50808e-06
600	0.9483176	4.50678e-06
601	0.9483841	4.50546e-06
602	0.9484502	4.50412e-06
603	0.9485161	4.50276e-06
604	0.9485817	4.50138e-06
605	0.948644	4.50033e-06
606	0.9486933	4.50068e-06
607	0.9487424	4.50099e-06
608	0.9487913	4.50127e-06
609	0.9488402	4.50152e-06
610	0.9488888	4.50173e-06
611	0.9489373	4.50191e-06
612	0.9489857	4.50206e-06
613	0.9490339	4.50218e-06
614	0.949082	4.50227e-06
615	0.94913	4.50232e-06
616	0.9491778	4.50234e-06
617	0.9492255	4.50234e-06
618	0.949273	4.5023e-06
619	0.9493204	4.50223e-06
620	0.9493697	4.50139e-06
621	0.9494442	4.4913e-06
622	0.9495184	4.48123e-06
623	0.9495924	4.47119e-06
624	0.9496661	4.46118e-06
625	0.9497396	4.45121e-06
626	0.9498127	4.44126e-06
627	0.9498857	4.43134e-06
628	0.9499584	4.42145e-06
629	0.9500308	4.41159e-06
630	0.950103	4.40175e-06
631	0.9501749	4.39195e-06
632	0.9502466	4.38218e-06
633	0.950318	4.37243e-06
634	0.9503892	4.36272e-06
635	0.9504602	4.35304e-06
636	0.9505366	4.34224e-06
637	0.9506389	4.32627e-06
638	0.9507408	4.31039e-06
639	0.9508421	4.29461e-06
640	0.9509431	4.27891e-06
641	0.9510436	4.26331e-06
642	0.9511438	4.2478e-06
643	0.9512434	4.23237e-06
644	0.9513427	4.21703e-06
645	0.9514416	4.20179e-06
646	0.95154	4.18662e-06
647	0.951638	4.17155e-06
648	0.9517356	4.15656e-06
649	0.9518329	4.14166e-06
650	0.9519296	4.12684e-06
651	0.9520261	4.11211e-06
652	0.9521221	4.09746e-06
653	0.9522477	4.07841e-06
654	0.9524098	4.05396e-06
655	0.9525712	4.02971e-06
656	0.9527317	4.00565e-06
657	0.9528915	3.98177e-06
658	0.9530504	3.95809e-06
659	0.9532086	3.93458e-06
660	0.953366	3.91127e-06
661	0.9535226	3.88813e-06
662	0.9536784	3.86517e-06
663	0.9538335	3.84239e-06
664	0.9539879	3.81979e-06
665	0.9541414	3.79736e-06
666	0.9542942	3.77511e-06
667	0.9544463	3.75303e-06
668	0.9545976	3.73111e-06
669	0.9547482	3.70937e-06
670	0.9548981	3.68779e-06
671	0.955046	3.66759e-06
672	0.9551928	3.64782e-06
673	0.955339	3.6282e-06
674	0.9554845	3.60871e-06
675	0.9556293	3.58935e-06
676	0.9557733	3.57014e-06
677	0.9559168	3.55106e-06
678	0.9560595	3.53212e-06
679	0.9562016	3.51331e-06
680	0.956343	3.49463e-06
681	0.9564837	3.47609e-06
682	0.9566238	3.45767e-06
683	0.9567632	3.43939e-06
684	0.956902	3.42123e-06
685	0.9570401	3.4032e-06
686	0.9571776	3.38529e-06
687	0.9573144	3.36751e-06
688	0.9574506	3.34986e-06
689	0.9575728	3.33482e-06
690	0.9576389	3.33023e-06
691	0.9577048	3.32566e-06
692	0.9577705	3.3211e-06
693	0.9578359	3.31655e-06
694	0.9579011	3.31201e-06
695	0.9579661	3.30749e-06
696	0.9580308	3.30297e-06
697	0.9580953	3.29847e-06
698	0.9581597	3.29398e-06
699	0.9582237	3.2895e-06
700	0.9582876	3.28503e-06
701	0.9583513	3.28058e-06
702	0.9584147	3.27614e-06
703	0.9584779	3.2717e-06
704	0.9585409	3.26728e-06
705	0.9586037	3.26287e-06
706	0.9586663	3.25848e-06
707	0.9587287	3.25409e-06
708	0.9587909	3.24972e-06
709	0.9588582	3.24466e-06
710	0.9589304	3.23896e-06
711	0.9590022	3.23328e-06
712	0.9590739	3.22762e-06
713	0.9591452	3.22198e-06
714	0.9592164	3.21636e-06
715	0.9592872	3.21076e-06
716	0.9593578	3.20518e-06
717	0.9594282	3.19961e-06
718	0.9594983	3.19407e-06
719	0.9595682	3.18854e-06
720	0.9596378	3.18304e-06
721	0.9597072	3.17755e-06
722	0.9597763	3.17208e-06
723	0.9598452	3.16663e-06
724	0.9599138	3.1612e-06
725	0.9599822	3.15579e-06
726	0.9600504	3.15039e-06
727	0.9601183	3.14502e-06
728	0.960186	3.13966e-06
729	0.9602535	3.13432e-06
730	0.960369	3.12098e-06
731	0.9605071	3.1039e-06
732	0.9606446	3.08692e-06
733	0.9607815	3.07006e-06
734	0.9609178	3.0533e-06
735	0.9610535	3.03666e-06
736	0.9611886	3.02012e-06
737	0.9613232	3.00369e-06
738	0.9614571	2.98737e-06
739	0.9615905	2.97115e-06
740	0.9617232	2.95504e-06
741	0.9618554	2.93903e-06
742	0.9619871	2.92312e-06
743	0.9621181	2.90732e-06
744	0.9622486	2.89162e-06
745	0.9623785	2.87602e-06
746	0.9625079	2.86052e-06
747	0.9626366	2.84512e-06
748	0.9627649	2.82982e-06
749	0.9628926	2.81461e-06
750	0.9630197	2.79951e-06
751	0.9631463	2.7845e-06
752	0.9632769	2.76863e-06
753	0.9634102	2.75216e-06
754	0.963543	2.73581e-06
755	0.9636752	2.71956e-06
756	0.9638068	2.70343e-06
757	0.9639379	2.68741e-06
758	0.9640684	2.6715e-06
759	0.9641983	2.6557e-06
760	0.9643276	2.64001e-06
761	0.9644564	2.62442e-06
762	0.9645846	2.60894e-06
763	0.9647123	2.59357e-06
764	0.9648393	2.5783e-06
765	0.9649659	2.56313e-06
766	0.9650919	2.54807e-06
767	0.9652173	2.53311e-06
768	0.9653423	2.51825e-06
769	0.9654666	2.50349e-06
770	0.9655905	2.48883e-06
771	0.9657138	2.47427e-06
772	0.9658366	2.4598e-06
773	0.9659588	2.44544e-06
774	0.9660805	2.43117e-06
775	0.9661998	2.4172e-06
776	0.9662994	2.40537e-06
777	0.9663985	2.39361e-06
778	0.9664973	2.38193e-06
779	0.9665957	2.37032e-06
780	0.9666937	2.35879e-06
781	0.9667912	2.34733e-06
782	0.9668883	2.33594e-06
783	0.9669851	2.32463e-06
784	0.9670814	2.31339e-06
785	0.9671774	2.30222e-06
786	0.9672729	2.29112e-06
787	0.9673681	2.28009e-06
788	0.9674628	2.26913e-06
789	0.9675572	2.25824e-06
790	0.9676512	2.24742e-06
791	0.9677448	2.23667e-06
792	0.967838	2.22599e-06
793	0.9679308	2.21537e-06
794	0.9680233	2.20482e-06
795	0.9681154	2.19433e-06
796	0.9682071	2.18391e-06
797	0.9682984	2.17356e-06
798	0.9683894	2.16327e-06
799	0.96848	2.15304e-06
800	0.9685623	2.14599e-06
801	0.9685694	2.1684e-06
802	0.9685765	2.19099e-06
803	0.9685835	2.21376e-06
804	0.9685905	2.23671e-06
805	0.9685975	2.25984e-06
806	0.9686044	2.28315e-06
807	0.9686112	2.30664e-06
808	0.968618	2.33032e-06
809	0.9686248	2.35417e-06
810	0.9686315	2.37821e-06
811	0.9686382	2.40244e-06
812	0.9686448	2.42685e-06
813	0.9686513	2.45145e-06
814	0.9686579	2.47624e-06
815	0.9686644	2.50122e-06
816	0.9686708	2.52638e-06
817	0.9686772	2.55174e-06
818	0.9686836	2.57729e-06
819	0.9686899	2.60303e-06
820	0.9686962	2.62896e-06
821	0.9687024	2.65509e-06
822	0.9687086	2.68141e-06
823	0.9687148	2.70793e-06
824	0.9687209	2.73464e-06
825	0.9687269	2.76155e-06
826	0.968733	2.78867e-06
827	0.968739	2.81598e-06
828	0.9687449	2.84349e-06
829	0.9687508	2.8712e-06
830	0.9687567	2.89911e-06
831	0.9687625	2.92723e-06
832	0.9687683	2.95555e-06
833	0.9687741	2.98408e-06
834	0.9687798	3.01281e-06
835	0.9687855	3.04175e-06
836	0.9687911	3.0709e-06
837	0.9687967	3.10025e-06
838	0.9688023	3.12982e-06
839	0.9688078	3.15959e-06
840	0.9688133	3.18958e-06
841	0.9688188	3.21977e-06
842	0.9688243	3.25018e-06
843	0.9688296	3.28081e-06
844	0.968835	3.31165e-06
845	0.9688403	3.3427e-06
846	0.9688456	3.37398e-06
847	0.9688509	3.40546e-06
848	0.9688561	3.43717e-06
849	0.9688613	3.4691e-06
850	0.9688664	3.50125e-06
851	0.9688716	3.53362e-06
852	0.9688767	3.56621e-06
853	0.9688817	3.59902e-06
854	0.9688867	3.63206e-06
855	0.9688917	3.66532e-06
856	0.9688967	3.69881e-06
857	0.9689016	3.73252e-06
858	0.9689065	3.76646e-06
859	0.9689114	3.80063e-06
860	0.9689162	3.83503e-06
861	0.968921	3.86966e-06
862	0.9689258	3.90452e-06
863	0.9689305	3.93961e-06
864	0.9689353	3.97494e-06
865	0.9689399	4.0105e-06
866	0.9689446	4.04629e-06
867	0.9689492	4.08232e-06
868	0.9689538	4.11859e-06
869	0.9689584	4.15509e-06
870	0.9689629	4.19183e-06
871	0.9689675	4.22881e-06
872	0.9689719	4.26603e-06
873	0.9689764	4.3035e-06
874	0.9689808	4.3412e-06
875	0.9689852	4.37915e-06
876	0.9689896	4.41734e-06
877	0.968994	4.45577e-06
878	0.9689983	4.49445e-06
879	0.9690026	4.53338e-06
880	0.9690065	4.57255e-06
881	0.9690102	4.61195e-06
882	0.9690138	4.65159e-06
883	0.9690174	4.69149e-06
884	0.9690209	4.73164e-06
885	0.9690245	4.77204e-06
886	0.969028	4.8127e-06
887	0.9690315	4.8536e-06
888	0.9690349	4.89476e-06
889	0.9690384	4.93618e-06
890	0.9690418	4.97785e-06
891	0.9690452	5.01978e-06
892	0.9690486	5.06196e-06
893	0.969052	5.10441e-06
894	0.9690553	5.14711e-06
895	0.9690586	5.19008e-06
896	0.9690619	5.23331e-06
897	0.9690652	5.2768e-06
898	0.9690685	5.32055e-06
899	0.9690717	5.36456e-06
900	0.9690745	5.40884e-06
901	0.9690752	5.45336e-06
902	0.9690759	5.49815e-06
903	0.9690766	5.5432e-06
904	0.9690772	5.58853e-06
905	0.9690779	5.63412e-06
906	0.9690786	5.67998e-06
907	0.9690792	5.72611e-06
908	0.9690799	5.77251e-06
909	0.9690806	5.81919e-06
910	0.9690812	5.86614e-06
911	0.9690819	5.91337e-06
912	0.9690825	5.96087e-06
913	0.9690832	6.00864e-06
914	0.9690838	6.0567e-06
915	0.9690845	6.10503e-06
916	0.9690852	6.15364e-06
917	0.9690858	6.20253e-06
918	0.9690864	6.2517e-06
919	0.9690871	6.30116e-06
920	0.9690877	6.35089e-06
921	0.9690884	6.40091e-06
922	0.969089	6.45121e-06
923	0.9690897	6.5018e-06
924	0.9690903	6.55267e-06
925	0.969091	6.60383e-06
926	0.9690916	6.65528e-06
927	0.9690922	6.70702e-06
928	0.9690929	6.75904e-06
929	0.9690935	6.81136e-06
930	0.9690941	6.86397e-06
931	0.9690948	6.91687e-06
932	0.9690954	6.97006e-06
933	0.969096	7.02354e-06
934	0.9690966	7.07732e-06
935	0.9690973	7.1314e-06
936	0.9690979	7.18577e-06
937	0.9690985	7.24044e-06
938	0.9690991	7.29541e-06
939	0.9690998	7.35067e-06
940	0.9691004	7.40624e-06
941	0.969101	7.46211e-06
942	0.9691016	7.51827e-06
943	0.9691022	7.57474e-06
944	0.9691028	7.63152e-06
945	0.9691034	7.68859e-06
946	0.9691041	7.74598e-06
947	0.9691047	7.80366e-06
948	0.9691053	7.86166e-06
949	0.9691059	7.91996e-06
950	0.9691065	7.97857e-06
951	0.9691071	8.03749e-06
952	0.9691077	8.09672e-06
953	0.9691083	8.15626e-06
954	0.9691089	8.21611e-06
955	0.9691095	8.27627e-06
956	0.9691101	8.33675e-06
957	0.9691107	8.39754e-06
958	0.9691113	8.45865e-06
959	0.9691119	8.52007e-06
960	0.9691125	8.58181e-06
961	0.9691131	8.64387e-06
962	0.9691137	8.70624e-06
963	0.9691142	8.76894e-06
964	0.9691148	8.83195e-06
965	0.9691154	8.89529e-06
966	0.969116	8.95894e-06
967	0.9691166	9.02292e-06
968	0.9691172	9.08722e-06
969	0.9691177	9.15185e-06
970	0.9691183	9.2168e-06
971	0.9691189	9.28208e-06
972	0.9691195	9.34768e-06
973	0.9691201	9.41361e-06
974	0.9691206	9.47987e-06
975	0.9691212	9.54646e-06
976	0.9691218	9.61338e-06
977	0.9691224	9.68063e-06
978	0.9691229	9.74821e-06
979	0.9691235	9.81612e-06
980	0.9691241	9.88436e-06
981	0.9691246	9.95294e-06
982	0.9691252	1.00219e-05
983	0.9691258	1.00911e-05
984	0.9691263	1.01607e-05
985	0.9691269	1.02306e-05
986	0.9691274	1.03009e-05
987	0.969128	1.03715e-05
988	0.9691286	1.04424e-05
989	0.9691291	1.05137e-05
990	0.9691297	1.05853e-05
991	0.9691302	1.06573e-05
992	0.9691308	1.07296e-05
993	0.9691313	1.08022e-05
994	0.9691319	1.08752e-05
995	0.9691324	1.09486e-05
996	0.969133	1.10222e-05
997	0.9691335	1.10963e-05
998	0.9691341	1.11707e-05
999	0.9691346	1.12454e-05
aoi	55	
380	0.7877058	0.000114208
381	0.7884505	0.000116132
382	0.7899137	0.000115098
383	0.7920726	0.000111271
384	0.7942156	0.00010757
385	0.7963422	0.000103989
386	0.7984532	0.000100526
387	0.8005487	9.71768e-05
388	0.8028147	9.38957e-05
389	0.8052195	9.06836e-05
390	0.8076081	8.75711e-05
391	0.8099805	8.45553e-05
392	0.8123357	8.16334e-05
393	0.8146749	7.88027e-05
394	0.8169421	7.61159e-05
395	0.8191081	7.35947e-05
396	0.821258	7.11505e-05
397	0.8233924	6.87812e-05
398	0.8255113	6.64846e-05
399	0.8276141	6.42584e-05
400	0.8296593	6.21328e-05
401	0.8308544	6.06966e-05
402	0.8320385	5.92963e-05
403	0.8332116	5.79308e-05
404	0.8343744	5.65993e-05
405	0.8355267	5.5301e-05
406	0.8366683	5.4035e-05
407	0.8377578	5.2847e-05
408	0.8387944	5.17348e-05
409	0.8398215	5.06484e-05
410	0.840839	4.9587e-05
411	0.8418475	4.85502e-05
412	0.842847	4.75372e-05
413	0.8438374	4.65475e-05
414	0.8452246	4.53724e-05
415	0.8467609	4.41463e-05
416	0.8482852	4.29527e-05
417	0.8497968	4.17905e-05
418	0.8512966	4.06589e-05
419	0.8527846	3.95573e-05
420	0.8542606	3.84848e-05
421	0.8557102	3.74941e-05
422	0.8571428	3.65492e-05
423	0.8585644	3.5627e-05
424	0.8599746	3.4727e-05
425	0.8613739	3.38486e-05
426	0.8627624	3.29914e-05
427	0.8641402	3.21549e-05
428	0.8652781	3.14974e-05
429	0.8661444	3.10338e-05
430	0.8670034	3.05776e-05
431	0.8678549	3.01288e-05
432	0.8686992	2.96872e-05
433	0.8695365	2.92528e-05
434	0.8703668	2.88253e-05
435	0.8711898	2.84047e-05
436	0.8719954	2.80061e-05
437	0.872794	2.76142e-05
438	0.8735859	2.72284e-05
439	0.8743712	2.68485e-05
440	0.8751502	2.64745e-05
441	0.8759228	2.61062e-05
442	0.876689	2.57435e-05
443	0.8775181	2.53455e-05
444	0.8786236	2.47887e-05
445	0.8797207	2.42437e-05
446	0.8808094	2.37104e-05
447	0.8818899	2.31884e-05
448	0.8829623	2.26776e-05
449	0.8840264	2.21776e-05
450	0.8850826	2.16883e-05
451	0.8861396	2.12059e-05
452	0.8872408	2.07138e-05
453	0.8883336	2.02324e-05
454	0.8894184	1.97614e-05
455	0.8904952	1.93008e-05
456	0.8915639	1.88502e-05
457	0.8926247	1.84094e-05
458	0.8936777	1.79782e-05
459	0.894723	1.75564e-05
460	0.8957124	1.71768e-05
461	0.8966824	1.68132e-05
462	0.8976455	1.64566e-05
463	0.8986016	1.61071e-05
464	0.8995507	1.57644e-05
465	0.900493	1.54284e-05
466	0.9014285	1.50991e-05
467	0.9023572	1.47762e-05
468	0.9032645	1.44661e-05
469	0.9040686	1.42039e-05
470	0.9048669	1.39462e-05
471	0.9056593	1.36929e-05
472	0.9064461	1.3444e-05
473	0.9072273	1.31994e-05
474	0.9080029	1.2959e-05
475	0.9087728	1.27228e-05
476	0.9095374	1.24906e-05
477	0.9102652	1.22741e-05
478	0.9107858	1.21355e-05
479	0.9113026	1.19987e-05
480	0.9118158	1.18635e-05
481	0.9123251	1.173e-05
482	0.9128307	1.15981e-05
483	0.9133327	1.14679e-05
484	0.9138312	1.13392e-05
485	0.9143259	1.12122e-05
486	0.9148172	1.10867e-05
487	0.9152406	1.09805e-05
488	0.9156431	1.08803e-05
489	0.9160428	1.07812e-05
490	0.9164395	1.06831e-05
491	0.9168335	1.05862e-05
492	0.9172245	1.04903e-05
493	0.9176128	1.03955e-05
494	0.9179984	1.03017e-05
495	0.9183812	1.02089e-05
496	0.9187621	1.01159e-05
497	0.9191541	1.0004e-05
498	0.9195433	9.89368e-06
499	0.9199297	9.78478e-06
500	0.9203133	9.67731e-06
501	0.9206943	9.57126e-06
502	0.9210727	9.46661e-06
503	0.9214482	9.36332e-06
504	0.9218212	9.26138e-06
505	0.9221917	9.16078e-06
506	0.9225596	9.06148e-06
507	0.9229159	8.968e-06
508	0.9232693	8.87599e-06
509	0.9236203	8.78512e-06
510	0.9239688	8.69537e-06
511	0.924315	8.60674e-06
512	0.9246588	8.51921e-06
513	0.9250004	8.43276e-06
514	0.9253396	8.34737e-06
515	0.9256765	8.26304e-06
516	0.9260112	8.17974e-06
517	0.9263333	8.10619e-06
518	0.9266375	8.04669e-06
519	0.9269397	7.98774e-06
520	0.9272399	7.92932e-06
521	0.9275382	7.87145e-06
522	0.9278346	7.8141e-06
523	0.9281291	7.75729e-06
524	0.9284218	7.70099e-06
525	0.9287126	7.6452e-06
526	0.9290016	7.58992e-06
527	0.9292888	7.53515e-06
528	0.9295898	7.4786e-06
529	0.929912	7.41922e-06
530	0.9302323	7.36038e-06
531	0.9305507	7.3021e-06
532	0.930867	7.24435e-06
533	0.9311814	7.18713e-06
534	0.931494	7.13044e-06
535	0.9318046	7.07428e-06
536	0.9321133	7.01862e-06
537	0.9324202	6.96349e-06
538	0.9327252	6.90885e-06
539	0.9330284	6.85472e-06
540	0.9334562	6.77002e-06
541	0.9338902	6.68418e-06
542	0.9343216	6.5994e-06
543	0.9347504	6.51567e-06
544	0.9351766	6.43296e-06
545	0.9356003	6.35128e-06
546	0.9360214	6.27059e-06
547	0.93644	6.1909e-06
548	0.9368561	6.11219e-06
549	0.9372696	6.03445e-06
550	0.9376807	5.95766e-06
551	0.9380894	5.88181e-06
552	0.9384796	5.81071e-06
553	0.9388667	5.74062e-06
554	0.9392515	5.67136e-06
555	0.9396341	5.60292e-06
556	0.9400144	5.53529e-06
557	0.9403924	5.46845e-06
558	0.9407682	5.4024e-06
559	0.9411419	5.33713e-06
560	0.9415132	5.27263e-06
561	0.9418825	5.20888e-06
562	0.9422495	5.14588e-06
563	0.9426144	5.08363e-06
564	0.9429231	5.03312e-06
565	0.9431588	4.99759e-06
566	0.9433932	4.96236e-06
567	0.9436262	4.92743e-06
568	0.9438579	4.8928e-06
569	0.9440883	4.85846e-06
570	0.9443174	4.82442e-06
571	0.9445451	4.79066e-06
572	0.9447717	4.75719e-06
573	0.9449969	4.724e-06
574	0.9452209	4.6911e-06
575	0.9454436	4.65847e-06
576	0.9456651	4.62612e-06
577	0.9458619	4.59871e-06
578	0.9460091	4.58119e-06
579	0.9461556	4.56377e-06
580	0.9463012	4.54645e-06
581	0.9464461	4.52923e-06
582	0.9465902	4.51211e-06
583	0.9467336	4.49509e-06
584	0.9468763	4.47816e-06
585	0.9470182	4.46134e-06
586	0.9471593	4.44461e-06
587	0.9472998	4.42797e-06
588	0.9474395	4.41143e-06
589	0.9475785	4.39499e-06
590	0.9477168	4.37863e-06
591	0.9478082	4.37209e-06
592	0.9478675	4.37218e-06
593	0.9479267	4.37224e-06
594	0.9479856	4.37228e-06
595	0.9480443	4.37228e-06
596	0.9481027	4.37227e-06
597	0.9481609	4.37222e-06
598	0.9482189	4.37215e-06
599	0.9482767	4.37206e-06
600	0.9483343	4.37194e-06
601	0.9483916	4.3718e-06
602	0.9484488	4.37163e-06
603	0.9485057	4.37144e-06
604	0.9485624	4.37122e-06
605	0.9486158	4.37132e-06
606	0.9486563	4.37279e-06
607	0.9486966	4.37422e-06
608	0.9487369	4.37561e-06
609	0.9487771	4.37697e-06
610	0.9488172	4.37829e-06
611	0.9488572	4.37958e-06
612	0.9488972	4.38082e-06
613	0.948937	4.38204e-06
614	0.9489767	4.38322e-06
615	0.9490164	4.38436e-06
616	0.949056	4.38547e-06
617	0.9490955	4.38655e-06
618	0.9491349	4.38759e-06
619	0.9491743	4.3886e-06
620	0.9492155	4.38886e-06
621	0.9492812	4.38016e-06
622	0.9493467	4.37149e-06
623	0.949412	4.36283e-06
624	0.9494771	4.35419e-06
625	0.9495421	4.34557e-06
626	0.9496068	4.33697e-06
627	0.9496714	4.32839e-06
628	0.9497358	4.31982e-06
629	0.9497999	4.31128e-06
630	0.9498639	4.30276e-06
631	0.9499278	4.29425e-06
632	0.9499914	4.28577e-06
633	0.9500549	4.2773e-06
634	0.9501182	4.26886e-06
635	0.9501813	4.26043e-06
636	0.9502499	4.25091e-06
637	0.9503443	4.23633e-06
638	0.9504383	4.22182e-06
639	0.950532	4.20739e-06
640	0.9506253	4.19304e-06
641	0.9507182	4.17877e-06
642	0.9508109	4.16457e-06
643	0.9509031	4.15045e-06
644	0.950995	4.13641e-06
645	0.9510866	4.12244e-06
646	0.9511778	4.10854e-06
647	0.9512686	4.09472e-06
648	0.9513592	4.08097e-06
649	0.9514494	4.0673e-06
650	0.9515392	4.05369e-06
651	0.9516287	4.04016e-06
652	0.9517179	4.0267e-06
653	0.9518369	4.0089e-06
654	0.9519926	3.98578e-06
655	0.9521477	3.96283e-06
656	0.952302	3.94005e-06
657	0.9524555	3.91745e-06
658	0.9526084	3.89501e-06
659	0.9527605	3.87274e-06
660	0.952912	3.85064e-06
661	0.9530627	3.82871e-06
662	0.9532128	3.80694e-06
663	0.9533622	3.78533e-06
664	0.9535109	3.76388e-06
665	0.9536589	3.74259e-06
666	0.9538062	3.72146e-06
667	0.9539529	3.70049e-06
668	0.9540989	3.67967e-06
669	0.9542442	3.659e-06
670	0.9543889	3.63849e-06
671	0.9545318	3.61931e-06
672	0.9546737	3.60054e-06
673	0.9548151	3.5819e-06
674	0.9549558	3.56338e-06
675	0.9550959	3.54499e-06
676	0.9552353	3.52673e-06
677	0.9553742	3.50859e-06
678	0.9555124	3.49057e-06
679	0.95565	3.47267e-06
680	0.955787	3.4549e-06
681	0.9559234	3.43724e-06
682	0.9560592	3.41971e-06
683	0.9561944	3.40229e-06
684	0.9563291	3.38499e-06
685	0.9564631	3.3678e-06
686	0.9565965	3.35073e-06
687	0.9567294	3.33378e-06
688	0.9568616	3.31694e-06
689	0.95698	3.30267e-06
690	0.9570421	3.29872e-06
691	0.9571041	3.29478e-06
692	0.9571658	3.29084e-06
693	0.9572274	3.28692e-06
694	0.9572887	3.283e-06
695	0.9573499	3.27909e-06
696	0.9574109	3.27518e-06
697	0.9574717	3.27129e-06
698	0.9575323	3.2674e-06
699	0.9575927	3.26352e-06
700	0.9576529	3.25965e-06
701	0.957713	3.25579e-06
702	0.9577728	3.25193e-06
703	0.9578325	3.24809e-06
704	0.957892	3.24425e-06
705	0.9579513	3.24042e-06
706	0.9580105	3.23659e-06
707	0.9580694	3.23278e-06
708	0.9581282	3.22897e-06
709	0.9581922	3.22448e-06
710	0.9582612	3.21935e-06
711	0.9583298	3.21423e-06
712	0.9583983	3.20913e-06
713	0.9584666	3.20404e-06
714	0.9585346	3.19897e-06
715	0.9586024	3.19391e-06
716	0.95867	3.18887e-06
717	0.9587373	3.18385e-06
718	0.9588044	3.17884e-06
719	0.9588713	3.17385e-06
720	0.958938	3.16887e-06
721	0.9590045	3.1639e-06
722	0.9590708	3.15895e-06
723	0.9591368	3.15402e-06
724	0.9592027	3.1491e-06
725	0.9592683	3.1442e-06
726	0.9593337	3.13931e-06
727	0.9593989	3.13443e-06
728	0.9594639	3.12957e-06
729	0.9595286	3.12473e-06
730	0.9596419	3.11192e-06
731	0.9597781	3.09538e-06
732	0.9599138	3.07893e-06
733	0.9600488	3.0626e-06
734	0.9601833	3.04636e-06
735	0.9603173	3.03022e-06
736	0.9604506	3.01419e-06
737	0.9605835	2.99826e-06
738	0.9607157	2.98242e-06
739	0.9608475	2.96669e-06
740	0.9609786	2.95105e-06
741	0.9611093	2.93551e-06
742	0.9612394	2.92007e-06
743	0.9613689	2.90472e-06
744	0.961498	2.88947e-06
745	0.9616264	2.87431e-06
746	0.9617544	2.85925e-06
747	0.9618818	2.84428e-06
748	0.9620088	2.8294e-06
749	0.9621351	2.81462e-06
750	0.962261	2.79992e-06
751	0.9623864	2.78532e-06
752	0.9625158	2.76985e-06
753	0.962648	2.75379e-06
754	0.9627797	2.73783e-06
755	0.9629109	2.72198e-06
756	0.9630415	2.70623e-06
757	0.9631715	2.69058e-06
758	0.963301	2.67504e-06
759	0.96343	2.65961e-06
760	0.9635584	2.64427e-06
761	0.9636863	2.62904e-06
762	0.9638137	2.61391e-06
763	0.9639405	2.59887e-06
764	0.9640668	2.58394e-06
765	0.9641926	2.5691e-06
766	0.9643179	2.55436e-06
767	0.9644427	2.53972e-06
768	0.9645669	2.52518e-06
769	0.9646906	2.51073e-06
770	0.9648139	2.49637e-06
771	0.9649365	2.48211e-06
772	0.9650588	2.46794e-06
773	0.9651805	2.45386e-06
774	0.9653017	2.43988e-06
775	0.9654204	2.42619e-06
776	0.9655191	2.41465e-06
777	0.9656174	2.40317e-06
778	0.9657153	2.39177e-06
779	0.9658129	2.38044e-06
780	0.96591	2.36918e-06
781	0.9660068	2.35799e-06
782	0.9661031	2.34687e-06
783	0.9661991	2.33581e-06
784	0.9662948	2.32483e-06
785	0.96639	2.31391e-06
786	0.9664849	2.30306e-06
787	0.9665794	2.29228e-06
788	0.9666735	2.28156e-06
789	0.9667673	2.27091e-06
790	0.9668607	2.26032e-06
791	0.9669537	2.2498e-06
792	0.9670463	2.23935e-06
793	0.9671386	2.22895e-06
794	0.9672306	2.21862e-06
795	0.9673222	2.20835e-06
796	0.9674134	2.19815e-06
797	0.9675043	2.188e-06
798	0.9675948	2.17792e-06
799	0.9676849	2.1679e-06
800	0.9677669	2.16104e-06
801	0.9677747	2.18364e-06
802	0.9677823	2.20642e-06
803	0.96779	2.22938e-06
804	0.9677975	2.25252e-06
805	0.9678051	2.27584e-06
806	0.9678125	2.29934e-06
807	0.96782	2.32303e-06
808	0.9678273	2.3469e-06
809	0.9678347	2.37096e-06
810	0.9678419	2.3952e-06
811	0.9678492	2.41963e-06
812	0.9678563	2.44425e-06
813	0.9678634	2.46905e-06
814	0.9678705	2.49405e-06
815	0.9678775	2.51923e-06
816	0.9678845	2.54461e-06
817	0.9678915	2.57018e-06
818	0.9678984	2.59594e-06
819	0.9679052	2.6219e-06
820	0.967912	2.64805e-06
821	0.9679188	2.6744e-06
822	0.9679254	2.70095e-06
823	0.9679321	2.72769e-06
824	0.9679387	2.75463e-06
825	0.9679453	2.78177e-06
826	0.9679518	2.80911e-06
827	0.9679583	2.83665e-06
828	0.9679648	2.8644e-06
829	0.9679712	2.89235e-06
830	0.9679775	2.9205e-06
831	0.9679838	2.94886e-06
832	0.9679901	2.97742e-06
833	0.9679963	3.00619e-06
834	0.9680025	3.03517e-06
835	0.9680087	3.06436e-06
836	0.9680148	3.09375e-06
837	0.9680209	3.12336e-06
838	0.9680269	3.15318e-06
839	0.9680329	3.18321e-06
840	0.9680388	3.21345e-06
841	0.9680448	3.24391e-06
842	0.9680507	3.27458e-06
843	0.9680565	3.30547e-06
844	0.9680623	3.33657e-06
845	0.968068	3.3679e-06
846	0.9680738	3.39944e-06
847	0.9680794	3.4312e-06
848	0.9680851	3.46318e-06
849	0.9680907	3.49539e-06
850	0.9680963	3.52781e-06
851	0.9681018	3.56046e-06
852	0.9681073	3.59334e-06
853	0.9681128	3.62644e-06
854	0.9681182	3.65976e-06
855	0.9681236	3.69331e-06
856	0.968129	3.72709e-06
857	0.9681343	3.7611e-06
858	0.9681396	3.79534e-06
859	0.9681449	3.82981e-06
860	0.9681501	3.86451e-06
861	0.9681553	3.89944e-06
862	0.9681605	3.9346e-06
863	0.9681656	3.97e-06
864	0.9681707	4.00564e-06
865	0.9681758	4.04151e-06
866	0.9681808	4.07762e-06
867	0.9681858	4.11396e-06
868	0.9681908	4.15055e-06
869	0.9681957	4.18737e-06
870	0.9682007	4.22444e-06
871	0.9682055	4.26175e-06
872	0.9682104	4.2993e-06
873	0.9682152	4.33709e-06
874	0.96822	4.37513e-06
875	0.9682247	4.41341e-06
876	0.9682295	4.45194e-06
877	0.9682342	4.49071e-06
878	0.9682388	4.52974e-06
879	0.9682435	4.56901e-06
880	0.9682478	4.60852e-06
881	0.9682518	4.64827e-06
882	0.9682557	4.68827e-06
883	0.9682596	4.72852e-06
884	0.9682634	4.76902e-06
885	0.9682673	4.80978e-06
886	0.9682711	4.85079e-06
887	0.9682749	4.89206e-06
888	0.9682787	4.93358e-06
889	0.9682825	4.97536e-06
890	0.9682862	5.0174e-06
891	0.9682899	5.0597e-06
892	0.9682936	5.10226e-06
893	0.9682972	5.14509e-06
894	0.9683009	5.18817e-06
895	0.9683045	5.23152e-06
896	0.9683081	5.27513e-06
897	0.9683116	5.319e-06
898	0.9683152	5.36315e-06
899	0.9683187	5.40755e-06
900	0.9683218	5.45222e-06
901	0.9683225	5.4971e-06
902	0.9683233	5.54225e-06
903	0.9683241	5.58767e-06
904	0.9683248	5.63336e-06
905	0.9683256	5.67932e-06
906	0.9683263	5.72555e-06
907	0.9683271	5.77205e-06
908	0.9683278	5.81883e-06
909	0.9683286	5.86589e-06
910	0.9683293	5.91322e-06
911	0.9683301	5.96083e-06
912	0.9683308	6.00871e-06
913	0.9683316	6.05688e-06
914	0.9683323	6.10532e-06
915	0.968333	6.15404e-06
916	0.9683338	6.20305e-06
917	0.9683345	6.25233e-06
918	0.9683352	6.3019e-06
919	0.968336	6.35175e-06
920	0.9683367	6.40189e-06
921	0.9683374	6.45232e-06
922	0.9683382	6.50303e-06
923	0.9683389	6.55402e-06
924	0.9683396	6.60531e-06
925	0.9683403	6.65688e-06
926	0.9683411	6.70875e-06
927	0.9683418	6.7609e-06
928	0.9683425	6.81335e-06
929	0.9683432	6.86609e-06
930	0.9683439	6.91912e-06
931	0.9683446	6.97245e-06
932	0.9683454	7.02607e-06
933	0.9683461	7.07999e-06
934	0.9683468	7.13421e-06
935	0.9683475	7.18872e-06
936	0.9683482	7.24354e-06
937	0.9683489	7.29865e-06
938	0.9683496	7.35406e-06
939	0.9683503	7.40978e-06
940	0.968351	7.46579e-06
941	0.9683517	7.52211e-06
942	0.9683524	7.57874e-06
943	0.9683531	7.63566e-06
944	0.9683538	7.6929e-06
945	0.9683545	7.75044e-06
946	0.9683552	7.80828e-06
947	0.9683558	7.86644e-06
948	0.9683565	7.92491e-06
949	0.9683572	7.98368e-06
950	0.9683579	8.04277e-06
951	0.9683586	8.10216e-06
952	0.9683593	8.16187e-06
953	0.9683599	8.2219e-06
954	0.9683606	8.28223e-06
955	0.9683613	8.34289e-06
956	0.968362	8.40385e-06
957	0.9683627	8.46514e-06
958	0.9683633	8.52674e-06
959	0.968364	8.58866e-06
960	0.9683647	8.6509e-06
961	0.9683653	8.71346e-06
962	0.968366	8.77634e-06
963	0.9683667	8.83955e-06
964	0.9683673	8.90307e-06
965	0.968368	8.96692e-06
966	0.9683687	9.0311e-06
967	0.9683693	9.09559e-06
968	0.96837	9.16042e-06
969	0.9683706	9.22557e-06
970	0.9683713	9.29105e-06
971	0.968372	9.35686e-06
972	0.9683726	9.42299e-06
973	0.9683733	9.48946e-06
974	0.9683739	9.55626e-06
975	0.9683746	9.62339e-06
976	0.9683752	9.69085e-06
977	0.9683759	9.75864e-06
978	0.9683765	9.82677e-06
979	0.9683772	9.89524e-06
980	0.9683778	9.96404e-06
981	0.9683784	1.00332e-05
982	0.9683791	1.01027e-05
983	0.9683797	1.01725e-05
984	0.9683804	1.02426e-05
985	0.968381	1.03131e-05
986	0.9683816	1.03839e-05
987	0.9683823	1.04551e-05
988	0.9683829	1.05266e-05
989	0.9683835	1.05985e-05
990	0.9683842	1.06707e-05
991	0.9683848	1.07432e-05
992	0.9683854	1.08161e-05
993	0.968386	1.08894e-05
994	0.9683867	1.0963e-05
995	0.9683873	1.10369e-05
996	0.9683879	1.11112e-05
997	0.9683885	1.11858e-05
998	0.9683892	1.12608e-05
999	0.9683898	1.13361e-05
aoi	60	
380	0.8091099	9.85096e-05
381	0.8097759	0.000100169
382	0.8110505	9.92999e-05
383	0.8129144	9.60426e-05
384	0.814764	9.28913e-05
385	0.816599	8.98423e-05
386	0.8184202	8.68927e-05
387	0.8202276	8.40392e-05
388	0.8221963	8.1239e-05
389	0.8242966	7.84934e-05
390	0.8263827	7.58324e-05
391	0.8284547	7.32533e-05
392	0.8305119	7.07537e-05
393	0.8325551	6.83314e-05
394	0.8345333	6.60324e-05
395	0.8364198	6.38758e-05
396	0.8382925	6.17843e-05
397	0.8401519	5.97562e-05
398	0.8419981	5.77896e-05
399	0.8438304	5.58826e-05
400	0.8456108	5.40617e-05
401	0.8466097	5.28439e-05
402	0.8475991	5.16561e-05
403	0.8485789	5.04974e-05
404	0.8495498	4.93672e-05
405	0.8505119	4.82648e-05
406	0.8514648	4.71893e-05
407	0.8523712	4.61808e-05
408	0.8532303	4.52373e-05
409	0.8540815	4.43153e-05
410	0.8549244	4.34142e-05
411	0.8557597	4.25336e-05
412	0.8565875	4.16729e-05
413	0.8574076	4.08317e-05
414	0.8585976	3.98244e-05
415	0.8599275	3.87705e-05
416	0.8612475	3.7744e-05
417	0.8625569	3.6744e-05
418	0.8638565	3.577e-05
419	0.8651462	3.48212e-05
420	0.8664261	3.3897e-05
421	0.8676858	3.30432e-05
422	0.868932	3.22285e-05
423	0.8701691	3.14329e-05
424	0.8713968	3.06561e-05
425	0.8726155	2.98976e-05
426	0.8738253	2.9157e-05
427	0.8750263	2.84339e-05
428	0.8760091	2.7868e-05
429	0.8767446	2.74728e-05
430	0.877474	2.70838e-05
431	0.8781972	2.67009e-05
432	0.8789143	2.6324e-05
433	0.8796257	2.59531e-05
434	0.8803313	2.55879e-05
435	0.8810308	2.52284e-05
436	0.8817157	2.4888e-05
437	0.8823948	2.45532e-05
438	0.8830684	2.42234e-05
439	0.8837365	2.38985e-05
440	0.8843994	2.35785e-05
441	0.8850571	2.32632e-05
442	0.8857095	2.29527e-05
443	0.8864203	2.26104e-05
444	0.8873859	2.21264e-05
445	0.8883447	2.16524e-05
446	0.8892966	2.11883e-05
447	0.8902418	2.07338e-05
448	0.8911805	2.02887e-05
449	0.8921125	1.98529e-05
450	0.8930379	1.94261e-05
451	0.8939652	1.90051e-05
452	0.8949348	1.85747e-05
453	0.8958977	1.81534e-05
454	0.896854	1.77411e-05
455	0.8978038	1.73375e-05
456	0.8987471	1.69425e-05
457	0.899684	1.65559e-05
458	0.9006146	1.61774e-05
459	0.9015389	1.5807e-05
460	0.9024137	1.54739e-05
461	0.9032717	1.51546e-05
462	0.9041241	1.48415e-05
463	0.9049708	1.45343e-05
464	0.9058118	1.42329e-05
465	0.9066473	1.39373e-05
466	0.9074774	1.36474e-05
467	0.9083019	1.33629e-05
468	0.9091073	1.30897e-05
469	0.909818	1.28593e-05
470	0.9105239	1.26328e-05
471	0.911225	1.241e-05
472	0.9119216	1.2191e-05
473	0.9126137	1.19756e-05
474	0.9133011	1.17639e-05
475	0.913984	1.15556e-05
476	0.9146626	1.13508e-05
477	0.9153075	1.116e-05
478	0.9157597	1.10397e-05
479	0.9162089	1.09207e-05
480	0.916655	1.08032e-05
481	0.9170981	1.06871e-05
482	0.9175381	1.05723e-05
483	0.9179753	1.04589e-05
484	0.9184095	1.03469e-05
485	0.9188408	1.02361e-05
486	0.9192692	1.01267e-05
487	0.9196338	1.00348e-05
488	0.9199791	9.94827e-06
489	0.920322	9.86268e-06
490	0.9206626	9.77799e-06
491	0.921001	9.69418e-06
492	0.921337	9.61124e-06
493	0.9216709	9.52917e-06
494	0.9220025	9.44794e-06
495	0.922332	9.36757e-06
496	0.9226598	9.28688e-06
497	0.922996	9.1892e-06
498	0.9233299	9.09275e-06
499	0.9236616	8.99753e-06
500	0.9239911	8.90351e-06
501	0.9243186	8.81068e-06
502	0.9246439	8.71901e-06
503	0.9249671	8.6285e-06
504	0.9252882	8.53912e-06
505	0.9256073	8.45086e-06
506	0.9259244	8.36371e-06
507	0.9262313	8.28177e-06
508	0.9265358	8.20107e-06
509	0.9268384	8.12134e-06
510	0.927139	8.04256e-06
511	0.9274378	7.96471e-06
512	0.9277348	7.88779e-06
513	0.9280299	7.81177e-06
514	0.9283232	7.73665e-06
515	0.9286147	7.66242e-06
516	0.9289044	7.58905e-06
517	0.9291836	7.52451e-06
518	0.9294477	7.47273e-06
519	0.9297102	7.42141e-06
520	0.9299711	7.37053e-06
521	0.9302305	7.32009e-06
522	0.9304884	7.27008e-06
523	0.9307448	7.22051e-06
524	0.9309997	7.17137e-06
525	0.9312531	7.12265e-06
526	0.9315051	7.07436e-06
527	0.9317556	7.02647e-06
528	0.9320199	6.97685e-06
529	0.9323053	6.92448e-06
530	0.9325892	6.87258e-06
531	0.9328714	6.82113e-06
532	0.933152	6.77012e-06
533	0.933431	6.71956e-06
534	0.9337086	6.66945e-06
535	0.9339845	6.61976e-06
536	0.934259	6.57051e-06
537	0.9345319	6.52169e-06
538	0.9348034	6.47329e-06
539	0.9350733	6.42531e-06
540	0.9354629	6.34869e-06
541	0.9358589	6.27093e-06
542	0.9362528	6.19409e-06
543	0.9366445	6.11815e-06
544	0.937034	6.04311e-06
545	0.9374215	5.96895e-06
546	0.9378068	5.89566e-06
547	0.9381901	5.82323e-06
548	0.9385713	5.75166e-06
549	0.9389504	5.68093e-06
550	0.9393275	5.61103e-06
551	0.9397025	5.54194e-06
552	0.9400602	5.47725e-06
553	0.9404152	5.41346e-06
554	0.9407683	5.35039e-06
555	0.9411195	5.28803e-06
556	0.9414689	5.22637e-06
557	0.9418164	5.1654e-06
558	0.942162	5.10512e-06
559	0.9425059	5.04552e-06
560	0.9428478	4.98659e-06
561	0.943188	4.92832e-06
562	0.9435264	4.87071e-06
563	0.9438629	4.81375e-06
564	0.9441454	4.76784e-06
565	0.9443574	4.73605e-06
566	0.9445684	4.70451e-06
567	0.9447782	4.67323e-06
568	0.944987	4.64221e-06
569	0.9451947	4.61143e-06
570	0.9454014	4.58089e-06
571	0.945607	4.5506e-06
572	0.9458115	4.52056e-06
573	0.946015	4.49075e-06
574	0.9462175	4.46118e-06
575	0.9464189	4.43185e-06
576	0.9466193	4.40275e-06
577	0.946796	4.37832e-06
578	0.9469246	4.36326e-06
579	0.9470527	4.34828e-06
580	0.9471801	4.33337e-06
581	0.9473069	4.31855e-06
582	0.9474331	4.3038e-06
583	0.9475588	4.28913e-06
584	0.9476838	4.27453e-06
585	0.9478083	4.26001e-06
586	0.9479321	4.24557e-06
587	0.9480554	4.23121e-06
588	0.9481782	4.21691e-06
589	0.9483004	4.2027e-06
590	0.948422	4.18855e-06
591	0.9484981	4.18375e-06
592	0.9485432	4.18525e-06
593	0.9485882	4.18672e-06
594	0.9486331	4.18817e-06
595	0.9486778	4.18958e-06
596	0.9487224	4.19097e-06
597	0.9487668	4.19233e-06
598	0.9488111	4.19366e-06
599	0.9488552	4.19496e-06
600	0.9488992	4.19623e-06
601	0.9489431	4.19747e-06
602	0.9489869	4.19869e-06
603	0.9490305	4.19988e-06
604	0.9490739	4.20104e-06
605	0.9491143	4.2025e-06
606	0.9491417	4.20529e-06
607	0.9491691	4.20804e-06
608	0.9491965	4.21076e-06
609	0.9492239	4.21343e-06
610	0.9492512	4.21607e-06
611	0.9492786	4.21867e-06
612	0.9493059	4.22123e-06
613	0.9493332	4.22376e-06
614	0.9493604	4.22624e-06
615	0.9493877	4.22869e-06
616	0.9494149	4.2311e-06
617	0.9494422	4.23348e-06
618	0.9494693	4.23582e-06
619	0.9494966	4.23812e-06
620	0.9495256	4.23971e-06
621	0.9495779	4.23273e-06
622	0.9496301	4.22576e-06
623	0.9496822	4.2188e-06
624	0.9497342	4.21185e-06
625	0.949786	4.2049e-06
626	0.9498378	4.19797e-06
627	0.9498895	4.19104e-06
628	0.9499411	4.18412e-06
629	0.9499925	4.17721e-06
630	0.9500439	4.1703e-06
631	0.9500952	4.16341e-06
632	0.9501463	4.15652e-06
633	0.9501974	4.14965e-06
634	0.9502484	4.14278e-06
635	0.9502993	4.13592e-06
636	0.9503556	4.12799e-06
637	0.9504375	4.11515e-06
638	0.9505192	4.10238e-06
639	0.9506005	4.08966e-06
640	0.9506816	4.07701e-06
641	0.9507624	4.06441e-06
642	0.950843	4.05188e-06
643	0.9509233	4.03941e-06
644	0.9510033	4.027e-06
645	0.9510831	4.01465e-06
646	0.9511627	4.00236e-06
647	0.951242	3.99013e-06
648	0.951321	3.97796e-06
649	0.9513998	3.96585e-06
650	0.9514784	3.95379e-06
651	0.9515567	3.94179e-06
652	0.9516347	3.92985e-06
653	0.9517426	3.91366e-06
654	0.9518873	3.89224e-06
655	0.9520314	3.87097e-06
656	0.9521748	3.84985e-06
657	0.9523177	3.82889e-06
658	0.9524599	3.80807e-06
659	0.9526016	3.7874e-06
660	0.9527427	3.76688e-06
661	0.9528832	3.7465e-06
662	0.9530231	3.72627e-06
663	0.9531624	3.70619e-06
664	0.9533012	3.68624e-06
665	0.9534393	3.66643e-06
666	0.953577	3.64677e-06
667	0.953714	3.62724e-06
668	0.9538505	3.60785e-06
669	0.9539864	3.58859e-06
670	0.9541217	3.56947e-06
671	0.9542556	3.55163e-06
672	0.9543887	3.53416e-06
673	0.9545212	3.51681e-06
674	0.9546532	3.49958e-06
675	0.9547847	3.48245e-06
676	0.9549157	3.46543e-06
677	0.9550461	3.44852e-06
678	0.955176	3.43173e-06
679	0.9553054	3.41503e-06
680	0.9554342	3.39845e-06
681	0.9555626	3.38197e-06
682	0.9556904	3.3656e-06
683	0.9558177	3.34933e-06
684	0.9559445	3.33316e-06
685	0.9560708	3.3171e-06
686	0.9561966	3.30113e-06
687	0.9563219	3.28527e-06
688	0.9564467	3.26951e-06
689	0.9565577	3.25627e-06
690	0.9566128	3.25315e-06
691	0.9566677	3.25004e-06
692	0.9567226	3.24693e-06
693	0.9567772	3.24382e-06
694	0.9568317	3.24072e-06
695	0.9568861	3.23762e-06
696	0.9569404	3.23452e-06
697	0.9569944	3.23143e-06
698	0.9570484	3.22834e-06
699	0.9571022	3.22525e-06
700	0.9571559	3.22217e-06
701	0.9572094	3.21909e-06
702	0.9572628	3.21602e-06
703	0.957316	3.21294e-06
704	0.9573691	3.20988e-06
705	0.9574221	3.20681e-06
706	0.957475	3.20375e-06
707	0.9575276	3.2007e-06
708	0.9575802	3.19764e-06
709	0.9576381	3.19391e-06
710	0.957701	3.18953e-06
711	0.9577637	3.18517e-06
712	0.9578263	3.18081e-06
713	0.9578886	3.17647e-06
714	0.9579508	3.17213e-06
715	0.9580128	3.16781e-06
716	0.9580746	3.1635e-06
717	0.9581363	3.1592e-06
718	0.9581977	3.15491e-06
719	0.958259	3.15063e-06
720	0.9583201	3.14636e-06
721	0.9583811	3.1421e-06
722	0.9584418	3.13785e-06
723	0.9585024	3.13362e-06
724	0.9585629	3.12939e-06
725	0.9586231	3.12518e-06
726	0.9586832	3.12097e-06
727	0.9587431	3.11678e-06
728	0.9588028	3.11259e-06
729	0.9588623	3.10842e-06
730	0.9589708	3.09634e-06
731	0.9591024	3.08054e-06
732	0.9592334	3.06483e-06
733	0.959364	3.04922e-06
734	0.959494	3.0337e-06
735	0.9596236	3.01827e-06
736	0.9597526	3.00293e-06
737	0.9598812	2.98769e-06
738	0.9600092	2.97253e-06
739	0.9601368	2.95747e-06
740	0.9602639	2.94249e-06
741	0.9603905	2.9276e-06
742	0.9605166	2.91281e-06
743	0.9606422	2.89809e-06
744	0.9607674	2.88347e-06
745	0.960892	2.86893e-06
746	0.9610163	2.85448e-06
747	0.96114	2.84011e-06
748	0.9612632	2.82583e-06
749	0.961386	2.81163e-06
750	0.9615083	2.79751e-06
751	0.9616302	2.78348e-06
752	0.9617561	2.76858e-06
753	0.961885	2.75308e-06
754	0.9620133	2.73768e-06
755	0.9621412	2.72237e-06
756	0.9622685	2.70716e-06
757	0.9623954	2.69205e-06
758	0.9625218	2.67704e-06
759	0.9626476	2.66212e-06
760	0.9627731	2.64729e-06
761	0.962898	2.63256e-06
762	0.9630224	2.61792e-06
763	0.9631463	2.60337e-06
764	0.9632698	2.58892e-06
765	0.9633928	2.57455e-06
766	0.9635153	2.56028e-06
767	0.9636374	2.54609e-06
768	0.963759	2.532e-06
769	0.9638801	2.51799e-06
770	0.9640008	2.50407e-06
771	0.9641209	2.49024e-06
772	0.9642407	2.47649e-06
773	0.9643599	2.46283e-06
774	0.9644788	2.44926e-06
775	0.9645951	2.43598e-06
776	0.964691	2.42485e-06
777	0.9647865	2.41379e-06
778	0.9648818	2.40279e-06
779	0.9649766	2.39186e-06
780	0.9650712	2.38099e-06
781	0.9651653	2.37018e-06
782	0.9652591	2.35944e-06
783	0.9653526	2.34877e-06
784	0.9654457	2.33815e-06
785	0.9655385	2.3276e-06
786	0.965631	2.31712e-06
787	0.9657231	2.30669e-06
788	0.9658149	2.29632e-06
789	0.9659063	2.28602e-06
790	0.9659974	2.27577e-06
791	0.9660882	2.26559e-06
792	0.9661787	2.25546e-06
793	0.9662688	2.2454e-06
794	0.9663586	2.23539e-06
795	0.9664481	2.22544e-06
796	0.9665372	2.21555e-06
797	0.966626	2.20571e-06
798	0.9667145	2.19594e-06
799	0.9668027	2.18622e-06
800	0.966883	2.17965e-06
801	0.9668912	2.20248e-06
802	0.9668993	2.2255e-06
803	0.9669074	2.2487e-06
804	0.9669155	2.27208e-06
805	0.9669234	2.29564e-06
806	0.9669314	2.31939e-06
807	0.9669393	2.34332e-06
808	0.9669471	2.36744e-06
809	0.9669549	2.39175e-06
810	0.9669626	2.41625e-06
811	0.9669703	2.44093e-06
812	0.9669779	2.46581e-06
813	0.9669854	2.49087e-06
814	0.9669929	2.51613e-06
815	0.9670004	2.54158e-06
816	0.9670078	2.56723e-06
817	0.9670152	2.59307e-06
818	0.9670225	2.6191e-06
819	0.9670297	2.64534e-06
820	0.9670369	2.67176e-06
821	0.9670441	2.69839e-06
822	0.9670512	2.72522e-06
823	0.9670583	2.75225e-06
824	0.9670653	2.77947e-06
825	0.9670723	2.8069e-06
826	0.9670792	2.83454e-06
827	0.9670861	2.86237e-06
828	0.9670929	2.89042e-06
829	0.9670997	2.91866e-06
830	0.9671065	2.94712e-06
831	0.9671132	2.97578e-06
832	0.9671198	3.00465e-06
833	0.9671264	3.03373e-06
834	0.967133	3.06302e-06
835	0.9671395	3.09252e-06
836	0.967146	3.12223e-06
837	0.9671524	3.15216e-06
838	0.9671588	3.1823e-06
839	0.9671652	3.21265e-06
840	0.9671715	3.24323e-06
841	0.9671777	3.27401e-06
842	0.967184	3.30502e-06
843	0.9671901	3.33624e-06
844	0.9671963	3.36769e-06
845	0.9672024	3.39935e-06
846	0.9672085	3.43124e-06
847	0.9672145	3.46334e-06
848	0.9672205	3.49567e-06
849	0.9672264	3.52823e-06
850	0.9672323	3.56101e-06
851	0.9672382	3.59402e-06
852	0.967244	3.62725e-06
853	0.9672498	3.66071e-06
854	0.9672556	3.6944e-06
855	0.9672613	3.72832e-06
856	0.967267	3.76247e-06
857	0.9672726	3.79686e-06
858	0.9672782	3.83147e-06
859	0.9672838	3.86632e-06
860	0.9672894	3.9014e-06
861	0.9672949	3.93672e-06
862	0.9673003	3.97227e-06
863	0.9673058	4.00807e-06
864	0.9673111	4.04409e-06
865	0.9673165	4.08036e-06
866	0.9673218	4.11687e-06
867	0.9673271	4.15362e-06
868	0.9673324	4.19061e-06
869	0.9673376	4.22785e-06
870	0.9673428	4.26532e-06
871	0.967348	4.30305e-06
872	0.9673531	4.34101e-06
873	0.9673582	4.37923e-06
874	0.9673632	4.41769e-06
875	0.9673683	4.4564e-06
876	0.9673733	4.49536e-06
877	0.9673783	4.53457e-06
878	0.9673832	4.57403e-06
879	0.9673881	4.61374e-06
880	0.9673927	4.65369e-06
881	0.9673969	4.69388e-06
882	0.967401	4.73433e-06
883	0.9674052	4.77503e-06
884	0.9674093	4.81598e-06
885	0.9674134	4.85719e-06
886	0.9674174	4.89866e-06
887	0.9674215	4.94039e-06
888	0.9674255	4.98238e-06
889	0.9674295	5.02463e-06
890	0.9674334	5.06714e-06
891	0.9674373	5.10992e-06
892	0.9674412	5.15295e-06
893	0.9674451	5.19626e-06
894	0.967449	5.23982e-06
895	0.9674528	5.28366e-06
896	0.9674566	5.32776e-06
897	0.9674604	5.37213e-06
898	0.9674642	5.41677e-06
899	0.9674679	5.46167e-06
900	0.9674712	5.50684e-06
901	0.9674721	5.55217e-06
902	0.9674729	5.59778e-06
903	0.9674738	5.64365e-06
904	0.9674746	5.6898e-06
905	0.9674754	5.73623e-06
906	0.9674763	5.78293e-06
907	0.9674771	5.82991e-06
908	0.967478	5.87716e-06
909	0.9674788	5.92469e-06
910	0.9674796	5.9725e-06
911	0.9674805	6.02059e-06
912	0.9674813	6.06896e-06
913	0.9674821	6.11761e-06
914	0.9674829	6.16654e-06
915	0.9674838	6.21576e-06
916	0.9674846	6.26526e-06
917	0.9674854	6.31504e-06
918	0.9674862	6.36511e-06
919	0.9674871	6.41547e-06
920	0.9674879	6.46612e-06
921	0.9674887	6.51705e-06
922	0.9674895	6.56827e-06
923	0.9674903	6.61979e-06
924	0.9674911	6.67159e-06
925	0.9674919	6.72369e-06
926	0.9674927	6.77608e-06
927	0.9674935	6.82876e-06
928	0.9674943	6.88174e-06
929	0.9674951	6.93502e-06
930	0.9674959	6.98859e-06
931	0.9674967	7.04245e-06
932	0.9674975	7.09662e-06
933	0.9674983	7.15109e-06
934	0.9674991	7.20585e-06
935	0.9674999	7.26092e-06
936	0.9675007	7.31629e-06
937	0.9675015	7.37196e-06
938	0.9675023	7.42793e-06
939	0.967503	7.48421e-06
940	0.9675038	7.54079e-06
941	0.9675046	7.59768e-06
942	0.9675054	7.65488e-06
943	0.9675062	7.71239e-06
944	0.9675069	7.7702e-06
945	0.9675077	7.82833e-06
946	0.9675085	7.88676e-06
947	0.9675093	7.94551e-06
948	0.96751	8.00456e-06
949	0.9675108	8.06393e-06
950	0.9675116	8.12362e-06
951	0.9675123	8.18362e-06
952	0.9675131	8.24393e-06
953	0.9675138	8.30457e-06
954	0.9675146	8.36552e-06
955	0.9675154	8.42678e-06
956	0.9675161	8.48837e-06
957	0.9675169	8.55028e-06
958	0.9675176	8.61251e-06
959	0.9675184	8.67505e-06
960	0.9675191	8.73793e-06
961	0.9675199	8.80112e-06
962	0.9675206	8.86464e-06
963	0.9675214	8.92849e-06
964	0.9675221	8.99266e-06
965	0.9675228	9.05715e-06
966	0.9675236	9.12198e-06
967	0.9675243	9.18713e-06
968	0.9675251	9.25262e-06
969	0.9675258	9.31843e-06
970	0.9675265	9.38457e-06
971	0.9675273	9.45105e-06
972	0.967528	9.51786e-06
973	0.9675287	9.585e-06
974	0.9675295	9.65247e-06
975	0.9675302	9.72029e-06
976	0.9675309	9.78843e-06
977	0.9675316	9.85692e-06
978	0.9675324	9.92574e-06
979	0.9675331	9.9949e-06
980	0.9675338	1.00644e-05
981	0.9675345	1.01342e-05
982	0.9675352	1.02044e-05
983	0.9675359	1.02749e-05
984	0.9675367	1.03458e-05
985	0.9675374	1.0417e-05
986	0.9675381	1.04886e-05
987	0.9675388	1.05605e-05
988	0.9675395	1.06327e-05
989	0.9675402	1.07053e-05
990	0.9675409	1.07782e-05
991	0.9675416	1.08515e-05
992	0.9675423	1.09252e-05
993	0.967543	1.09991e-05
994	0.9675437	1.10735e-05
995	0.9675444	1.11482e-05
996	0.9675451	1.12232e-05
997	0.9675458	1.12986e-05
998	0.9675465	1.13743e-05
999	0.9675472	1.14504e-05
aoi	65	
380	0.8337078	8.27569e-05
381	0.834286	8.41496e-05
382	0.8353643	8.34345e-05
383	0.8369268	8.07283e-05
384	0.8384766	7.81098e-05
385	0.8400135	7.55762e-05
386	0.8415381	7.31248e-05
387	0.8430506	7.0753e-05
388	0.8447106	6.84218e-05
389	0.8464909	6.6133e-05
390	0.848259	6.39143e-05
391	0.8500149	6.17636e-05
392	0.851758	5.96787e-05
393	0.8534893	5.76579e-05
394	0.8551633	5.57403e-05
395	0.8567564	5.39421e-05
396	0.8583377	5.21979e-05
397	0.8599077	5.05061e-05
398	0.8614666	4.88652e-05
399	0.8630137	4.72736e-05
400	0.8645153	4.5754e-05
401	0.8653193	4.4748e-05
402	0.8661151	4.37665e-05
403	0.8669027	4.28089e-05
404	0.8676827	4.18747e-05
405	0.868455	4.09632e-05
406	0.8692195	4.00737e-05
407	0.8699436	3.92402e-05
408	0.8706265	3.84612e-05
409	0.8713026	3.76997e-05
410	0.8719717	3.69553e-05
411	0.8726344	3.62276e-05
412	0.8732906	3.55162e-05
413	0.8739404	3.48207e-05
414	0.8749248	3.39807e-05
415	0.8760363	3.30994e-05
416	0.8771396	3.22406e-05
417	0.8782343	3.14037e-05
418	0.879321	3.05881e-05
419	0.8803997	2.97935e-05
420	0.8814704	2.9019e-05
421	0.8825265	2.83034e-05
422	0.8835725	2.76203e-05
423	0.8846112	2.69531e-05
424	0.8856421	2.63012e-05
425	0.8866659	2.56645e-05
426	0.8876825	2.50425e-05
427	0.8886919	2.44349e-05
428	0.8895089	2.39618e-05
429	0.8901072	2.36346e-05
430	0.8907006	2.33126e-05
431	0.8912889	2.29955e-05
432	0.8918722	2.26832e-05
433	0.8924508	2.23758e-05
434	0.8930248	2.20731e-05
435	0.8935938	2.1775e-05
436	0.8941508	2.14929e-05
437	0.8947032	2.12153e-05
438	0.8952511	2.09419e-05
439	0.8957946	2.06724e-05
440	0.8963339	2.04068e-05
441	0.896869	2.01452e-05
442	0.8973998	1.98873e-05
443	0.8979831	1.96017e-05
444	0.8987942	1.91932e-05
445	0.8995999	1.8793e-05
446	0.9004002	1.84009e-05
447	0.9011952	1.80167e-05
448	0.901985	1.76403e-05
449	0.9027696	1.72715e-05
450	0.9035491	1.69102e-05
451	0.904331	1.65534e-05
452	0.9051523	1.61881e-05
453	0.9059683	1.58303e-05
454	0.9067791	1.54798e-05
455	0.907585	1.51367e-05
456	0.9083857	1.48006e-05
457	0.9091814	1.44714e-05
458	0.9099722	1.41491e-05
459	0.9107582	1.38334e-05
460	0.9115017	1.35497e-05
461	0.9122313	1.32777e-05
462	0.9129564	1.30109e-05
463	0.9136772	1.27489e-05
464	0.9143935	1.24918e-05
465	0.9151055	1.22394e-05
466	0.9158133	1.19917e-05
467	0.9165168	1.17486e-05
468	0.9172039	1.15151e-05
469	0.9178064	1.13188e-05
470	0.9184053	1.11258e-05
471	0.9190005	1.09358e-05
472	0.9195921	1.07489e-05
473	0.9201803	1.0565e-05
474	0.9207648	1.03841e-05
475	0.9213459	1.02061e-05
476	0.9219236	1.0031e-05
477	0.9224714	9.86794e-06
478	0.9228452	9.7669e-06
479	0.9232166	9.66701e-06
480	0.9235857	9.56826e-06
481	0.9239524	9.47063e-06
482	0.9243168	9.37411e-06
483	0.9246789	9.27868e-06
484	0.9250388	9.18433e-06
485	0.9253963	9.09104e-06
486	0.9257517	8.9988e-06
487	0.9260486	8.92207e-06
488	0.9263281	8.8501e-06
489	0.9266057	8.77885e-06
490	0.9268816	8.70831e-06
491	0.9271558	8.63847e-06
492	0.9274281	8.56933e-06
493	0.9276988	8.50088e-06
494	0.9279678	8.43311e-06
495	0.9282351	8.36602e-06
496	0.9285011	8.29858e-06
497	0.9287722	8.21623e-06
498	0.9290417	8.13488e-06
499	0.9293095	8.05452e-06
500	0.9295757	7.97513e-06
501	0.9298403	7.8967e-06
502	0.9301034	7.81923e-06
503	0.9303647	7.74268e-06
504	0.9306246	7.66705e-06
505	0.930883	7.59234e-06
506	0.9311398	7.51851e-06
507	0.931388	7.44924e-06
508	0.9316343	7.38099e-06
509	0.9318792	7.31353e-06
510	0.9321227	7.24682e-06
511	0.9323647	7.18088e-06
512	0.9326054	7.11569e-06
513	0.9328448	7.05123e-06
514	0.9330828	6.98749e-06
515	0.9333194	6.92448e-06
516	0.9335547	6.86217e-06
517	0.9337818	6.80762e-06
518	0.9339971	6.76434e-06
519	0.9342112	6.72141e-06
520	0.9344242	6.67884e-06
521	0.9346359	6.63662e-06
522	0.9348466	6.59474e-06
523	0.9350561	6.5532e-06
524	0.9352645	6.512e-06
525	0.9354717	6.47114e-06
526	0.9356779	6.43061e-06
527	0.935883	6.3904e-06
528	0.9361016	6.34853e-06
529	0.9363406	6.30407e-06
530	0.9365784	6.25997e-06
531	0.936815	6.21624e-06
532	0.9370504	6.17286e-06
533	0.9372846	6.12984e-06
534	0.9375177	6.08718e-06
535	0.9377495	6.04486e-06
536	0.9379802	6.00288e-06
537	0.9382098	5.96125e-06
538	0.9384383	5.91996e-06
539	0.9386656	5.879e-06
540	0.9390049	5.81185e-06
541	0.9393506	5.74359e-06
542	0.9396946	5.67609e-06
543	0.940037	5.60935e-06
544	0.9403778	5.54335e-06
545	0.9407169	5.47809e-06
546	0.9410544	5.41356e-06
547	0.9413903	5.34975e-06
548	0.9417246	5.28665e-06
549	0.9420573	5.22426e-06
550	0.9423885	5.16256e-06
551	0.9427181	5.10155e-06
552	0.9430318	5.04451e-06
553	0.9433433	4.98822e-06
554	0.9436533	4.93254e-06
555	0.9439619	4.87746e-06
556	0.9442691	4.82297e-06
557	0.9445747	4.76905e-06
558	0.944879	4.71571e-06
559	0.9451819	4.66294e-06
560	0.9454834	4.61074e-06
561	0.9457834	4.55909e-06
562	0.9460821	4.50799e-06
563	0.9463794	4.45743e-06
564	0.9466258	4.41704e-06
565	0.9468059	4.38967e-06
566	0.9469852	4.36251e-06
567	0.9471636	4.33555e-06
568	0.9473413	4.3088e-06
569	0.9475181	4.28224e-06
570	0.9476942	4.25589e-06
571	0.9478694	4.22973e-06
572	0.9480438	4.20376e-06
573	0.9482175	4.17799e-06
574	0.9483903	4.15241e-06
575	0.9485624	4.12702e-06
576	0.9487337	4.10182e-06
577	0.9488827	4.08094e-06
578	0.9489863	4.06874e-06
579	0.9490894	4.0566e-06
580	0.9491921	4.04451e-06
581	0.9492944	4.03249e-06
582	0.9493962	4.02052e-06
583	0.9494977	4.0086e-06
584	0.9495986	3.99674e-06
585	0.9496992	3.98494e-06
586	0.9497993	3.97319e-06
587	0.9498991	3.9615e-06
588	0.9499984	3.94987e-06
589	0.9500974	3.93828e-06
590	0.9501959	3.92676e-06
591	0.9502513	3.92393e-06
592	0.9502775	3.92699e-06
593	0.9503036	3.93002e-06
594	0.9503296	3.93302e-06
595	0.9503556	3.93599e-06
596	0.9503815	3.93893e-06
597	0.9504073	3.94184e-06
598	0.9504331	3.94472e-06
599	0.9504588	3.94757e-06
600	0.9504844	3.95039e-06
601	0.95051	3.95318e-06
602	0.9505356	3.95595e-06
603	0.9505611	3.95868e-06
604	0.9505865	3.96139e-06
605	0.9506089	3.96439e-06
606	0.9506188	3.96865e-06
607	0.9506286	3.97288e-06
608	0.9506385	3.97707e-06
609	0.9506485	3.98123e-06
610	0.9506585	3.98534e-06
611	0.9506685	3.98942e-06
612	0.9506786	3.99346e-06
613	0.9506887	3.99746e-06
614	0.9506989	4.00143e-06
615	0.9507091	4.00535e-06
616	0.9507193	4.00924e-06
617	0.9507297	4.0131e-06
618	0.95074	4.01692e-06
619	0.9507504	4.0207e-06
620	0.9507626	4.02381e-06
621	0.9507961	4.0189e-06
622	0.9508296	4.01399e-06
623	0.9508631	4.00907e-06
624	0.9508965	4.00415e-06
625	0.95093	3.99924e-06
626	0.9509634	3.99432e-06
627	0.9509968	3.98939e-06
628	0.9510302	3.98447e-06
629	0.9510636	3.97954e-06
630	0.9510969	3.97462e-06
631	0.9511303	3.96969e-06
632	0.9511636	3.96476e-06
633	0.951197	3.95983e-06
634	0.9512303	3.9549e-06
635	0.9512636	3.94997e-06
636	0.9513023	3.94401e-06
637	0.9513658	3.93336e-06
638	0.9514291	3.92276e-06
639	0.9514923	3.9122e-06
640	0.9515553	3.90169e-06
641	0.9516181	3.89122e-06
642	0.9516809	3.8808e-06
643	0.9517434	3.87042e-06
644	0.9518058	3.86009e-06
645	0.9518681	3.8498e-06
646	0.9519302	3.83955e-06
647	0.9519921	3.82935e-06
648	0.952054	3.81919e-06
649	0.9521157	3.80907e-06
650	0.9521772	3.799e-06
651	0.9522386	3.78896e-06
652	0.9522998	3.77898e-06
653	0.9523905	3.76486e-06
654	0.9525176	3.7457e-06
655	0.9526443	3.72666e-06
656	0.9527704	3.70774e-06
657	0.9528961	3.68896e-06
658	0.9530214	3.67029e-06
659	0.9531462	3.65175e-06
660	0.9532706	3.63334e-06
661	0.9533945	3.61505e-06
662	0.9535179	3.59687e-06
663	0.953641	3.57882e-06
664	0.9537636	3.56089e-06
665	0.9538857	3.54308e-06
666	0.9540074	3.52538e-06
667	0.9541287	3.5078e-06
668	0.9542495	3.49033e-06
669	0.9543699	3.47298e-06
670	0.9544899	3.45574e-06
671	0.9546088	3.4397e-06
672	0.9547271	3.424e-06
673	0.954845	3.4084e-06
674	0.9549625	3.3929e-06
675	0.9550796	3.37748e-06
676	0.9551963	3.36216e-06
677	0.9553126	3.34693e-06
678	0.9554285	3.33179e-06
679	0.9555439	3.31674e-06
680	0.955659	3.30178e-06
681	0.9557736	3.28691e-06
682	0.9558879	3.27212e-06
683	0.9560017	3.25743e-06
684	0.9561152	3.24282e-06
685	0.9562283	3.2283e-06
686	0.9563409	3.21386e-06
687	0.9564532	3.19951e-06
688	0.9565651	3.18524e-06
689	0.9566635	3.1734e-06
690	0.9567072	3.17137e-06
691	0.9567509	3.16934e-06
692	0.9567944	3.16731e-06
693	0.9568379	3.16528e-06
694	0.9568812	3.16325e-06
695	0.9569245	3.16121e-06
696	0.9569677	3.15918e-06
697	0.9570108	3.15714e-06
698	0.9570538	3.15511e-06
699	0.9570967	3.15307e-06
700	0.9571396	3.15103e-06
701	0.9571823	3.14899e-06
702	0.957225	3.14695e-06
703	0.9572676	3.14491e-06
704	0.9573101	3.14287e-06
705	0.9573526	3.14083e-06
706	0.957395	3.13878e-06
707	0.9574372	3.13674e-06
708	0.9574794	3.1347e-06
709	0.957527	3.13198e-06
710	0.9575797	3.12862e-06
711	0.9576323	3.12527e-06
712	0.9576847	3.12192e-06
713	0.957737	3.11858e-06
714	0.9577892	3.11525e-06
715	0.9578413	3.11192e-06
716	0.9578932	3.1086e-06
717	0.9579451	3.10528e-06
718	0.9579968	3.10197e-06
719	0.9580484	3.09866e-06
720	0.9580998	3.09536e-06
721	0.9581512	3.09207e-06
722	0.9582024	3.08878e-06
723	0.9582535	3.0855e-06
724	0.9583045	3.08222e-06
725	0.9583554	3.07895e-06
726	0.9584061	3.07569e-06
727	0.9584568	3.07243e-06
728	0.9585073	3.06917e-06
729	0.9585577	3.06592e-06
730	0.9586569	3.05489e-06
731	0.9587792	3.04019e-06
732	0.9589011	3.02557e-06
733	0.9590226	3.01103e-06
734	0.9591437	2.99657e-06
735	0.9592644	2.98219e-06
736	0.9593847	2.96789e-06
737	0.9595045	2.95367e-06
738	0.959624	2.93952e-06
739	0.959743	2.92546e-06
740	0.9598616	2.91147e-06
741	0.9599798	2.89756e-06
742	0.9600977	2.88373e-06
743	0.9602151	2.86997e-06
744	0.9603321	2.85629e-06
745	0.9604488	2.84269e-06
746	0.960565	2.82916e-06
747	0.9606808	2.8157e-06
748	0.9607963	2.80232e-06
749	0.9609114	2.78901e-06
750	0.961026	2.77577e-06
751	0.9611403	2.76261e-06
752	0.9612588	2.74858e-06
753	0.9613801	2.73395e-06
754	0.961501	2.71941e-06
755	0.9616215	2.70496e-06
756	0.9617416	2.69059e-06
757	0.9618613	2.67631e-06
758	0.9619806	2.66211e-06
759	0.9620994	2.648e-06
760	0.9622179	2.63397e-06
761	0.9623359	2.62002e-06
762	0.9624535	2.60616e-06
763	0.9625708	2.59237e-06
764	0.9626876	2.57867e-06
765	0.962804	2.56506e-06
766	0.96292	2.55152e-06
767	0.9630357	2.53806e-06
768	0.9631509	2.52468e-06
769	0.9632657	2.51138e-06
770	0.9633802	2.49816e-06
771	0.9634942	2.48501e-06
772	0.9636079	2.47195e-06
773	0.9637211	2.45896e-06
774	0.963834	2.44604e-06
775	0.9639444	2.43342e-06
776	0.9640341	2.42294e-06
777	0.9641235	2.41252e-06
778	0.9642126	2.40216e-06
779	0.9643014	2.39186e-06
780	0.9643899	2.38161e-06
781	0.9644781	2.37142e-06
782	0.964566	2.36129e-06
783	0.9646536	2.35122e-06
784	0.964741	2.3412e-06
785	0.9648281	2.33123e-06
786	0.9649149	2.32133e-06
787	0.9650014	2.31147e-06
788	0.9650876	2.30167e-06
789	0.9651736	2.29193e-06
790	0.9652592	2.28223e-06
791	0.9653446	2.2726e-06
792	0.9654297	2.26301e-06
793	0.9655146	2.25348e-06
794	0.9655991	2.244e-06
795	0.9656834	2.23457e-06
796	0.9657675	2.22519e-06
797	0.9658512	2.21586e-06
798	0.9659347	2.20659e-06
799	0.9660179	2.19736e-06
800	0.9660937	2.19125e-06
801	0.9661021	2.21426e-06
802	0.9661105	2.23746e-06
803	0.9661188	2.26084e-06
804	0.966127	2.2844e-06
805	0.9661352	2.30815e-06
806	0.9661433	2.33208e-06
807	0.9661514	2.35621e-06
808	0.9661594	2.38052e-06
809	0.9661673	2.40502e-06
810	0.9661752	2.42971e-06
811	0.9661831	2.45459e-06
812	0.9661909	2.47966e-06
813	0.9661986	2.50493e-06
814	0.9662063	2.53039e-06
815	0.9662139	2.55605e-06
816	0.9662215	2.5819e-06
817	0.966229	2.60795e-06
818	0.9662365	2.63419e-06
819	0.9662439	2.66064e-06
820	0.9662513	2.68728e-06
821	0.9662586	2.71412e-06
822	0.9662659	2.74117e-06
823	0.9662731	2.76842e-06
824	0.9662803	2.79587e-06
825	0.9662874	2.82352e-06
826	0.9662945	2.85138e-06
827	0.9663015	2.87945e-06
828	0.9663085	2.90772e-06
829	0.9663154	2.9362e-06
830	0.9663223	2.96489e-06
831	0.9663291	2.99379e-06
832	0.9663359	3.0229e-06
833	0.9663427	3.05222e-06
834	0.9663494	3.08176e-06
835	0.966356	3.1115e-06
836	0.9663626	3.14147e-06
837	0.9663692	3.17164e-06
838	0.9663757	3.20204e-06
839	0.9663822	3.23265e-06
840	0.9663886	3.26348e-06
841	0.966395	3.29452e-06
842	0.9664014	3.32579e-06
843	0.9664077	3.35728e-06
844	0.966414	3.38899e-06
845	0.9664202	3.42092e-06
846	0.9664264	3.45308e-06
847	0.9664325	3.48546e-06
848	0.9664386	3.51807e-06
849	0.9664447	3.55091e-06
850	0.9664507	3.58397e-06
851	0.9664567	3.61726e-06
852	0.9664626	3.65078e-06
853	0.9664685	3.68453e-06
854	0.9664744	3.71851e-06
855	0.9664802	3.75272e-06
856	0.966486	3.78717e-06
857	0.9664918	3.82185e-06
858	0.9664975	3.85677e-06
859	0.9665031	3.89192e-06
860	0.9665088	3.92731e-06
861	0.9665144	3.96293e-06
862	0.9665199	3.9988e-06
863	0.9665255	4.0349e-06
864	0.966531	4.07125e-06
865	0.9665364	4.10784e-06
866	0.9665418	4.14467e-06
867	0.9665472	4.18174e-06
868	0.9665526	4.21906e-06
869	0.9665579	4.25662e-06
870	0.9665632	4.29443e-06
871	0.9665684	4.33249e-06
872	0.9665736	4.37079e-06
873	0.9665788	4.40935e-06
874	0.966584	4.44815e-06
875	0.9665891	4.48721e-06
876	0.9665942	4.52651e-06
877	0.9665992	4.56608e-06
878	0.9666042	4.60589e-06
879	0.9666092	4.64596e-06
880	0.9666139	4.68627e-06
881	0.9666181	4.72681e-06
882	0.9666224	4.76762e-06
883	0.9666266	4.80868e-06
884	0.9666307	4.85e-06
885	0.9666349	4.89158e-06
886	0.966639	4.93342e-06
887	0.9666431	4.97552e-06
888	0.9666472	5.01788e-06
889	0.9666513	5.06051e-06
890	0.9666553	5.1034e-06
891	0.9666593	5.14656e-06
892	0.9666632	5.18999e-06
893	0.9666672	5.23368e-06
894	0.9666711	5.27764e-06
895	0.966675	5.32187e-06
896	0.9666789	5.36637e-06
897	0.9666827	5.41114e-06
898	0.9666865	5.45618e-06
899	0.9666903	5.5015e-06
900	0.9666937	5.54706e-06
901	0.9666946	5.59273e-06
902	0.9666955	5.63867e-06
903	0.9666965	5.68489e-06
904	0.9666974	5.73138e-06
905	0.9666983	5.77815e-06
906	0.9666992	5.8252e-06
907	0.9667001	5.87253e-06
908	0.9667011	5.92013e-06
909	0.966702	5.96801e-06
910	0.9667029	6.01618e-06
911	0.9667038	6.06463e-06
912	0.9667047	6.11335e-06
913	0.9667056	6.16237e-06
914	0.9667065	6.21166e-06
915	0.9667074	6.26125e-06
916	0.9667083	6.31112e-06
917	0.9667092	6.36127e-06
918	0.9667101	6.41171e-06
919	0.966711	6.46245e-06
920	0.9667119	6.51347e-06
921	0.9667128	6.56478e-06
922	0.9667137	6.61639e-06
923	0.9667146	6.66829e-06
924	0.9667154	6.72048e-06
925	0.9667163	6.77296e-06
926	0.9667172	6.82574e-06
927	0.9667181	6.87882e-06
928	0.966719	6.93219e-06
929	0.9667198	6.98586e-06
930	0.9667207	7.03983e-06
931	0.9667216	7.0941e-06
932	0.9667225	7.14867e-06
933	0.9667233	7.20354e-06
934	0.9667242	7.25872e-06
935	0.9667251	7.3142e-06
936	0.9667259	7.36998e-06
937	0.9667268	7.42606e-06
938	0.9667276	7.48245e-06
939	0.9667285	7.53915e-06
940	0.9667293	7.59616e-06
941	0.9667302	7.65348e-06
942	0.9667311	7.7111e-06
943	0.9667319	7.76903e-06
944	0.9667328	7.82728e-06
945	0.9667336	7.88584e-06
946	0.9667344	7.94471e-06
947	0.9667353	8.00389e-06
948	0.9667361	8.06339e-06
949	0.966737	8.12321e-06
950	0.9667378	8.18334e-06
951	0.9667386	8.24379e-06
952	0.9667395	8.30455e-06
953	0.9667403	8.36564e-06
954	0.9667411	8.42704e-06
955	0.966742	8.48877e-06
956	0.9667428	8.55082e-06
957	0.9667436	8.61319e-06
958	0.9667444	8.67588e-06
959	0.9667453	8.7389e-06
960	0.9667461	8.80224e-06
961	0.9667469	8.86591e-06
962	0.9667477	8.9299e-06
963	0.9667485	8.99423e-06
964	0.9667494	9.05888e-06
965	0.9667502	9.12386e-06
966	0.966751	9.18917e-06
967	0.9667518	9.25481e-06
968	0.9667526	9.32078e-06
969	0.9667534	9.38709e-06
970	0.9667542	9.45373e-06
971	0.966755	9.5207e-06
972	0.9667558	9.58801e-06
973	0.9667566	9.65566e-06
974	0.9667574	9.72364e-06
975	0.9667582	9.79196e-06
976	0.966759	9.86062e-06
977	0.9667598	9.92961e-06
978	0.9667606	9.99895e-06
979	0.9667614	1.00686e-05
980	0.9667622	1.01387e-05
981	0.9667629	1.0209e-05
982	0.9667637	1.02797e-05
983	0.9667645	1.03508e-05
984	0.9667653	1.04222e-05
985	0.9667661	1.04939e-05
986	0.9667668	1.0566e-05
987	0.9667676	1.06384e-05
988	0.9667684	1.07112e-05
989	0.9667692	1.07844e-05
990	0.9667699	1.08578e-05
991	0.9667707	1.09317e-05
992	0.9667715	1.10059e-05
993	0.9667722	1.10804e-05
994	0.966773	1.11553e-05
995	0.9667738	1.12305e-05
996	0.9667745	1.13062e-05
997	0.9667753	1.13821e-05
998	0.9667761	1.14584e-05
999	0.9667768	1.15351e-05
aoi	70	
380	0.8614353	6.68756e-05
381	0.8619165	6.79992e-05
382	0.8627929	6.74304e-05
383	0.8640515	6.52625e-05
384	0.8652992	6.3165e-05
385	0.8665357	6.11355e-05
386	0.8677616	5.91718e-05
387	0.8689771	5.72718e-05
388	0.870321	5.54016e-05
389	0.8717698	5.35633e-05
390	0.8732083	5.17812e-05
391	0.8746366	5.00535e-05
392	0.8760542	4.83786e-05
393	0.8774617	4.6755e-05
394	0.8788209	4.52147e-05
395	0.8801114	4.37708e-05
396	0.8813922	4.23702e-05
397	0.8826636	4.10114e-05
398	0.8839258	3.96934e-05
399	0.8851783	3.84147e-05
400	0.8863923	3.71941e-05
401	0.8870101	3.63939e-05
402	0.887621	3.56131e-05
403	0.8882249	3.48513e-05
404	0.8888223	3.4108e-05
405	0.8894134	3.33827e-05
406	0.8899977	3.26749e-05
407	0.8905482	3.20121e-05
408	0.8910642	3.13933e-05
409	0.8915744	3.07883e-05
410	0.8920787	3.01968e-05
411	0.8925776	2.96184e-05
412	0.8930712	2.9053e-05
413	0.8935593	2.85e-05
414	0.8943367	2.78266e-05
415	0.8952245	2.7118e-05
416	0.8961057	2.64274e-05
417	0.8969801	2.57542e-05
418	0.8978481	2.5098e-05
419	0.8987097	2.44583e-05
420	0.8995649	2.38348e-05
421	0.9004105	2.32585e-05
422	0.9012489	2.27083e-05
423	0.9020814	2.21706e-05
424	0.9029079	2.16452e-05
425	0.9037286	2.11318e-05
426	0.9045438	2.06302e-05
427	0.9053534	2.01399e-05
428	0.9060002	1.976e-05
429	0.906462	1.95001e-05
430	0.9069197	1.92442e-05
431	0.9073733	1.89921e-05
432	0.907823	1.87439e-05
433	0.9082689	1.84995e-05
434	0.9087111	1.82587e-05
435	0.9091494	1.80216e-05
436	0.9095783	1.77974e-05
437	0.9100036	1.75768e-05
438	0.9104252	1.73593e-05
439	0.9108434	1.7145e-05
440	0.9112582	1.69337e-05
441	0.9116697	1.67255e-05
442	0.9120778	1.65203e-05
443	0.9125311	1.62919e-05
444	0.913179	1.59612e-05
445	0.9138228	1.56371e-05
446	0.9144624	1.53194e-05
447	0.915098	1.5008e-05
448	0.9157297	1.47028e-05
449	0.9163574	1.44036e-05
450	0.9169812	1.41103e-05
451	0.9176078	1.38206e-05
452	0.9182692	1.35232e-05
453	0.9189265	1.32319e-05
454	0.9195801	1.29464e-05
455	0.9202298	1.26667e-05
456	0.9208758	1.23926e-05
457	0.9215179	1.21241e-05
458	0.9221565	1.18609e-05
459	0.9227914	1.16031e-05
460	0.9233917	1.13716e-05
461	0.9239807	1.11497e-05
462	0.9245665	1.09318e-05
463	0.9251489	1.07179e-05
464	0.9257281	1.05077e-05
465	0.9263041	1.03014e-05
466	0.926877	1.00987e-05
467	0.9274467	9.8997e-06
468	0.9280027	9.70853e-06
469	0.9284867	9.5485e-06
470	0.928968	9.39098e-06
471	0.9294465	9.23592e-06
472	0.9299223	9.08328e-06
473	0.9303957	8.93303e-06
474	0.9308663	8.78512e-06
475	0.9313344	8.63951e-06
476	0.9317999	8.49618e-06
477	0.9322401	8.36294e-06
478	0.9325299	8.28198e-06
479	0.9328179	8.20191e-06
480	0.9331042	8.12273e-06
481	0.9333887	8.0444e-06
482	0.9336714	7.96694e-06
483	0.9339524	7.89032e-06
484	0.9342318	7.81453e-06
485	0.9345095	7.73957e-06
486	0.9347855	7.66542e-06
487	0.9350102	7.60446e-06
488	0.9352198	7.5475e-06
489	0.935428	7.49108e-06
490	0.9356348	7.43522e-06
491	0.9358405	7.37989e-06
492	0.9360447	7.3251e-06
493	0.9362477	7.27082e-06
494	0.9364495	7.21707e-06
495	0.93665	7.16384e-06
496	0.9368495	7.11028e-06
497	0.9370509	7.04418e-06
498	0.9372512	6.97886e-06
499	0.9374502	6.91431e-06
500	0.937648	6.85051e-06
501	0.9378447	6.78746e-06
502	0.9380403	6.72514e-06
503	0.9382347	6.66355e-06
504	0.938428	6.60267e-06
505	0.9386202	6.54249e-06
506	0.9388113	6.48301e-06
507	0.9389954	6.42733e-06
508	0.9391782	6.37246e-06
509	0.9393599	6.3182e-06
510	0.9395405	6.26453e-06
511	0.9397202	6.21144e-06
512	0.9398989	6.15893e-06
513	0.9400767	6.107e-06
514	0.9402534	6.05562e-06
515	0.9404293	6.0048e-06
516	0.9406042	5.95453e-06
517	0.9407733	5.91079e-06
518	0.940934	5.87658e-06
519	0.9410939	5.84264e-06
520	0.941253	5.80896e-06
521	0.9414112	5.77555e-06
522	0.9415686	5.7424e-06
523	0.9417252	5.7095e-06
524	0.941881	5.67686e-06
525	0.942036	5.64447e-06
526	0.9421902	5.61233e-06
527	0.9423437	5.58044e-06
528	0.9425098	5.54702e-06
529	0.9426949	5.51124e-06
530	0.9428792	5.47574e-06
531	0.9430625	5.44051e-06
532	0.9432451	5.40556e-06
533	0.9434267	5.37087e-06
534	0.9436076	5.33646e-06
535	0.9437877	5.3023e-06
536	0.9439669	5.26841e-06
537	0.9441453	5.23478e-06
538	0.9443229	5.20141e-06
539	0.9444997	5.16829e-06
540	0.9447771	5.11215e-06
541	0.9450605	5.05496e-06
542	0.9453428	4.99838e-06
543	0.9456239	4.9424e-06
544	0.9459038	4.88702e-06
545	0.9461826	4.83221e-06
546	0.9464602	4.77799e-06
547	0.9467367	4.72434e-06
548	0.9470122	4.67125e-06
549	0.9472864	4.61873e-06
550	0.9475596	4.56675e-06
551	0.9478317	4.51533e-06
552	0.9480898	4.46734e-06
553	0.9483462	4.41998e-06
554	0.9486016	4.37309e-06
555	0.948856	4.32667e-06
556	0.9491093	4.28072e-06
557	0.9493617	4.23524e-06
558	0.949613	4.19021e-06
559	0.9498634	4.14563e-06
560	0.9501127	4.1015e-06
561	0.9503611	4.05781e-06
562	0.9506085	4.01457e-06
563	0.950855	3.97175e-06
564	0.9510554	3.93794e-06
565	0.9511959	3.91568e-06
566	0.9513358	3.89358e-06
567	0.9514752	3.87163e-06
568	0.9516139	3.84983e-06
569	0.9517521	3.82819e-06
570	0.9518898	3.8067e-06
571	0.9520269	3.78535e-06
572	0.9521634	3.76416e-06
573	0.9522995	3.74311e-06
574	0.9524349	3.72221e-06
575	0.9525699	3.70145e-06
576	0.9527043	3.68084e-06
577	0.9528185	3.66406e-06
578	0.9528914	3.65505e-06
579	0.9529641	3.64607e-06
580	0.9530365	3.63713e-06
581	0.9531085	3.62824e-06
582	0.9531803	3.61938e-06
583	0.9532518	3.61055e-06
584	0.9533231	3.60177e-06
585	0.953394	3.59302e-06
586	0.9534647	3.58431e-06
587	0.9535351	3.57564e-06
588	0.9536053	3.567e-06
589	0.9536752	3.5584e-06
590	0.9537449	3.54984e-06
591	0.9537753	3.54909e-06
592	0.9537791	3.55364e-06
593	0.9537828	3.55817e-06
594	0.9537866	3.56267e-06
595	0.9537904	3.56714e-06
596	0.9537941	3.57158e-06
597	0.9537978	3.576e-06
598	0.9538015	3.5804e-06
599	0.9538052	3.58476e-06
600	0.953809	3.5891e-06
601	0.9538127	3.59342e-06
602	0.9538164	3.59771e-06
603	0.9538201	3.60197e-06
604	0.9538238	3.60621e-06
605	0.9538247	3.61072e-06
606	0.9538136	3.61641e-06
607	0.9538026	3.62207e-06
608	0.9537917	3.6277e-06
609	0.9537808	3.63329e-06
610	0.9537701	3.63885e-06
611	0.9537594	3.64437e-06
612	0.9537488	3.64987e-06
613	0.9537382	3.65533e-06
614	0.9537278	3.66075e-06
615	0.9537174	3.66615e-06
616	0.9537071	3.67151e-06
617	0.953697	3.67684e-06
618	0.9536868	3.68214e-06
619	0.9536768	3.68741e-06
620	0.9536683	3.69206e-06
621	0.9536784	3.68949e-06
622	0.9536885	3.68691e-06
623	0.9536986	3.68432e-06
624	0.9537088	3.68171e-06
625	0.9537191	3.6791e-06
626	0.9537293	3.67648e-06
627	0.9537397	3.67386e-06
628	0.9537501	3.67122e-06
629	0.9537605	3.66857e-06
630	0.953771	3.66592e-06
631	0.9537816	3.66325e-06
632	0.9537922	3.66058e-06
633	0.9538028	3.6579e-06
634	0.9538135	3.65521e-06
635	0.9538243	3.65252e-06
636	0.9538401	3.64887e-06
637	0.9538792	3.64088e-06
638	0.9539183	3.63293e-06
639	0.9539572	3.62501e-06
640	0.9539962	3.61711e-06
641	0.954035	3.60925e-06
642	0.9540738	3.60141e-06
643	0.9541126	3.5936e-06
644	0.9541513	3.58582e-06
645	0.9541899	3.57807e-06
646	0.9542285	3.57035e-06
647	0.9542671	3.56265e-06
648	0.9543056	3.55498e-06
649	0.954344	3.54734e-06
650	0.9543824	3.53973e-06
651	0.9544207	3.53215e-06
652	0.954459	3.52459e-06
653	0.9545257	3.51316e-06
654	0.9546272	3.49697e-06
655	0.9547285	3.48088e-06
656	0.9548294	3.46488e-06
657	0.95493	3.44899e-06
658	0.9550304	3.43319e-06
659	0.9551304	3.41749e-06
660	0.9552302	3.40189e-06
661	0.9553296	3.38638e-06
662	0.9554288	3.37096e-06
663	0.9555277	3.35564e-06
664	0.9556263	3.34042e-06
665	0.9557246	3.32528e-06
666	0.9558226	3.31024e-06
667	0.9559203	3.29529e-06
668	0.9560177	3.28043e-06
669	0.9561149	3.26566e-06
670	0.9562117	3.25097e-06
671	0.9563081	3.23737e-06
672	0.9564041	3.22407e-06
673	0.9564998	3.21084e-06
674	0.9565953	3.19768e-06
675	0.9566904	3.1846e-06
676	0.9567853	3.17159e-06
677	0.95688	3.15865e-06
678	0.9569744	3.14578e-06
679	0.9570684	3.13298e-06
680	0.9571623	3.12025e-06
681	0.9572558	3.10759e-06
682	0.9573491	3.09499e-06
683	0.9574421	3.08247e-06
684	0.9575349	3.07001e-06
685	0.9576274	3.05762e-06
686	0.9577196	3.04529e-06
687	0.9578116	3.03304e-06
688	0.9579033	3.02084e-06
689	0.9579823	3.01093e-06
690	0.9580093	3.01026e-06
691	0.9580363	3.00958e-06
692	0.9580633	3.0089e-06
693	0.9580903	3.00822e-06
694	0.9581172	3.00753e-06
695	0.9581441	3.00684e-06
696	0.958171	3.00614e-06
697	0.9581978	3.00543e-06
698	0.9582247	3.00473e-06
699	0.9582515	3.00401e-06
700	0.9582783	3.0033e-06
701	0.958305	3.00257e-06
702	0.9583317	3.00185e-06
703	0.9583585	3.00112e-06
704	0.9583852	3.00038e-06
705	0.9584118	2.99964e-06
706	0.9584385	2.9989e-06
707	0.9584651	2.99815e-06
708	0.9584917	2.9974e-06
709	0.9585237	2.99599e-06
710	0.9585607	2.99397e-06
711	0.9585976	2.99194e-06
712	0.9586345	2.98992e-06
713	0.9586713	2.9879e-06
714	0.9587081	2.98588e-06
715	0.9587448	2.98386e-06
716	0.9587814	2.98184e-06
717	0.958818	2.97983e-06
718	0.9588546	2.97781e-06
719	0.958891	2.97579e-06
720	0.9589274	2.97378e-06
721	0.9589638	2.97177e-06
722	0.9590001	2.96975e-06
723	0.9590364	2.96774e-06
724	0.9590726	2.96573e-06
725	0.9591087	2.96372e-06
726	0.9591448	2.96171e-06
727	0.9591809	2.9597e-06
728	0.9592168	2.9577e-06
729	0.9592527	2.95569e-06
730	0.9593362	2.9462e-06
731	0.9594422	2.93316e-06
732	0.9595479	2.92019e-06
733	0.9596534	2.90729e-06
734	0.9597585	2.89445e-06
735	0.9598634	2.88168e-06
736	0.9599679	2.86897e-06
737	0.9600722	2.85632e-06
738	0.9601761	2.84374e-06
739	0.9602798	2.83122e-06
740	0.9603831	2.81876e-06
741	0.9604862	2.80637e-06
742	0.960589	2.79404e-06
743	0.9606915	2.78177e-06
744	0.9607937	2.76956e-06
745	0.9608956	2.75741e-06
746	0.9609973	2.74533e-06
747	0.9610986	2.7333e-06
748	0.9611997	2.72133e-06
749	0.9613004	2.70942e-06
750	0.9614009	2.69758e-06
751	0.9615012	2.68579e-06
752	0.9616054	2.67316e-06
753	0.9617126	2.65994e-06
754	0.9618194	2.64679e-06
755	0.961926	2.63371e-06
756	0.9620322	2.62071e-06
757	0.9621381	2.60777e-06
758	0.9622438	2.59491e-06
759	0.9623491	2.58212e-06
760	0.9624542	2.56939e-06
761	0.9625589	2.55674e-06
762	0.9626633	2.54415e-06
763	0.9627674	2.53163e-06
764	0.9628712	2.51919e-06
765	0.9629747	2.5068e-06
766	0.963078	2.49449e-06
767	0.9631809	2.48224e-06
768	0.9632835	2.47006e-06
769	0.9633859	2.45794e-06
770	0.9634879	2.44589e-06
771	0.9635897	2.43391e-06
772	0.9636911	2.42199e-06
773	0.9637923	2.41013e-06
774	0.9638932	2.39834e-06
775	0.9639917	2.38682e-06
776	0.9640695	2.37741e-06
777	0.964147	2.36806e-06
778	0.9642243	2.35875e-06
779	0.9643015	2.34949e-06
780	0.9643784	2.34027e-06
781	0.9644551	2.33111e-06
782	0.9645316	2.32199e-06
783	0.9646078	2.31291e-06
784	0.9646839	2.30388e-06
785	0.9647598	2.2949e-06
786	0.9648355	2.28597e-06
787	0.964911	2.27707e-06
788	0.9649862	2.26823e-06
789	0.9650613	2.25943e-06
790	0.9651362	2.25067e-06
791	0.9652108	2.24196e-06
792	0.9652853	2.23329e-06
793	0.9653596	2.22466e-06
794	0.9654337	2.21608e-06
795	0.9655075	2.20754e-06
796	0.9655812	2.19905e-06
797	0.9656547	2.19059e-06
798	0.965728	2.18218e-06
799	0.9658011	2.17381e-06
800	0.9658678	2.16845e-06
801	0.9658758	2.1913e-06
802	0.9658838	2.21434e-06
803	0.9658917	2.23755e-06
804	0.9658996	2.26095e-06
805	0.9659075	2.28453e-06
806	0.9659152	2.3083e-06
807	0.965923	2.33226e-06
808	0.9659306	2.3564e-06
809	0.9659382	2.38074e-06
810	0.9659458	2.40526e-06
811	0.9659533	2.42997e-06
812	0.9659607	2.45488e-06
813	0.9659681	2.47997e-06
814	0.9659755	2.50526e-06
815	0.9659827	2.53075e-06
816	0.96599	2.55643e-06
817	0.9659972	2.5823e-06
818	0.9660043	2.60837e-06
819	0.9660114	2.63464e-06
820	0.9660184	2.66111e-06
821	0.9660254	2.68778e-06
822	0.9660324	2.71465e-06
823	0.9660393	2.74172e-06
824	0.9660461	2.76899e-06
825	0.9660529	2.79647e-06
826	0.9660597	2.82415e-06
827	0.9660663	2.85204e-06
828	0.966073	2.88013e-06
829	0.9660796	2.90843e-06
830	0.9660862	2.93694e-06
831	0.9660927	2.96565e-06
832	0.9660992	2.99458e-06
833	0.9661056	3.02372e-06
834	0.966112	3.05307e-06
835	0.9661183	3.08263e-06
836	0.9661246	3.11241e-06
837	0.9661308	3.1424e-06
838	0.9661371	3.1726e-06
839	0.9661432	3.20303e-06
840	0.9661494	3.23367e-06
841	0.9661554	3.26453e-06
842	0.9661615	3.2956e-06
843	0.9661675	3.3269e-06
844	0.9661734	3.35842e-06
845	0.9661794	3.39016e-06
846	0.9661852	3.42213e-06
847	0.9661911	3.45432e-06
848	0.9661969	3.48673e-06
849	0.9662026	3.51937e-06
850	0.9662083	3.55224e-06
851	0.966214	3.58533e-06
852	0.9662197	3.61866e-06
853	0.9662253	3.65221e-06
854	0.9662308	3.68599e-06
855	0.9662363	3.72001e-06
856	0.9662418	3.75426e-06
857	0.9662473	3.78874e-06
858	0.9662527	3.82345e-06
859	0.9662581	3.8584e-06
860	0.9662634	3.89359e-06
861	0.9662687	3.92901e-06
862	0.966274	3.96468e-06
863	0.9662792	4.00058e-06
864	0.9662844	4.03672e-06
865	0.9662896	4.0731e-06
866	0.9662947	4.10973e-06
867	0.9662998	4.14659e-06
868	0.9663049	4.1837e-06
869	0.9663099	4.22106e-06
870	0.9663149	4.25866e-06
871	0.9663199	4.29651e-06
872	0.9663248	4.3346e-06
873	0.9663297	4.37295e-06
874	0.9663346	4.41154e-06
875	0.9663394	4.45038e-06
876	0.9663442	4.48948e-06
877	0.966349	4.52882e-06
878	0.9663537	4.56842e-06
879	0.9663584	4.60828e-06
880	0.9663628	4.64837e-06
881	0.9663668	4.68869e-06
882	0.9663708	4.72927e-06
883	0.9663748	4.77011e-06
884	0.9663787	4.8112e-06
885	0.9663826	4.85256e-06
886	0.9663865	4.89417e-06
887	0.9663903	4.93605e-06
888	0.9663941	4.97818e-06
889	0.9663979	5.02058e-06
890	0.9664017	5.06325e-06
891	0.9664055	5.10618e-06
892	0.9664092	5.14937e-06
893	0.9664129	5.19283e-06
894	0.9664165	5.23656e-06
895	0.9664202	5.28055e-06
896	0.9664238	5.32482e-06
897	0.9664274	5.36935e-06
898	0.966431	5.41416e-06
899	0.9664346	5.45924e-06
900	0.9664377	5.50455e-06
901	0.9664387	5.54987e-06
902	0.9664397	5.59547e-06
903	0.9664406	5.64135e-06
904	0.9664416	5.68749e-06
905	0.9664426	5.73391e-06
906	0.9664436	5.7806e-06
907	0.9664445	5.82758e-06
908	0.9664455	5.87482e-06
909	0.9664464	5.92235e-06
910	0.9664474	5.97015e-06
911	0.9664484	6.01824e-06
912	0.9664493	6.0666e-06
913	0.9664503	6.11525e-06
914	0.9664512	6.16418e-06
915	0.9664522	6.21339e-06
916	0.9664531	6.26288e-06
917	0.9664541	6.31266e-06
918	0.966455	6.36273e-06
919	0.9664559	6.41308e-06
920	0.9664569	6.46372e-06
921	0.9664578	6.51465e-06
922	0.9664588	6.56587e-06
923	0.9664597	6.61738e-06
924	0.9664606	6.66918e-06
925	0.9664615	6.72128e-06
926	0.9664625	6.77366e-06
927	0.9664634	6.82634e-06
928	0.9664643	6.87932e-06
929	0.9664652	6.93259e-06
930	0.9664662	6.98616e-06
931	0.9664671	7.04002e-06
932	0.966468	7.09418e-06
933	0.9664689	7.14865e-06
934	0.9664698	7.20341e-06
935	0.9664707	7.25847e-06
936	0.9664716	7.31384e-06
937	0.9664725	7.36951e-06
938	0.9664734	7.42548e-06
939	0.9664744	7.48176e-06
940	0.9664753	7.53834e-06
941	0.9664761	7.59523e-06
942	0.966477	7.65242e-06
943	0.9664779	7.70992e-06
944	0.9664788	7.76774e-06
945	0.9664797	7.82586e-06
946	0.9664806	7.88429e-06
947	0.9664815	7.94304e-06
948	0.9664824	8.00209e-06
949	0.9664833	8.06146e-06
950	0.9664841	8.12115e-06
951	0.966485	8.18114e-06
952	0.9664859	8.24146e-06
953	0.9664868	8.30209e-06
954	0.9664877	8.36304e-06
955	0.9664885	8.42431e-06
956	0.9664894	8.48589e-06
957	0.9664903	8.5478e-06
958	0.9664911	8.61003e-06
959	0.966492	8.67258e-06
960	0.9664929	8.73545e-06
961	0.9664937	8.79864e-06
962	0.9664946	8.86216e-06
963	0.9664954	8.92601e-06
964	0.9664963	8.99018e-06
965	0.9664972	9.05468e-06
966	0.966498	9.11951e-06
967	0.9664989	9.18466e-06
968	0.9664997	9.25014e-06
969	0.9665006	9.31596e-06
970	0.9665014	9.3821e-06
971	0.9665023	9.44858e-06
972	0.9665031	9.51539e-06
973	0.9665039	9.58254e-06
974	0.9665048	9.65001e-06
975	0.9665056	9.71783e-06
976	0.9665065	9.78598e-06
977	0.9665073	9.85446e-06
978	0.9665081	9.92329e-06
979	0.966509	9.99245e-06
980	0.9665098	1.0062e-05
981	0.9665106	1.01318e-05
982	0.9665114	1.0202e-05
983	0.9665123	1.02725e-05
984	0.9665131	1.03434e-05
985	0.9665139	1.04146e-05
986	0.9665147	1.04861e-05
987	0.9665155	1.0558e-05
988	0.9665164	1.06303e-05
989	0.9665172	1.07029e-05
990	0.966518	1.07758e-05
991	0.9665188	1.08491e-05
992	0.9665196	1.09228e-05
993	0.9665204	1.09967e-05
994	0.9665212	1.10711e-05
995	0.966522	1.11458e-05
996	0.9665228	1.12208e-05
997	0.9665236	1.12962e-05
998	0.9665244	1.1372e-05
999	0.9665252	1.14481e-05
aoi	75	
380	0.8921652	5.07704e-05
381	0.8925403	5.16216e-05
382	0.8932096	5.11942e-05
383	0.8941632	4.95587e-05
384	0.8951078	4.79765e-05
385	0.8960433	4.64456e-05
386	0.8969702	4.49645e-05
387	0.8978886	4.35315e-05
388	0.898911	4.21192e-05
389	0.9000185	4.07296e-05
390	0.9011178	3.93825e-05
391	0.9022088	3.80765e-05
392	0.9032913	3.68104e-05
393	0.9043659	3.55831e-05
394	0.905402	3.4419e-05
395	0.9063836	3.33284e-05
396	0.9073575	3.22703e-05
397	0.908324	3.12438e-05
398	0.9092833	3.0248e-05
399	0.910235	2.92819e-05
400	0.9111561	2.83599e-05
401	0.9116013	2.77609e-05
402	0.9120409	2.71764e-05
403	0.912475	2.66062e-05
404	0.9129037	2.60498e-05
405	0.9133273	2.55068e-05
406	0.9137455	2.49769e-05
407	0.9141371	2.44812e-05
408	0.9145014	2.40188e-05
409	0.9148611	2.35667e-05
410	0.915216	2.31246e-05
411	0.9155666	2.26925e-05
412	0.9159129	2.22698e-05
413	0.9162548	2.18566e-05
414	0.9168299	2.13492e-05
415	0.9174942	2.0814e-05
416	0.9181534	2.02923e-05
417	0.9188075	1.97837e-05
418	0.9194566	1.92877e-05
419	0.9201009	1.88042e-05
420	0.9207404	1.83328e-05
421	0.9213741	1.7897e-05
422	0.9220029	1.74809e-05
423	0.9226273	1.70741e-05
424	0.9232471	1.66766e-05
425	0.9238627	1.6288e-05
426	0.924474	1.59082e-05
427	0.9250812	1.5537e-05
428	0.9255596	1.52506e-05
429	0.9258916	1.50568e-05
430	0.9262205	1.48658e-05
431	0.9265463	1.46778e-05
432	0.9268689	1.44926e-05
433	0.9271887	1.43101e-05
434	0.9275057	1.41305e-05
435	0.9278196	1.39535e-05
436	0.9281267	1.37862e-05
437	0.9284309	1.36217e-05
438	0.9287324	1.34595e-05
439	0.9290313	1.32996e-05
440	0.9293276	1.3142e-05
441	0.9296214	1.29867e-05
442	0.9299126	1.28335e-05
443	0.9302398	1.26622e-05
444	0.9307223	1.24113e-05
445	0.9312018	1.21653e-05
446	0.9316782	1.19241e-05
447	0.9321517	1.16876e-05
448	0.9326224	1.14557e-05
449	0.9330902	1.12283e-05
450	0.9335551	1.10054e-05
451	0.9340226	1.07849e-05
452	0.9345187	1.05583e-05
453	0.935012	1.03361e-05
454	0.9355024	1.01184e-05
455	0.9359902	9.90493e-06
456	0.9364753	9.6957e-06
457	0.9369577	9.4906e-06
458	0.9374375	9.28954e-06
459	0.9379147	9.09246e-06
460	0.9383654	8.91568e-06
461	0.9388077	8.74624e-06
462	0.9392477	8.57978e-06
463	0.9396853	8.41624e-06
464	0.9401206	8.25556e-06
465	0.9405537	8.09771e-06
466	0.9409846	7.94262e-06
467	0.9414132	7.79025e-06
468	0.9418313	7.64389e-06
469	0.9421919	7.52186e-06
470	0.9425506	7.4017e-06
471	0.9429074	7.28336e-06
472	0.9432623	7.16682e-06
473	0.9436155	7.05206e-06
474	0.9439667	6.93903e-06
475	0.9443162	6.82771e-06
476	0.9446639	6.71809e-06
477	0.9449914	6.61633e-06
478	0.9451977	6.55579e-06
479	0.9454027	6.49591e-06
480	0.9456065	6.43666e-06
481	0.945809	6.37805e-06
482	0.9460102	6.32006e-06
483	0.9462103	6.26268e-06
484	0.9464091	6.20592e-06
485	0.9466067	6.14975e-06
486	0.9468031	6.09417e-06
487	0.9469575	6.04908e-06
488	0.9470996	6.00715e-06
489	0.9472406	5.96561e-06
490	0.9473807	5.92447e-06
491	0.9475199	5.88371e-06
492	0.9476581	5.84334e-06
493	0.9477954	5.80335e-06
494	0.9479318	5.76373e-06
495	0.9480673	5.72448e-06
496	0.9482019	5.68495e-06
497	0.948336	5.63561e-06
498	0.9484692	5.58684e-06
499	0.9486015	5.53862e-06
500	0.948733	5.49095e-06
501	0.9488637	5.44383e-06
502	0.9489936	5.39724e-06
503	0.9491227	5.35117e-06
504	0.9492509	5.30563e-06
505	0.9493785	5.2606e-06
506	0.9495052	5.21608e-06
507	0.9496266	5.17453e-06
508	0.9497471	5.13358e-06
509	0.9498668	5.09308e-06
510	0.9499858	5.053e-06
511	0.950104	5.01335e-06
512	0.9502217	4.97412e-06
513	0.9503386	4.9353e-06
514	0.9504549	4.89689e-06
515	0.9505705	4.85888e-06
516	0.9506854	4.82127e-06
517	0.9507968	4.7888e-06
518	0.9509031	4.76385e-06
519	0.9510087	4.73909e-06
520	0.9511138	4.71452e-06
521	0.9512183	4.69013e-06
522	0.9513223	4.66593e-06
523	0.9514256	4.64191e-06
524	0.9515285	4.61807e-06
525	0.9516307	4.59441e-06
526	0.9517324	4.57092e-06
527	0.9518337	4.54761e-06
528	0.9519458	4.523e-06
529	0.9520744	4.49639e-06
530	0.9522024	4.46997e-06
531	0.9523299	4.44376e-06
532	0.9524567	4.41773e-06
533	0.952583	4.3919e-06
534	0.9527087	4.36625e-06
535	0.9528339	4.3408e-06
536	0.9529585	4.31553e-06
537	0.9530826	4.29044e-06
538	0.9532062	4.26554e-06
539	0.9533292	4.24082e-06
540	0.9535364	4.1972e-06
541	0.9537487	4.15267e-06
542	0.9539604	4.10859e-06
543	0.9541713	4.06495e-06
544	0.9543814	4.02175e-06
545	0.9545909	3.97899e-06
546	0.9547995	3.93664e-06
547	0.9550075	3.89472e-06
548	0.9552148	3.85322e-06
549	0.9554213	3.81214e-06
550	0.9556271	3.77146e-06
551	0.9558322	3.73119e-06
552	0.9560259	3.6937e-06
553	0.9562183	3.65668e-06
554	0.9564101	3.62002e-06
555	0.9566013	3.5837e-06
556	0.9567918	3.54773e-06
557	0.9569817	3.5121e-06
558	0.9571709	3.47681e-06
559	0.9573595	3.44185e-06
560	0.9575475	3.40722e-06
561	0.9577348	3.37291e-06
562	0.9579215	3.33894e-06
563	0.9581077	3.30528e-06
564	0.9582551	3.27907e-06
565	0.9583518	3.26245e-06
566	0.9584481	3.24593e-06
567	0.9585441	3.22953e-06
568	0.9586397	3.21323e-06
569	0.9587349	3.19704e-06
570	0.9588298	3.18096e-06
571	0.9589243	3.16498e-06
572	0.9590185	3.1491e-06
573	0.9591124	3.13333e-06
574	0.9592059	3.11767e-06
575	0.959299	3.1021e-06
576	0.9593919	3.08663e-06
577	0.9594676	3.07437e-06
578	0.9595083	3.06858e-06
579	0.9595488	3.06283e-06
580	0.9595891	3.05709e-06
581	0.9596293	3.05138e-06
582	0.9596693	3.0457e-06
583	0.9597091	3.04004e-06
584	0.9597487	3.0344e-06
585	0.9597881	3.02879e-06
586	0.9598274	3.0232e-06
587	0.9598665	3.01763e-06
588	0.9599055	3.01209e-06
589	0.9599443	3.00657e-06
590	0.9599829	3.00107e-06
591	0.9599882	3.00215e-06
592	0.9599708	3.00768e-06
593	0.9599535	3.0132e-06
594	0.9599361	3.0187e-06
595	0.9599187	3.02419e-06
596	0.9599013	3.02965e-06
597	0.959884	3.0351e-06
598	0.9598666	3.04053e-06
599	0.9598492	3.04595e-06
600	0.9598318	3.05134e-06
601	0.9598145	3.05672e-06
602	0.9597971	3.06208e-06
603	0.9597797	3.06742e-06
604	0.9597624	3.07274e-06
605	0.9597425	3.0783e-06
606	0.9597119	3.08491e-06
607	0.9596814	3.09149e-06
608	0.9596509	3.09805e-06
609	0.9596205	3.10458e-06
610	0.9595902	3.11109e-06
611	0.9595599	3.11758e-06
612	0.9595297	3.12404e-06
613	0.9594996	3.13049e-06
614	0.9594695	3.13691e-06
615	0.9594395	3.1433e-06
616	0.9594096	3.14968e-06
617	0.9593797	3.15603e-06
618	0.9593499	3.16236e-06
619	0.9593202	3.16866e-06
620	0.9592917	3.17446e-06
621	0.9592779	3.17417e-06
622	0.9592641	3.17386e-06
623	0.9592504	3.17355e-06
624	0.9592367	3.17322e-06
625	0.9592231	3.17288e-06
626	0.9592096	3.17253e-06
627	0.9591961	3.17218e-06
628	0.9591827	3.17181e-06
629	0.9591693	3.17142e-06
630	0.959156	3.17103e-06
631	0.9591428	3.17063e-06
632	0.9591296	3.17022e-06
633	0.9591165	3.1698e-06
634	0.9591035	3.16936e-06
635	0.9590905	3.16892e-06
636	0.959082	3.16765e-06
637	0.9590939	3.16263e-06
638	0.9591058	3.15762e-06
639	0.9591177	3.15263e-06
640	0.9591295	3.14765e-06
641	0.9591414	3.1427e-06
642	0.9591532	3.13775e-06
643	0.9591651	3.13283e-06
644	0.9591769	3.12792e-06
645	0.9591888	3.12303e-06
646	0.9592006	3.11815e-06
647	0.9592125	3.11329e-06
648	0.9592243	3.10844e-06
649	0.9592362	3.10362e-06
650	0.959248	3.0988e-06
651	0.9592599	3.094e-06
652	0.9592718	3.08922e-06
653	0.9593092	3.08101e-06
654	0.9593782	3.06858e-06
655	0.959447	3.05622e-06
656	0.9595157	3.04393e-06
657	0.9595842	3.03171e-06
658	0.9596525	3.01956e-06
659	0.9597207	3.00748e-06
660	0.9597887	2.99547e-06
661	0.9598566	2.98352e-06
662	0.9599243	2.97164e-06
663	0.9599918	2.95983e-06
664	0.9600592	2.94809e-06
665	0.9601264	2.93641e-06
666	0.9601935	2.9248e-06
667	0.9602604	2.91325e-06
668	0.9603272	2.90176e-06
669	0.9603938	2.89034e-06
670	0.9604602	2.87898e-06
671	0.9605267	2.86853e-06
672	0.9605931	2.85833e-06
673	0.9606594	2.84818e-06
674	0.9607255	2.83808e-06
675	0.9607914	2.82802e-06
676	0.9608572	2.81802e-06
677	0.9609229	2.80807e-06
678	0.9609884	2.79817e-06
679	0.9610537	2.78832e-06
680	0.961119	2.77851e-06
681	0.961184	2.76876e-06
682	0.9612489	2.75905e-06
683	0.9613137	2.74939e-06
684	0.9613783	2.73978e-06
685	0.9614428	2.73021e-06
686	0.9615072	2.72069e-06
687	0.9615714	2.71122e-06
688	0.9616354	2.70179e-06
689	0.9616882	2.69438e-06
690	0.9616947	2.69517e-06
691	0.9617011	2.69596e-06
692	0.9617076	2.69675e-06
693	0.961714	2.69753e-06
694	0.9617205	2.6983e-06
695	0.961727	2.69907e-06
696	0.9617335	2.69983e-06
697	0.96174	2.70059e-06
698	0.9617465	2.70134e-06
699	0.9617531	2.70208e-06
700	0.9617596	2.70282e-06
701	0.9617662	2.70356e-06
702	0.9617727	2.70428e-06
703	0.9617793	2.705e-06
704	0.961786	2.70572e-06
705	0.9617926	2.70643e-06
706	0.9617993	2.70714e-06
707	0.9618059	2.70783e-06
708	0.9618126	2.70853e-06
709	0.9618243	2.70862e-06
710	0.9618407	2.70815e-06
711	0.9618571	2.70768e-06
712	0.9618735	2.70721e-06
713	0.9618899	2.70673e-06
714	0.9619063	2.70625e-06
715	0.9619226	2.70577e-06
716	0.961939	2.70529e-06
717	0.9619553	2.70481e-06
718	0.9619717	2.70432e-06
719	0.961988	2.70383e-06
720	0.9620043	2.70334e-06
721	0.9620207	2.70285e-06
722	0.962037	2.70236e-06
723	0.9620533	2.70186e-06
724	0.9620696	2.70136e-06
725	0.9620859	2.70086e-06
726	0.9621022	2.70036e-06
727	0.9621185	2.69986e-06
728	0.9621347	2.69935e-06
729	0.962151	2.69884e-06
730	0.962211	2.69151e-06
731	0.9622919	2.68095e-06
732	0.9623726	2.67043e-06
733	0.9624531	2.65995e-06
734	0.9625335	2.64953e-06
735	0.9626137	2.63915e-06
736	0.9626937	2.62882e-06
737	0.9627735	2.61853e-06
738	0.9628532	2.60829e-06
739	0.9629327	2.59809e-06
740	0.963012	2.58794e-06
741	0.9630912	2.57784e-06
742	0.9631702	2.56778e-06
743	0.963249	2.55776e-06
744	0.9633277	2.54779e-06
745	0.9634062	2.53786e-06
746	0.9634845	2.52798e-06
747	0.9635627	2.51814e-06
748	0.9636407	2.50834e-06
749	0.9637185	2.49859e-06
750	0.9637962	2.48888e-06
751	0.9638737	2.47921e-06
752	0.9639549	2.46876e-06
753	0.9640388	2.45777e-06
754	0.9641226	2.44683e-06
755	0.9642062	2.43594e-06
756	0.9642895	2.4251e-06
757	0.9643727	2.41432e-06
758	0.9644558	2.40359e-06
759	0.9645386	2.39291e-06
760	0.9646213	2.38229e-06
761	0.9647038	2.37171e-06
762	0.9647861	2.36119e-06
763	0.9648682	2.35072e-06
764	0.9649502	2.3403e-06
765	0.9650319	2.32993e-06
766	0.9651135	2.3196e-06
767	0.965195	2.30933e-06
768	0.9652762	2.29911e-06
769	0.9653573	2.28894e-06
770	0.9654382	2.27882e-06
771	0.9655189	2.26875e-06
772	0.9655994	2.25872e-06
773	0.9656798	2.24874e-06
774	0.96576	2.23882e-06
775	0.965838	2.22913e-06
776	0.9658962	2.22144e-06
777	0.9659542	2.21378e-06
778	0.9660121	2.20615e-06
779	0.9660699	2.19856e-06
780	0.9661276	2.19101e-06
781	0.9661852	2.18349e-06
782	0.9662426	2.176e-06
783	0.9663	2.16855e-06
784	0.9663572	2.16113e-06
785	0.9664143	2.15374e-06
786	0.9664713	2.14639e-06
787	0.9665282	2.13907e-06
788	0.966585	2.13179e-06
789	0.9666417	2.12454e-06
790	0.9666982	2.11732e-06
791	0.9667546	2.11013e-06
792	0.966811	2.10298e-06
793	0.9668672	2.09585e-06
794	0.9669233	2.08876e-06
795	0.9669793	2.08171e-06
796	0.9670352	2.07468e-06
797	0.967091	2.06768e-06
798	0.9671466	2.06072e-06
799	0.9672022	2.05379e-06
800	0.967253	2.04961e-06
801	0.9672598	2.07131e-06
802	0.9672666	2.09318e-06
803	0.9672733	2.11522e-06
804	0.96728	2.13744e-06
805	0.9672866	2.15984e-06
806	0.9672931	2.18241e-06
807	0.9672997	2.20516e-06
808	0.9673061	2.2281e-06
809	0.9673126	2.25121e-06
810	0.9673189	2.2745e-06
811	0.9673253	2.29797e-06
812	0.9673315	2.32163e-06
813	0.9673377	2.34547e-06
814	0.9673439	2.3695e-06
815	0.9673501	2.39371e-06
816	0.9673562	2.4181e-06
817	0.9673622	2.44269e-06
818	0.9673682	2.46746e-06
819	0.9673742	2.49242e-06
820	0.9673801	2.51757e-06
821	0.967386	2.54291e-06
822	0.9673918	2.56844e-06
823	0.9673976	2.59416e-06
824	0.9674033	2.62008e-06
825	0.967409	2.64619e-06
826	0.9674147	2.6725e-06
827	0.9674203	2.699e-06
828	0.9674259	2.7257e-06
829	0.9674314	2.7526e-06
830	0.9674369	2.77969e-06
831	0.9674424	2.80699e-06
832	0.9674478	2.83449e-06
833	0.9674532	2.86218e-06
834	0.9674585	2.89008e-06
835	0.9674638	2.91819e-06
836	0.9674691	2.94649e-06
837	0.9674743	2.975e-06
838	0.9674795	3.00372e-06
839	0.9674846	3.03265e-06
840	0.9674897	3.06178e-06
841	0.9674948	3.09112e-06
842	0.9674999	3.12067e-06
843	0.9675048	3.15043e-06
844	0.9675098	3.1804e-06
845	0.9675147	3.21058e-06
846	0.9675196	3.24098e-06
847	0.9675245	3.27159e-06
848	0.9675293	3.30242e-06
849	0.9675341	3.33346e-06
850	0.9675389	3.36471e-06
851	0.9675436	3.39619e-06
852	0.9675483	3.42788e-06
853	0.9675529	3.4598e-06
854	0.9675575	3.49193e-06
855	0.9675621	3.52428e-06
856	0.9675667	3.55686e-06
857	0.9675712	3.58966e-06
858	0.9675757	3.62268e-06
859	0.9675801	3.65593e-06
860	0.9675846	3.6894e-06
861	0.967589	3.7231e-06
862	0.9675933	3.75703e-06
863	0.9675977	3.79119e-06
864	0.9676019	3.82557e-06
865	0.9676062	3.86019e-06
866	0.9676104	3.89503e-06
867	0.9676147	3.93011e-06
868	0.9676188	3.96542e-06
869	0.967623	4.00097e-06
870	0.9676271	4.03675e-06
871	0.9676312	4.07276e-06
872	0.9676353	4.10902e-06
873	0.9676393	4.1455e-06
874	0.9676433	4.18223e-06
875	0.9676473	4.2192e-06
876	0.9676512	4.2564e-06
877	0.9676552	4.29385e-06
878	0.9676591	4.33154e-06
879	0.9676629	4.36947e-06
880	0.9676665	4.40763e-06
881	0.9676698	4.446e-06
882	0.967673	4.48462e-06
883	0.9676762	4.52348e-06
884	0.9676793	4.56259e-06
885	0.9676825	4.60194e-06
886	0.9676856	4.64155e-06
887	0.9676887	4.6814e-06
888	0.9676918	4.72151e-06
889	0.9676949	4.76186e-06
890	0.9676979	4.80247e-06
891	0.967701	4.84333e-06
892	0.967704	4.88444e-06
893	0.9677069	4.92581e-06
894	0.9677099	4.96743e-06
895	0.9677128	5.00931e-06
896	0.9677158	5.05144e-06
897	0.9677187	5.09384e-06
898	0.9677215	5.13649e-06
899	0.9677244	5.1794e-06
900	0.967727	5.22252e-06
901	0.9677279	5.26553e-06
902	0.9677289	5.3088e-06
903	0.9677298	5.35233e-06
904	0.9677308	5.39612e-06
905	0.9677317	5.44018e-06
906	0.9677327	5.48449e-06
907	0.9677336	5.52906e-06
908	0.9677345	5.5739e-06
909	0.9677355	5.619e-06
910	0.9677364	5.66437e-06
911	0.9677373	5.71e-06
912	0.9677383	5.75589e-06
913	0.9677392	5.80206e-06
914	0.9677401	5.84849e-06
915	0.9677411	5.89519e-06
916	0.967742	5.94216e-06
917	0.9677429	5.9894e-06
918	0.9677438	6.03692e-06
919	0.9677448	6.0847e-06
920	0.9677457	6.13276e-06
921	0.9677466	6.18109e-06
922	0.9677475	6.2297e-06
923	0.9677484	6.27858e-06
924	0.9677493	6.32774e-06
925	0.9677502	6.37718e-06
926	0.9677511	6.42689e-06
927	0.967752	6.47689e-06
928	0.9677529	6.52716e-06
929	0.9677538	6.57772e-06
930	0.9677547	6.62855e-06
931	0.9677556	6.67967e-06
932	0.9677565	6.73107e-06
933	0.9677574	6.78276e-06
934	0.9677583	6.83473e-06
935	0.9677592	6.88699e-06
936	0.9677601	6.93953e-06
937	0.967761	6.99236e-06
938	0.9677619	7.04548e-06
939	0.9677627	7.09889e-06
940	0.9677636	7.15259e-06
941	0.9677645	7.20658e-06
942	0.9677654	7.26086e-06
943	0.9677662	7.31543e-06
944	0.9677671	7.3703e-06
945	0.967768	7.42546e-06
946	0.9677689	7.48091e-06
947	0.9677697	7.53666e-06
948	0.9677706	7.59271e-06
949	0.9677715	7.64905e-06
950	0.9677723	7.7057e-06
951	0.9677732	7.76264e-06
952	0.967774	7.81988e-06
953	0.9677749	7.87742e-06
954	0.9677757	7.93527e-06
955	0.9677766	7.99341e-06
956	0.9677774	8.05186e-06
957	0.9677783	8.11061e-06
958	0.9677791	8.16967e-06
959	0.96778	8.22904e-06
960	0.9677808	8.2887e-06
961	0.9677817	8.34868e-06
962	0.9677825	8.40897e-06
963	0.9677834	8.46956e-06
964	0.9677842	8.53046e-06
965	0.967785	8.59168e-06
966	0.9677859	8.6532e-06
967	0.9677867	8.71504e-06
968	0.9677875	8.77719e-06
969	0.9677884	8.83965e-06
970	0.9677892	8.90243e-06
971	0.96779	8.96552e-06
972	0.9677908	9.02893e-06
973	0.9677917	9.09265e-06
974	0.9677925	9.15669e-06
975	0.9677933	9.22105e-06
976	0.9677941	9.28573e-06
977	0.9677949	9.35073e-06
978	0.9677957	9.41605e-06
979	0.9677966	9.4817e-06
980	0.9677974	9.54766e-06
981	0.9677982	9.61395e-06
982	0.967799	9.68056e-06
983	0.9677998	9.74749e-06
984	0.9678006	9.81476e-06
985	0.9678014	9.88234e-06
986	0.9678022	9.95026e-06
987	0.967803	1.00185e-05
988	0.9678038	1.00871e-05
989	0.9678046	1.0156e-05
990	0.9678054	1.02252e-05
991	0.9678062	1.02948e-05
992	0.967807	1.03647e-05
993	0.9678078	1.04349e-05
994	0.9678086	1.05054e-05
995	0.9678093	1.05763e-05
996	0.9678101	1.06475e-05
997	0.9678109	1.07191e-05
998	0.9678117	1.0791e-05
999	0.9678125	1.08632e-05
aoi	80	
380	0.925701	3.43329e-05
381	0.9259607	3.4907e-05
382	0.9264168	3.46193e-05
383	0.9270626	3.35174e-05
384	0.9277018	3.24516e-05
385	0.9283344	3.14205e-05
386	0.9289608	3.0423e-05
387	0.929581	2.9458e-05
388	0.9302756	2.85059e-05
389	0.9310308	2.75683e-05
390	0.9317802	2.66595e-05
391	0.9325237	2.57784e-05
392	0.9332611	2.49244e-05
393	0.9339928	2.40965e-05
394	0.9346974	2.33115e-05
395	0.9353636	2.25764e-05
396	0.9360244	2.18633e-05
397	0.93668	2.11715e-05
398	0.9373304	2.05003e-05
399	0.9379755	1.98492e-05
400	0.938599	1.92279e-05
401	0.9388866	1.88274e-05
402	0.9391701	1.84367e-05
403	0.9394496	1.80556e-05
404	0.9397253	1.76837e-05
405	0.9399973	1.73208e-05
406	0.9402655	1.69666e-05
407	0.9405149	1.66355e-05
408	0.9407453	1.6327e-05
409	0.9409724	1.60253e-05
410	0.941196	1.57304e-05
411	0.9414165	1.54421e-05
412	0.9416338	1.51601e-05
413	0.941848	1.48844e-05
414	0.9422281	1.45436e-05
415	0.9426718	1.41833e-05
416	0.9431119	1.38319e-05
417	0.9435484	1.34894e-05
418	0.9439816	1.31554e-05
419	0.9444114	1.28297e-05
420	0.944838	1.25121e-05
421	0.9452614	1.22185e-05
422	0.9456819	1.19381e-05
423	0.9460994	1.1664e-05
424	0.9465137	1.1396e-05
425	0.9469252	1.11341e-05
426	0.9473337	1.0878e-05
427	0.9477395	1.06277e-05
428	0.9480551	1.04354e-05
429	0.948268	1.03063e-05
430	0.9484788	1.01792e-05
431	0.9486874	1.00541e-05
432	0.9488938	9.9308e-06
433	0.9490983	9.80938e-06
434	0.9493007	9.68979e-06
435	0.9495011	9.57197e-06
436	0.949697	9.46076e-06
437	0.9498908	9.35133e-06
438	0.9500828	9.24346e-06
439	0.950273	9.13712e-06
440	0.9504614	9.0323e-06
441	0.950648	8.92897e-06
442	0.9508329	8.82709e-06
443	0.9510432	8.71266e-06
444	0.9513628	8.54334e-06
445	0.9516805	8.37729e-06
446	0.9519961	8.21443e-06
447	0.9523097	8.05471e-06
448	0.9526215	7.89806e-06
449	0.9529314	7.74442e-06
450	0.9532394	7.59372e-06
451	0.9535493	7.44466e-06
452	0.9538799	7.29117e-06
453	0.9542086	7.14067e-06
454	0.9545354	6.99311e-06
455	0.9548606	6.84843e-06
456	0.9551839	6.70656e-06
457	0.9555055	6.56745e-06
458	0.9558254	6.43105e-06
459	0.9561437	6.29729e-06
460	0.956444	6.17743e-06
461	0.9567385	6.06255e-06
462	0.9570316	5.94965e-06
463	0.9573231	5.83871e-06
464	0.9576132	5.72966e-06
465	0.9579018	5.6225e-06
466	0.958189	5.51719e-06
467	0.9584748	5.41368e-06
468	0.9587532	5.31427e-06
469	0.9589912	5.2317e-06
470	0.959228	5.15036e-06
471	0.9594635	5.07024e-06
472	0.9596979	4.9913e-06
473	0.9599311	4.91354e-06
474	0.960163	4.83694e-06
475	0.9603939	4.76147e-06
476	0.9606236	4.68712e-06
477	0.960839	4.61821e-06
478	0.9609684	4.57802e-06
479	0.9610969	4.53827e-06
480	0.9612246	4.49893e-06
481	0.9613515	4.46e-06
482	0.9614775	4.42148e-06
483	0.9616027	4.38337e-06
484	0.9617271	4.34565e-06
485	0.9618507	4.30833e-06
486	0.9619735	4.27139e-06
487	0.962066	4.24182e-06
488	0.9621495	4.21445e-06
489	0.9622325	4.18734e-06
490	0.9623147	4.16048e-06
491	0.9623964	4.13388e-06
492	0.9624774	4.10753e-06
493	0.9625577	4.08143e-06
494	0.9626375	4.05557e-06
495	0.9627166	4.02995e-06
496	0.962795	4.00412e-06
497	0.9628717	3.97152e-06
498	0.9629477	3.93929e-06
499	0.9630232	3.90742e-06
500	0.963098	3.87591e-06
501	0.9631723	3.84476e-06
502	0.9632461	3.81396e-06
503	0.9633193	3.7835e-06
504	0.963392	3.75338e-06
505	0.9634641	3.7236e-06
506	0.9635358	3.69415e-06
507	0.9636038	3.66675e-06
508	0.9636712	3.63976e-06
509	0.9637381	3.61306e-06
510	0.9638044	3.58663e-06
511	0.9638703	3.56048e-06
512	0.9639358	3.53461e-06
513	0.9640008	3.509e-06
514	0.9640653	3.48367e-06
515	0.9641294	3.45859e-06
516	0.9641931	3.43378e-06
517	0.9642549	3.41253e-06
518	0.9643141	3.39651e-06
519	0.964373	3.38062e-06
520	0.9644314	3.36485e-06
521	0.9644895	3.34919e-06
522	0.9645472	3.33366e-06
523	0.9646045	3.31824e-06
524	0.9646614	3.30294e-06
525	0.964718	3.28775e-06
526	0.9647742	3.27268e-06
527	0.9648301	3.25772e-06
528	0.9648942	3.24179e-06
529	0.9649707	3.22438e-06
530	0.9650468	3.20709e-06
531	0.9651226	3.18993e-06
532	0.9651979	3.17289e-06
533	0.965273	3.15598e-06
534	0.9653477	3.13919e-06
535	0.965422	3.12252e-06
536	0.9654959	3.10596e-06
537	0.9655695	3.08953e-06
538	0.9656428	3.07321e-06
539	0.9657158	3.057e-06
540	0.9658504	3.02716e-06
541	0.9659891	2.99663e-06
542	0.9661272	2.96639e-06
543	0.966265	2.93644e-06
544	0.9664023	2.90678e-06
545	0.9665392	2.87741e-06
546	0.9666756	2.84831e-06
547	0.9668117	2.81949e-06
548	0.9669473	2.79094e-06
549	0.9670825	2.76267e-06
550	0.9672173	2.73466e-06
551	0.9673517	2.70692e-06
552	0.9674778	2.68117e-06
553	0.9676031	2.65574e-06
554	0.9677281	2.63053e-06
555	0.9678527	2.60556e-06
556	0.9679769	2.5808e-06
557	0.9681007	2.55628e-06
558	0.9682242	2.53197e-06
559	0.9683474	2.50788e-06
560	0.9684701	2.48401e-06
561	0.9685925	2.46035e-06
562	0.9687146	2.4369e-06
563	0.9688363	2.41367e-06
564	0.9689294	2.39585e-06
565	0.9689849	2.38502e-06
566	0.9690402	2.37427e-06
567	0.9690952	2.36358e-06
568	0.96915	2.35296e-06
569	0.9692046	2.34241e-06
570	0.969259	2.33193e-06
571	0.9693131	2.32151e-06
572	0.969367	2.31116e-06
573	0.9694208	2.30087e-06
574	0.9694743	2.29065e-06
575	0.9695276	2.2805e-06
576	0.9695807	2.2704e-06
577	0.9696211	2.26265e-06
578	0.9696354	2.25966e-06
579	0.9696496	2.25669e-06
580	0.9696636	2.25374e-06
581	0.9696776	2.25079e-06
582	0.9696913	2.24787e-06
583	0.969705	2.24496e-06
584	0.9697185	2.24206e-06
585	0.969732	2.23918e-06
586	0.9697453	2.23631e-06
587	0.9697584	2.23346e-06
588	0.9697715	2.23062e-06
589	0.9697845	2.2278e-06
590	0.9697973	2.22499e-06
591	0.9697853	2.22704e-06
592	0.9697564	2.23238e-06
593	0.9697275	2.23773e-06
594	0.9696985	2.24306e-06
595	0.9696695	2.24839e-06
596	0.9696404	2.25371e-06
597	0.9696113	2.25902e-06
598	0.9695822	2.26433e-06
599	0.969553	2.26963e-06
600	0.9695238	2.27492e-06
601	0.9694946	2.2802e-06
602	0.9694654	2.28548e-06
603	0.9694361	2.29075e-06
604	0.9694068	2.29601e-06
605	0.9693755	2.30147e-06
606	0.9693357	2.30773e-06
607	0.969296	2.31397e-06
608	0.9692563	2.32021e-06
609	0.9692165	2.32644e-06
610	0.9691768	2.33266e-06
611	0.9691371	2.33887e-06
612	0.9690974	2.34506e-06
613	0.9690577	2.35125e-06
614	0.969018	2.35743e-06
615	0.9689783	2.3636e-06
616	0.9689386	2.36975e-06
617	0.968899	2.3759e-06
618	0.9688593	2.38204e-06
619	0.9688197	2.38816e-06
620	0.9687808	2.39392e-06
621	0.968752	2.39518e-06
622	0.9687232	2.39644e-06
623	0.9686943	2.39769e-06
624	0.9686655	2.39893e-06
625	0.9686367	2.40016e-06
626	0.9686079	2.40139e-06
627	0.9685792	2.40261e-06
628	0.9685504	2.40382e-06
629	0.9685217	2.40503e-06
630	0.9684929	2.40623e-06
631	0.9684642	2.40742e-06
632	0.9684356	2.40861e-06
633	0.9684069	2.40979e-06
634	0.9683782	2.41096e-06
635	0.9683496	2.41213e-06
636	0.9683244	2.41267e-06
637	0.9683148	2.41036e-06
638	0.9683051	2.40805e-06
639	0.9682955	2.40576e-06
640	0.9682858	2.40347e-06
641	0.9682762	2.40119e-06
642	0.9682665	2.39893e-06
643	0.9682568	2.39667e-06
644	0.9682471	2.39442e-06
645	0.9682374	2.39218e-06
646	0.9682277	2.38995e-06
647	0.968218	2.38773e-06
648	0.9682083	2.38552e-06
649	0.9681985	2.38331e-06
650	0.9681888	2.38112e-06
651	0.9681791	2.37893e-06
652	0.9681693	2.37675e-06
653	0.9681798	2.37191e-06
654	0.9682153	2.36378e-06
655	0.9682508	2.35569e-06
656	0.9682862	2.34765e-06
657	0.9683214	2.33965e-06
658	0.9683566	2.3317e-06
659	0.9683917	2.32379e-06
660	0.9684268	2.31592e-06
661	0.9684617	2.30809e-06
662	0.9684966	2.30031e-06
663	0.9685314	2.29256e-06
664	0.9685661	2.28486e-06
665	0.9686007	2.2772e-06
666	0.9686353	2.26958e-06
667	0.9686697	2.262e-06
668	0.9687041	2.25446e-06
669	0.9687385	2.24696e-06
670	0.9687727	2.2395e-06
671	0.9688074	2.23271e-06
672	0.9688422	2.2261e-06
673	0.9688769	2.21952e-06
674	0.9689115	2.21297e-06
675	0.968946	2.20645e-06
676	0.9689805	2.19996e-06
677	0.9690149	2.1935e-06
678	0.9690492	2.18708e-06
679	0.9690834	2.18068e-06
680	0.9691176	2.17431e-06
681	0.9691517	2.16797e-06
682	0.9691858	2.16166e-06
683	0.9692197	2.15538e-06
684	0.9692537	2.14913e-06
685	0.9692875	2.14291e-06
686	0.9693212	2.13671e-06
687	0.9693549	2.13055e-06
688	0.9693886	2.12441e-06
689	0.9694134	2.11984e-06
690	0.9694019	2.12169e-06
691	0.9693904	2.12353e-06
692	0.969379	2.12538e-06
693	0.9693675	2.12721e-06
694	0.969356	2.12905e-06
695	0.9693445	2.13088e-06
696	0.9693331	2.13271e-06
697	0.9693216	2.13453e-06
698	0.9693102	2.13635e-06
699	0.9692987	2.13817e-06
700	0.9692873	2.13999e-06
701	0.9692759	2.1418e-06
702	0.9692645	2.14361e-06
703	0.9692531	2.14541e-06
704	0.9692417	2.14721e-06
705	0.9692303	2.14901e-06
706	0.969219	2.15081e-06
707	0.9692076	2.1526e-06
708	0.9691963	2.15439e-06
709	0.9691891	2.1557e-06
710	0.9691857	2.15655e-06
711	0.9691823	2.1574e-06
712	0.969179	2.15825e-06
713	0.9691756	2.1591e-06
714	0.9691722	2.15995e-06
715	0.9691689	2.16079e-06
716	0.9691655	2.16164e-06
717	0.9691622	2.16248e-06
718	0.9691588	2.16332e-06
719	0.9691554	2.16416e-06
720	0.9691521	2.165e-06
721	0.9691487	2.16584e-06
722	0.9691454	2.16667e-06
723	0.969142	2.1675e-06
724	0.9691387	2.16833e-06
725	0.9691353	2.16916e-06
726	0.969132	2.16999e-06
727	0.9691287	2.17082e-06
728	0.9691253	2.17164e-06
729	0.969122	2.17246e-06
730	0.9691541	2.1678e-06
731	0.9692032	2.16053e-06
732	0.9692523	2.15329e-06
733	0.9693012	2.14608e-06
734	0.9693501	2.13889e-06
735	0.9693989	2.13173e-06
736	0.9694476	2.12461e-06
737	0.9694963	2.11751e-06
738	0.9695448	2.11043e-06
739	0.9695933	2.10339e-06
740	0.9696417	2.09637e-06
741	0.9696901	2.08938e-06
742	0.9697384	2.08242e-06
743	0.9697866	2.07549e-06
744	0.9698347	2.06858e-06
745	0.9698827	2.0617e-06
746	0.9699307	2.05485e-06
747	0.9699786	2.04802e-06
748	0.9700265	2.04122e-06
749	0.9700742	2.03444e-06
750	0.9701219	2.0277e-06
751	0.9701695	2.02097e-06
752	0.9702202	2.01362e-06
753	0.970273	2.00582e-06
754	0.9703257	1.99804e-06
755	0.9703784	1.9903e-06
756	0.9704309	1.9826e-06
757	0.9704834	1.97493e-06
758	0.9705358	1.96729e-06
759	0.9705881	1.95968e-06
760	0.9706404	1.95211e-06
761	0.9706926	1.94457e-06
762	0.9707447	1.93706e-06
763	0.9707967	1.92959e-06
764	0.9708487	1.92214e-06
765	0.9709005	1.91473e-06
766	0.9709523	1.90735e-06
767	0.971004	1.9e-06
768	0.9710557	1.89269e-06
769	0.9711072	1.8854e-06
770	0.9711587	1.87815e-06
771	0.9712101	1.87092e-06
772	0.9712615	1.86373e-06
773	0.9713127	1.85657e-06
774	0.9713639	1.84944e-06
775	0.9714133	1.8425e-06
776	0.9714458	1.83723e-06
777	0.9714782	1.83197e-06
778	0.9715106	1.82674e-06
779	0.9715429	1.82153e-06
780	0.9715752	1.81635e-06
781	0.9716074	1.81118e-06
782	0.9716396	1.80604e-06
783	0.9716718	1.80091e-06
784	0.9717039	1.79581e-06
785	0.971736	1.79073e-06
786	0.971768	1.78567e-06
787	0.9717999	1.78063e-06
788	0.9718319	1.77561e-06
789	0.9718638	1.77061e-06
790	0.9718956	1.76563e-06
791	0.9719274	1.76067e-06
792	0.9719592	1.75574e-06
793	0.9719909	1.75082e-06
794	0.9720226	1.74592e-06
795	0.9720542	1.74104e-06
796	0.9720858	1.73618e-06
797	0.9721174	1.73134e-06
798	0.9721489	1.72652e-06
799	0.9721804	1.72172e-06
800	0.9722092	1.71914e-06
801	0.9722138	1.73744e-06
802	0.9722183	1.75589e-06
803	0.9722228	1.77448e-06
804	0.9722273	1.79323e-06
805	0.9722317	1.81212e-06
806	0.9722361	1.83117e-06
807	0.9722405	1.85036e-06
808	0.9722448	1.86971e-06
809	0.9722491	1.88921e-06
810	0.9722534	1.90887e-06
811	0.9722576	1.92868e-06
812	0.9722618	1.94864e-06
813	0.9722659	1.96876e-06
814	0.97227	1.98904e-06
815	0.9722741	2.00947e-06
816	0.9722782	2.03006e-06
817	0.9722822	2.05081e-06
818	0.9722862	2.07172e-06
819	0.9722901	2.09279e-06
820	0.972294	2.11402e-06
821	0.9722979	2.13542e-06
822	0.9723018	2.15697e-06
823	0.9723056	2.17869e-06
824	0.9723094	2.20057e-06
825	0.9723131	2.22262e-06
826	0.9723169	2.24483e-06
827	0.9723206	2.26721e-06
828	0.9723242	2.28976e-06
829	0.9723279	2.31248e-06
830	0.9723315	2.33536e-06
831	0.9723351	2.35841e-06
832	0.9723386	2.38164e-06
833	0.9723422	2.40503e-06
834	0.9723457	2.4286e-06
835	0.9723491	2.45233e-06
836	0.9723525	2.47625e-06
837	0.972356	2.50033e-06
838	0.9723594	2.52459e-06
839	0.9723627	2.54903e-06
840	0.972366	2.57364e-06
841	0.9723693	2.59843e-06
842	0.9723726	2.6234e-06
843	0.9723759	2.64854e-06
844	0.9723791	2.67387e-06
845	0.9723823	2.69938e-06
846	0.9723855	2.72506e-06
847	0.9723886	2.75093e-06
848	0.9723917	2.77698e-06
849	0.9723948	2.80322e-06
850	0.9723979	2.82963e-06
851	0.9724009	2.85624e-06
852	0.972404	2.88303e-06
853	0.972407	2.91e-06
854	0.9724099	2.93716e-06
855	0.9724129	2.96451e-06
856	0.9724158	2.99205e-06
857	0.9724187	3.01978e-06
858	0.9724216	3.0477e-06
859	0.9724244	3.07581e-06
860	0.9724273	3.10411e-06
861	0.9724301	3.1326e-06
862	0.9724329	3.16129e-06
863	0.9724356	3.19017e-06
864	0.9724384	3.21924e-06
865	0.9724411	3.24852e-06
866	0.9724438	3.27798e-06
867	0.9724465	3.30765e-06
868	0.9724491	3.33751e-06
869	0.9724518	3.36757e-06
870	0.9724544	3.39783e-06
871	0.972457	3.42829e-06
872	0.9724596	3.45895e-06
873	0.9724621	3.48982e-06
874	0.9724646	3.52088e-06
875	0.9724672	3.55215e-06
876	0.9724697	3.58363e-06
877	0.9724721	3.6153e-06
878	0.9724746	3.64719e-06
879	0.972477	3.67928e-06
880	0.9724792	3.71155e-06
881	0.9724812	3.74401e-06
882	0.9724831	3.77667e-06
883	0.9724851	3.80954e-06
884	0.972487	3.84263e-06
885	0.9724889	3.87592e-06
886	0.9724908	3.90942e-06
887	0.9724926	3.94314e-06
888	0.9724945	3.97706e-06
889	0.9724963	4.0112e-06
890	0.9724982	4.04556e-06
891	0.9725	4.08013e-06
892	0.9725018	4.11491e-06
893	0.9725035	4.14991e-06
894	0.9725053	4.18513e-06
895	0.9725071	4.22056e-06
896	0.9725088	4.25622e-06
897	0.9725105	4.29209e-06
898	0.9725122	4.32818e-06
899	0.9725139	4.36449e-06
900	0.9725155	4.40096e-06
901	0.9725163	4.43721e-06
902	0.9725171	4.47369e-06
903	0.9725179	4.51038e-06
904	0.9725187	4.54729e-06
905	0.9725195	4.58442e-06
906	0.9725203	4.62178e-06
907	0.9725211	4.65935e-06
908	0.9725219	4.69714e-06
909	0.9725227	4.73516e-06
910	0.9725235	4.7734e-06
911	0.9725242	4.81186e-06
912	0.972525	4.85055e-06
913	0.9725258	4.88946e-06
914	0.9725266	4.9286e-06
915	0.9725274	4.96797e-06
916	0.9725282	5.00756e-06
917	0.9725289	5.04738e-06
918	0.9725297	5.08743e-06
919	0.9725305	5.12771e-06
920	0.9725312	5.16822e-06
921	0.972532	5.20896e-06
922	0.9725328	5.24994e-06
923	0.9725336	5.29114e-06
924	0.9725343	5.33258e-06
925	0.9725351	5.37425e-06
926	0.9725358	5.41616e-06
927	0.9725366	5.4583e-06
928	0.9725374	5.50068e-06
929	0.9725381	5.5433e-06
930	0.9725389	5.58615e-06
931	0.9725396	5.62924e-06
932	0.9725404	5.67257e-06
933	0.9725411	5.71614e-06
934	0.9725419	5.75995e-06
935	0.9725426	5.804e-06
936	0.9725434	5.84829e-06
937	0.9725441	5.89282e-06
938	0.9725449	5.9376e-06
939	0.9725456	5.98262e-06
940	0.9725464	6.02789e-06
941	0.9725471	6.0734e-06
942	0.9725478	6.11916e-06
943	0.9725486	6.16516e-06
944	0.9725493	6.21141e-06
945	0.97255	6.25791e-06
946	0.9725508	6.30466e-06
947	0.9725515	6.35165e-06
948	0.9725522	6.3989e-06
949	0.972553	6.4464e-06
950	0.9725537	6.49415e-06
951	0.9725544	6.54215e-06
952	0.9725551	6.5904e-06
953	0.9725559	6.63891e-06
954	0.9725566	6.68767e-06
955	0.9725573	6.73669e-06
956	0.972558	6.78596e-06
957	0.9725587	6.83549e-06
958	0.9725594	6.88528e-06
959	0.9725601	6.93532e-06
960	0.9725609	6.98562e-06
961	0.9725616	7.03618e-06
962	0.9725623	7.087e-06
963	0.972563	7.13808e-06
964	0.9725637	7.18942e-06
965	0.9725644	7.24103e-06
966	0.9725651	7.29289e-06
967	0.9725658	7.34502e-06
968	0.9725665	7.39741e-06
969	0.9725672	7.45007e-06
970	0.9725679	7.50299e-06
971	0.9725686	7.55618e-06
972	0.9725693	7.60963e-06
973	0.97257	7.66336e-06
974	0.9725707	7.71735e-06
975	0.9725714	7.7716e-06
976	0.972572	7.82613e-06
977	0.9725727	7.88093e-06
978	0.9725734	7.93599e-06
979	0.9725741	7.99133e-06
980	0.9725748	8.04694e-06
981	0.9725755	8.10282e-06
982	0.9725762	8.15898e-06
983	0.9725768	8.21541e-06
984	0.9725775	8.27211e-06
985	0.9725782	8.32909e-06
986	0.9725789	8.38634e-06
987	0.9725795	8.44387e-06
988	0.9725802	8.50168e-06
989	0.9725809	8.55977e-06
990	0.9725816	8.61813e-06
991	0.9725822	8.67677e-06
992	0.9725829	8.7357e-06
993	0.9725836	8.7949e-06
994	0.9725842	8.85438e-06
995	0.9725849	8.91415e-06
996	0.9725855	8.97419e-06
997	0.9725862	9.03452e-06
998	0.9725869	9.09514e-06
999	0.9725875	9.15603e-06
aoi	85	
380	0.9617678	1.74481e-05
381	0.9619025	1.7739e-05
382	0.9621369	1.75925e-05
383	0.9624673	1.70331e-05
384	0.9627942	1.64921e-05
385	0.9631175	1.59687e-05
386	0.9634374	1.54626e-05
387	0.9637541	1.49729e-05
388	0.9641102	1.44894e-05
389	0.9644984	1.4013e-05
390	0.9648835	1.35511e-05
391	0.9652654	1.31035e-05
392	0.9656441	1.26697e-05
393	0.9660197	1.22492e-05
394	0.966381	1.18506e-05
395	0.9667221	1.14775e-05
396	0.9670603	1.11156e-05
397	0.9673958	1.07645e-05
398	0.9677284	1.04239e-05
399	0.9680583	1.00935e-05
400	0.9683768	9.77831e-06
401	0.9685185	9.57642e-06
402	0.9686581	9.37949e-06
403	0.9687956	9.18735e-06
404	0.968931	8.99989e-06
405	0.9690644	8.81699e-06
406	0.9691958	8.63851e-06
407	0.9693173	8.47177e-06
408	0.9694289	8.31648e-06
409	0.9695388	8.16469e-06
410	0.9696467	8.01628e-06
411	0.969753	7.87119e-06
412	0.9698576	7.72933e-06
413	0.9699606	7.59061e-06
414	0.9701512	7.41817e-06
415	0.9703754	7.23558e-06
416	0.9705978	7.05757e-06
417	0.9708183	6.88398e-06
418	0.9710371	6.71471e-06
419	0.9712541	6.54966e-06
420	0.9714694	6.3887e-06
421	0.9716834	6.23988e-06
422	0.971896	6.09774e-06
423	0.972107	5.95879e-06
424	0.9723165	5.82295e-06
425	0.9725244	5.69015e-06
426	0.9727308	5.56032e-06
427	0.9729358	5.43338e-06
428	0.9730937	5.33616e-06
429	0.9731978	5.27136e-06
430	0.9733008	5.20754e-06
431	0.9734027	5.14469e-06
432	0.9735035	5.08279e-06
433	0.9736032	5.02182e-06
434	0.9737018	4.96177e-06
435	0.9737994	4.90262e-06
436	0.9738947	4.84682e-06
437	0.973989	4.79191e-06
438	0.9740823	4.73779e-06
439	0.9741746	4.68444e-06
440	0.974266	4.63185e-06
441	0.9743565	4.58e-06
442	0.9744461	4.52889e-06
443	0.974549	4.4713e-06
444	0.9747092	4.38545e-06
445	0.9748684	4.30124e-06
446	0.9750266	4.21864e-06
447	0.9751838	4.13763e-06
448	0.9753401	4.05816e-06
449	0.9754953	3.98021e-06
450	0.9756496	3.90374e-06
451	0.975805	3.82808e-06
452	0.9759713	3.75008e-06
453	0.9761367	3.67359e-06
454	0.9763012	3.59859e-06
455	0.9764648	3.52503e-06
456	0.9766275	3.4529e-06
457	0.9767893	3.38215e-06
458	0.9769502	3.31277e-06
459	0.9771104	3.24472e-06
460	0.9772613	3.18378e-06
461	0.9774093	3.12538e-06
462	0.9775566	3.06798e-06
463	0.9777031	3.01156e-06
464	0.9778489	2.9561e-06
465	0.9779939	2.90159e-06
466	0.9781383	2.848e-06
467	0.9782819	2.79533e-06
468	0.9784217	2.74475e-06
469	0.9785404	2.70285e-06
470	0.9786584	2.66157e-06
471	0.9787758	2.6209e-06
472	0.9788926	2.58083e-06
473	0.9790088	2.54134e-06
474	0.9791245	2.50244e-06
475	0.9792395	2.4641e-06
476	0.979354	2.42633e-06
477	0.9794611	2.39136e-06
478	0.9795228	2.37127e-06
479	0.979584	2.3514e-06
480	0.9796448	2.33174e-06
481	0.9797052	2.31228e-06
482	0.9797652	2.29303e-06
483	0.9798247	2.27397e-06
484	0.9798839	2.25512e-06
485	0.9799426	2.23645e-06
486	0.9800009	2.21798e-06
487	0.980043	2.20336e-06
488	0.9800805	2.18987e-06
489	0.9801176	2.17652e-06
490	0.9801543	2.16329e-06
491	0.9801907	2.15019e-06
492	0.9802267	2.13721e-06
493	0.9802625	2.12436e-06
494	0.9802979	2.11162e-06
495	0.9803329	2.09901e-06
496	0.9803676	2.08628e-06
497	0.9804008	2.07008e-06
498	0.9804336	2.05406e-06
499	0.9804662	2.03823e-06
500	0.9804984	2.02257e-06
501	0.9805303	2.00709e-06
502	0.980562	1.99178e-06
503	0.9805933	1.97665e-06
504	0.9806243	1.96168e-06
505	0.9806551	1.94688e-06
506	0.9806856	1.93224e-06
507	0.9807143	1.91867e-06
508	0.9807426	1.90529e-06
509	0.9807706	1.89206e-06
510	0.9807984	1.87897e-06
511	0.9808259	1.86602e-06
512	0.9808532	1.8532e-06
513	0.9808802	1.84052e-06
514	0.980907	1.82796e-06
515	0.9809335	1.81554e-06
516	0.9809598	1.80325e-06
517	0.9809854	1.79279e-06
518	0.9810101	1.78504e-06
519	0.9810346	1.77735e-06
520	0.9810588	1.76972e-06
521	0.9810828	1.76215e-06
522	0.9811067	1.75464e-06
523	0.9811303	1.74719e-06
524	0.9811537	1.73979e-06
525	0.981177	1.73245e-06
526	0.9812	1.72517e-06
527	0.9812228	1.71794e-06
528	0.9812502	1.71018e-06
529	0.9812844	1.70163e-06
530	0.9813184	1.69313e-06
531	0.9813522	1.6847e-06
532	0.9813858	1.67633e-06
533	0.9814192	1.66801e-06
534	0.9814524	1.65976e-06
535	0.9814854	1.65157e-06
536	0.9815183	1.64343e-06
537	0.981551	1.63535e-06
538	0.9815835	1.62733e-06
539	0.9816159	1.61937e-06
540	0.9816814	1.60416e-06
541	0.9817492	1.58857e-06
542	0.9818167	1.57313e-06
543	0.981884	1.55784e-06
544	0.9819512	1.54268e-06
545	0.9820181	1.52767e-06
546	0.9820848	1.51279e-06
547	0.9821513	1.49806e-06
548	0.9822177	1.48346e-06
549	0.9822839	1.46899e-06
550	0.9823498	1.45466e-06
551	0.9824156	1.44046e-06
552	0.9824769	1.42731e-06
553	0.9825379	1.41431e-06
554	0.9825987	1.40144e-06
555	0.9826593	1.38867e-06
556	0.9827197	1.37602e-06
557	0.98278	1.36347e-06
558	0.9828401	1.35104e-06
559	0.9829001	1.33871e-06
560	0.9829598	1.3265e-06
561	0.9830195	1.31438e-06
562	0.9830789	1.30237e-06
563	0.9831382	1.29047e-06
564	0.983182	1.28146e-06
565	0.9832053	1.2762e-06
566	0.9832286	1.27097e-06
567	0.9832517	1.26577e-06
568	0.9832747	1.26061e-06
569	0.9832976	1.25548e-06
570	0.9833204	1.25038e-06
571	0.983343	1.24532e-06
572	0.9833656	1.24028e-06
573	0.9833881	1.23528e-06
574	0.9834104	1.23031e-06
575	0.9834326	1.22538e-06
576	0.9834548	1.22047e-06
577	0.98347	1.21682e-06
578	0.983471	1.21573e-06
579	0.9834719	1.21466e-06
580	0.9834727	1.21359e-06
581	0.9834734	1.21253e-06
582	0.9834741	1.21148e-06
583	0.9834746	1.21043e-06
584	0.9834751	1.2094e-06
585	0.9834756	1.20837e-06
586	0.9834759	1.20735e-06
587	0.9834762	1.20634e-06
588	0.9834764	1.20533e-06
589	0.9834765	1.20434e-06
590	0.9834766	1.20335e-06
591	0.9834631	1.20498e-06
592	0.9834404	1.20841e-06
593	0.9834176	1.21183e-06
594	0.9833947	1.21525e-06
595	0.9833719	1.21867e-06
596	0.9833489	1.2221e-06
597	0.983326	1.22552e-06
598	0.983303	1.22894e-06
599	0.9832799	1.23236e-06
600	0.9832568	1.23579e-06
601	0.9832336	1.23921e-06
602	0.9832104	1.24263e-06
603	0.9831872	1.24605e-06
604	0.9831639	1.24947e-06
605	0.9831394	1.253e-06
606	0.9831102	1.25699e-06
607	0.9830809	1.26097e-06
608	0.9830516	1.26495e-06
609	0.9830222	1.26893e-06
610	0.9829928	1.27291e-06
611	0.9829634	1.27689e-06
612	0.982934	1.28087e-06
613	0.9829045	1.28485e-06
614	0.982875	1.28882e-06
615	0.9828454	1.29279e-06
616	0.9828159	1.29677e-06
617	0.9827863	1.30074e-06
618	0.9827566	1.30471e-06
619	0.982727	1.30868e-06
620	0.9826977	1.31245e-06
621	0.9826734	1.3138e-06
622	0.9826491	1.31515e-06
623	0.9826247	1.3165e-06
624	0.9826004	1.31784e-06
625	0.982576	1.31919e-06
626	0.9825515	1.32053e-06
627	0.9825271	1.32187e-06
628	0.9825026	1.32321e-06
629	0.9824781	1.32455e-06
630	0.9824536	1.32589e-06
631	0.982429	1.32722e-06
632	0.9824044	1.32855e-06
633	0.9823798	1.32989e-06
634	0.9823552	1.33122e-06
635	0.9823306	1.33254e-06
636	0.9823078	1.33353e-06
637	0.9822937	1.33293e-06
638	0.9822796	1.33235e-06
639	0.9822654	1.33176e-06
640	0.9822512	1.33119e-06
641	0.982237	1.33061e-06
642	0.9822227	1.33005e-06
643	0.9822085	1.32948e-06
644	0.9821942	1.32893e-06
645	0.9821798	1.32838e-06
646	0.9821655	1.32783e-06
647	0.9821511	1.32729e-06
648	0.9821367	1.32675e-06
649	0.9821222	1.32622e-06
650	0.9821077	1.3257e-06
651	0.9820932	1.32518e-06
652	0.9820787	1.32466e-06
653	0.9820758	1.32264e-06
654	0.9820871	1.31877e-06
655	0.9820985	1.31492e-06
656	0.9821098	1.31109e-06
657	0.982121	1.30728e-06
658	0.9821322	1.30349e-06
659	0.9821434	1.29972e-06
660	0.9821545	1.29597e-06
661	0.9821655	1.29225e-06
662	0.9821766	1.28854e-06
663	0.9821876	1.28486e-06
664	0.9821985	1.28119e-06
665	0.9822094	1.27755e-06
666	0.9822203	1.27392e-06
667	0.9822311	1.27031e-06
668	0.9822418	1.26673e-06
669	0.9822526	1.26316e-06
670	0.9822633	1.25961e-06
671	0.9822744	1.25642e-06
672	0.9822856	1.25333e-06
673	0.9822968	1.25025e-06
674	0.9823079	1.24719e-06
675	0.982319	1.24414e-06
676	0.9823301	1.2411e-06
677	0.9823411	1.23808e-06
678	0.9823521	1.23508e-06
679	0.982363	1.23209e-06
680	0.9823739	1.22911e-06
681	0.9823848	1.22615e-06
682	0.9823956	1.2232e-06
683	0.9824064	1.22027e-06
684	0.9824172	1.21735e-06
685	0.9824279	1.21444e-06
686	0.9824386	1.21155e-06
687	0.9824493	1.20867e-06
688	0.9824599	1.2058e-06
689	0.9824655	1.20382e-06
690	0.9824505	1.20547e-06
691	0.9824355	1.20712e-06
692	0.9824204	1.20878e-06
693	0.9824054	1.21043e-06
694	0.9823903	1.21208e-06
695	0.9823752	1.21374e-06
696	0.9823601	1.21539e-06
697	0.9823449	1.21704e-06
698	0.9823298	1.2187e-06
699	0.9823147	1.22035e-06
700	0.9822995	1.222e-06
701	0.9822843	1.22366e-06
702	0.9822691	1.22531e-06
703	0.9822539	1.22696e-06
704	0.9822387	1.22862e-06
705	0.9822234	1.23027e-06
706	0.9822082	1.23192e-06
707	0.9821929	1.23358e-06
708	0.9821776	1.23523e-06
709	0.9821648	1.23661e-06
710	0.9821542	1.23772e-06
711	0.9821436	1.23884e-06
712	0.9821329	1.23995e-06
713	0.9821223	1.24107e-06
714	0.9821116	1.24218e-06
715	0.982101	1.2433e-06
716	0.9820903	1.24441e-06
717	0.9820796	1.24553e-06
718	0.9820689	1.24665e-06
719	0.9820581	1.24777e-06
720	0.9820474	1.24888e-06
721	0.9820367	1.25e-06
722	0.9820259	1.25112e-06
723	0.9820151	1.25224e-06
724	0.9820043	1.25336e-06
725	0.9819935	1.25448e-06
726	0.9819827	1.2556e-06
727	0.9819719	1.25672e-06
728	0.981961	1.25784e-06
729	0.9819502	1.25896e-06
730	0.9819601	1.2569e-06
731	0.9819799	1.25333e-06
732	0.9819997	1.24976e-06
733	0.9820194	1.24621e-06
734	0.9820392	1.24268e-06
735	0.9820589	1.23915e-06
736	0.9820786	1.23564e-06
737	0.9820982	1.23214e-06
738	0.9821178	1.22866e-06
739	0.9821374	1.22518e-06
740	0.982157	1.22173e-06
741	0.9821765	1.21828e-06
742	0.982196	1.21484e-06
743	0.9822155	1.21142e-06
744	0.982235	1.20801e-06
745	0.9822544	1.20462e-06
746	0.9822738	1.20123e-06
747	0.9822931	1.19786e-06
748	0.9823125	1.1945e-06
749	0.9823318	1.19115e-06
750	0.9823511	1.18782e-06
751	0.9823703	1.18449e-06
752	0.9823913	1.1808e-06
753	0.9824136	1.17684e-06
754	0.9824358	1.1729e-06
755	0.982458	1.16897e-06
756	0.9824801	1.16506e-06
757	0.9825022	1.16117e-06
758	0.9825243	1.15729e-06
759	0.9825464	1.15342e-06
760	0.9825685	1.14958e-06
761	0.9825905	1.14574e-06
762	0.9826125	1.14192e-06
763	0.9826344	1.13812e-06
764	0.9826564	1.13433e-06
765	0.9826783	1.13056e-06
766	0.9827002	1.1268e-06
767	0.982722	1.12306e-06
768	0.9827439	1.11933e-06
769	0.9827657	1.11562e-06
770	0.9827875	1.11192e-06
771	0.9828092	1.10823e-06
772	0.9828309	1.10456e-06
773	0.9828526	1.1009e-06
774	0.9828743	1.09726e-06
775	0.9828949	1.09374e-06
776	0.9829051	1.09121e-06
777	0.9829153	1.0887e-06
778	0.9829255	1.08619e-06
779	0.9829357	1.0837e-06
780	0.9829458	1.08121e-06
781	0.9829559	1.07874e-06
782	0.982966	1.07627e-06
783	0.9829761	1.07382e-06
784	0.9829861	1.07138e-06
785	0.9829962	1.06894e-06
786	0.9830062	1.06652e-06
787	0.9830162	1.0641e-06
788	0.9830262	1.0617e-06
789	0.9830362	1.0593e-06
790	0.9830461	1.05692e-06
791	0.9830561	1.05454e-06
792	0.983066	1.05217e-06
793	0.9830759	1.04981e-06
794	0.9830858	1.04747e-06
795	0.9830957	1.04513e-06
796	0.9831056	1.0428e-06
797	0.9831154	1.04048e-06
798	0.9831252	1.03816e-06
799	0.983135	1.03586e-06
800	0.9831441	1.03484e-06
801	0.9831461	1.04592e-06
802	0.9831481	1.05708e-06
803	0.98315	1.06834e-06
804	0.983152	1.07968e-06
805	0.9831539	1.09112e-06
806	0.9831558	1.10265e-06
807	0.9831577	1.11427e-06
808	0.9831596	1.12598e-06
809	0.9831614	1.13778e-06
810	0.9831632	1.14968e-06
811	0.983165	1.16168e-06
812	0.9831668	1.17376e-06
813	0.9831686	1.18595e-06
814	0.9831704	1.19822e-06
815	0.9831721	1.2106e-06
816	0.9831739	1.22307e-06
817	0.9831756	1.23563e-06
818	0.9831773	1.24829e-06
819	0.9831789	1.26106e-06
820	0.9831806	1.27391e-06
821	0.9831822	1.28687e-06
822	0.9831839	1.29993e-06
823	0.9831855	1.31308e-06
824	0.9831871	1.32634e-06
825	0.9831886	1.3397e-06
826	0.9831902	1.35315e-06
827	0.9831918	1.36671e-06
828	0.9831933	1.38037e-06
829	0.9831948	1.39414e-06
830	0.9831963	1.408e-06
831	0.9831978	1.42197e-06
832	0.9831993	1.43604e-06
833	0.9832008	1.45022e-06
834	0.9832022	1.4645e-06
835	0.9832036	1.47889e-06
836	0.9832051	1.49338e-06
837	0.9832065	1.50798e-06
838	0.9832079	1.52268e-06
839	0.9832092	1.53749e-06
840	0.9832106	1.55241e-06
841	0.983212	1.56744e-06
842	0.9832133	1.58257e-06
843	0.9832146	1.59781e-06
844	0.9832159	1.61317e-06
845	0.9832172	1.62863e-06
846	0.9832185	1.6442e-06
847	0.9832198	1.65989e-06
848	0.983221	1.67568e-06
849	0.9832223	1.69159e-06
850	0.9832235	1.70761e-06
851	0.9832248	1.72374e-06
852	0.983226	1.73999e-06
853	0.9832272	1.75634e-06
854	0.9832283	1.77282e-06
855	0.9832295	1.7894e-06
856	0.9832307	1.8061e-06
857	0.9832318	1.82292e-06
858	0.983233	1.83986e-06
859	0.9832341	1.85691e-06
860	0.9832352	1.87407e-06
861	0.9832363	1.89136e-06
862	0.9832374	1.90876e-06
863	0.9832385	1.92628e-06
864	0.9832396	1.94392e-06
865	0.9832406	1.96167e-06
866	0.9832417	1.97955e-06
867	0.9832427	1.99755e-06
868	0.9832438	2.01567e-06
869	0.9832448	2.03391e-06
870	0.9832458	2.05227e-06
871	0.9832468	2.07075e-06
872	0.9832478	2.08936e-06
873	0.9832488	2.10809e-06
874	0.9832498	2.12694e-06
875	0.9832507	2.14591e-06
876	0.9832517	2.16501e-06
877	0.9832526	2.18424e-06
878	0.9832535	2.20359e-06
879	0.9832545	2.22307e-06
880	0.9832553	2.24266e-06
881	0.9832559	2.26235e-06
882	0.9832566	2.28217e-06
883	0.9832573	2.30212e-06
884	0.9832579	2.3222e-06
885	0.9832586	2.3424e-06
886	0.9832592	2.36274e-06
887	0.9832598	2.3832e-06
888	0.9832604	2.40379e-06
889	0.9832611	2.42451e-06
890	0.9832617	2.44536e-06
891	0.9832623	2.46635e-06
892	0.9832629	2.48746e-06
893	0.9832635	2.50871e-06
894	0.983264	2.53008e-06
895	0.9832646	2.55159e-06
896	0.9832652	2.57324e-06
897	0.9832658	2.59502e-06
898	0.9832663	2.61693e-06
899	0.9832669	2.63897e-06
900	0.9832674	2.6611e-06
901	0.9832679	2.68303e-06
902	0.9832684	2.70509e-06
903	0.9832688	2.72728e-06
904	0.9832693	2.7496e-06
905	0.9832698	2.77206e-06
906	0.9832703	2.79465e-06
907	0.9832707	2.81737e-06
908	0.9832712	2.84023e-06
909	0.9832717	2.86323e-06
910	0.9832721	2.88635e-06
911	0.9832726	2.90962e-06
912	0.9832731	2.93301e-06
913	0.9832735	2.95655e-06
914	0.983274	2.98022e-06
915	0.9832745	3.00403e-06
916	0.9832749	3.02798e-06
917	0.9832754	3.05206e-06
918	0.9832758	3.07628e-06
919	0.9832763	3.10065e-06
920	0.9832768	3.12515e-06
921	0.9832772	3.14979e-06
922	0.9832777	3.17457e-06
923	0.9832781	3.19949e-06
924	0.9832786	3.22456e-06
925	0.983279	3.24976e-06
926	0.9832795	3.27511e-06
927	0.9832799	3.3006e-06
928	0.9832804	3.32623e-06
929	0.9832808	3.352e-06
930	0.9832813	3.37792e-06
931	0.9832817	3.40398e-06
932	0.9832822	3.43019e-06
933	0.9832826	3.45654e-06
934	0.9832831	3.48304e-06
935	0.9832835	3.50968e-06
936	0.983284	3.53647e-06
937	0.9832844	3.56341e-06
938	0.9832849	3.59049e-06
939	0.9832853	3.61772e-06
940	0.9832857	3.6451e-06
941	0.9832862	3.67263e-06
942	0.9832866	3.7003e-06
943	0.9832871	3.72813e-06
944	0.9832875	3.7561e-06
945	0.9832879	3.78423e-06
946	0.9832884	3.8125e-06
947	0.9832888	3.84093e-06
948	0.9832892	3.86951e-06
949	0.9832897	3.89824e-06
950	0.9832901	3.92712e-06
951	0.9832905	3.95615e-06
952	0.9832909	3.98534e-06
953	0.9832914	4.01468e-06
954	0.9832918	4.04417e-06
955	0.9832922	4.07382e-06
956	0.9832927	4.10362e-06
957	0.9832931	4.13358e-06
958	0.9832935	4.16369e-06
959	0.9832939	4.19396e-06
960	0.9832944	4.22439e-06
961	0.9832948	4.25497e-06
962	0.9832952	4.28571e-06
963	0.9832956	4.3166e-06
964	0.983296	4.34766e-06
965	0.9832965	4.37887e-06
966	0.9832969	4.41024e-06
967	0.9832973	4.44178e-06
968	0.9832977	4.47347e-06
969	0.9832981	4.50532e-06
970	0.9832985	4.53733e-06
971	0.9832989	4.5695e-06
972	0.9832994	4.60183e-06
973	0.9832998	4.63433e-06
974	0.9833002	4.66698e-06
975	0.9833006	4.6998e-06
976	0.983301	4.73279e-06
977	0.9833014	4.76593e-06
978	0.9833018	4.79924e-06
979	0.9833022	4.83271e-06
980	0.9833026	4.86635e-06
981	0.983303	4.90015e-06
982	0.9833034	4.93412e-06
983	0.9833038	4.96825e-06
984	0.9833042	5.00255e-06
985	0.9833047	5.03702e-06
986	0.9833051	5.07165e-06
987	0.9833055	5.10645e-06
988	0.9833059	5.14142e-06
989	0.9833063	5.17655e-06
990	0.9833067	5.21185e-06
991	0.983307	5.24733e-06
992	0.9833074	5.28297e-06
993	0.9833078	5.31878e-06
994	0.9833082	5.35476e-06
995	0.9833086	5.39091e-06
996	0.983309	5.42723e-06
997	0.9833094	5.46373e-06
998	0.9833098	5.50039e-06
999	0.9833102	5.53723e-06
1000	0.9833106	5.57424e-06
