WAVE	R	T
aoi	0	
380	0.197631	0.2035376
381	0.1990921	0.2144317
382	0.2009113	0.2261756
383	0.203148	0.2387709
384	0.2058655	0.2522221
385	0.2091099	0.2664423
386	0.212929	0.2813695
387	0.2173562	0.2969162
388	0.2223999	0.3129606
389	0.2280557	0.3293879
390	0.2343003	0.346071
391	0.2410646	0.3628118
392	0.248279	0.3794928
393	0.2558651	0.3960091
394	0.2637102	0.4122462
395	0.2716214	0.4279694
396	0.27953	0.4432275
397	0.2873123	0.4579654
398	0.29481	0.4720881
399	0.3018664	0.4855165
400	0.3084509	0.4983521
401	0.3144727	0.5106022
402	0.3197795	0.5221621
403	0.3243478	0.5330986
404	0.3281806	0.5434862
405	0.3312515	0.5533359
406	0.333439	0.5624926
407	0.3348519	0.5711173
408	0.3355076	0.5792142
409	0.3353997	0.5867342
410	0.3345228	0.5935967
411	0.3329863	0.5999038
412	0.330837	0.605637
413	0.3280988	0.610688
414	0.3248604	0.6150536
415	0.3212673	0.618764
416	0.3176344	0.6220647
417	0.3141296	0.6252108
418	0.3106957	0.6282866
419	0.3073172	0.6313068
420	0.3039922	0.6342732
421	0.3007273	0.6371792
422	0.2975012	0.6400449
423	0.2943122	0.6428721
424	0.2911676	0.645654
425	0.2880631	0.648394
426	0.284991	0.6511002
427	0.2819512	0.6537725
428	0.2789536	0.6564015
429	0.2759888	0.6589963
430	0.2730546	0.661559
431	0.2701524	0.6640884
432	0.2672893	0.6665777
433	0.2644561	0.6690357
434	0.2616513	0.6714641
435	0.2588792	0.6738587
436	0.2561412	0.6762181
437	0.2534328	0.678547
438	0.2507542	0.6808452
439	0.2481108	0.6831075
440	0.2454988	0.6853377
441	0.2429165	0.6875373
442	0.2403646	0.6897062
443	0.2378447	0.691842
444	0.2353546	0.6939475
445	0.2328945	0.6960227
446	0.2304662	0.6980656
447	0.2280712	0.7000749
448	0.2257064	0.7020538
449	0.2233717	0.7040023
450	0.2210704	0.7059173
451	0.2187994	0.7078017
452	0.2165563	0.7096578
453	0.2143436	0.7114837
454	0.2121652	0.7132752
455	0.2100172	0.7150363
456	0.2078997	0.716767
457	0.2058138	0.7184663
458	0.2037609	0.7201327
459	0.2017365	0.7217706
460	0.1997406	0.72338
461	0.1977772	0.7249572
462	0.1958456	0.7265028
463	0.1939446	0.7280182
464	0.1920744	0.7295032
465	0.1902372	0.7309554
466	0.188431	0.7323771
467	0.1866556	0.7337685
468	0.1849107	0.7351296
469	0.1831936	0.736463
470	0.181507	0.7377663
471	0.179851	0.7390396
472	0.1782266	0.7402817
473	0.1766337	0.741493
474	0.1750713	0.7426742
475	0.1735393	0.7438256
476	0.1720391	0.7449458
477	0.1705697	0.7460359
478	0.1691305	0.7470964
479	0.1677217	0.7481271
480	0.1663428	0.7491284
481	0.1649904	0.7501035
482	0.1636681	0.7510493
483	0.1623761	0.7519653
484	0.1611147	0.7528517
485	0.159883	0.753709
486	0.1586808	0.7545375
487	0.157509	0.7553365
488	0.1563668	0.7561064
489	0.1552509	0.7568508
490	0.1541629	0.757568
491	0.1531048	0.7582559
492	0.1520757	0.758916
493	0.1510752	0.7595481
494	0.1501035	0.7601523
495	0.149161	0.7607284
496	0.1482468	0.761277
497	0.1473606	0.7617985
498	0.1465018	0.7622936
499	0.1456679	0.7627643
500	0.1448618	0.7632084
501	0.1440831	0.7636259
502	0.1433324	0.7640165
503	0.142609	0.7643812
504	0.1419125	0.7647197
505	0.1412429	0.7650324
506	0.1406005	0.7653193
507	0.1399844	0.7655807
508	0.1393943	0.7658176
509	0.1388271	0.7660322
510	0.1382859	0.7662219
511	0.1377705	0.7663874
512	0.1372805	0.7665284
513	0.1368162	0.7666451
514	0.1363771	0.7667381
515	0.1359627	0.7668074
516	0.135573	0.7668534
517	0.1352065	0.7668775
518	0.1348624	0.7668802
519	0.1345424	0.7668605
520	0.1342462	0.7668181
521	0.1339738	0.7667534
522	0.1337249	0.766667
523	0.1334989	0.7665587
524	0.1332962	0.7664288
525	0.1331163	0.7662778
526	0.1329587	0.7661057
527	0.1328233	0.7659131
528	0.1327088	0.7657011
529	0.1326147	0.7654701
530	0.1325421	0.7652192
531	0.1324909	0.7649485
532	0.1324609	0.7646582
533	0.1324518	0.7643488
534	0.1324632	0.7640204
535	0.1324952	0.7636733
536	0.1325466	0.7633083
537	0.1326173	0.7629257
538	0.1327075	0.7625253
539	0.1328169	0.7621074
540	0.1329454	0.7616721
541	0.1330928	0.7612198
542	0.1332585	0.7607509
543	0.1334426	0.7602653
544	0.1336448	0.7597635
545	0.1338648	0.7592457
546	0.1341025	0.758712
547	0.1343575	0.7581628
548	0.1346298	0.7575982
549	0.1349189	0.7570186
550	0.1352246	0.7564243
551	0.135547	0.7558152
552	0.1358856	0.7551916
553	0.1362401	0.7545542
554	0.1366105	0.7539027
555	0.1369964	0.7532376
556	0.1373976	0.7525591
557	0.1378141	0.7518673
558	0.1382454	0.7511626
559	0.1386913	0.7504451
560	0.1391517	0.7497151
561	0.1396264	0.7489728
562	0.1401151	0.7482183
563	0.1406175	0.7474521
564	0.1411335	0.7466743
565	0.1416629	0.7458849
566	0.1422055	0.7450844
567	0.1427609	0.7442729
568	0.1433292	0.7434506
569	0.1439099	0.7426178
570	0.144503	0.7417746
571	0.145108	0.7409213
572	0.145725	0.7400581
573	0.1463538	0.739185
574	0.1469939	0.7383025
575	0.1476453	0.7374107
576	0.1483078	0.7365096
577	0.1489812	0.7355997
578	0.1496652	0.734681
579	0.1503599	0.7337536
580	0.1510648	0.7328179
581	0.1517799	0.7318739
582	0.1525048	0.7309219
583	0.1532395	0.7299622
584	0.1539838	0.7289946
585	0.1547373	0.7280198
586	0.1555001	0.7270375
587	0.1562719	0.726048
588	0.1570527	0.7250517
589	0.157842	0.7240485
590	0.1586399	0.7230386
591	0.159446	0.7220223
592	0.1602603	0.7209996
593	0.1610826	0.7199709
594	0.1619126	0.7189362
595	0.1627504	0.7178954
596	0.1635956	0.7168492
597	0.1644481	0.7157974
598	0.1653078	0.7147402
599	0.1661745	0.7136778
600	0.167048	0.7126102
601	0.1679282	0.7115377
602	0.168815	0.7104605
603	0.1697082	0.7093784
604	0.1706076	0.708292
605	0.1715131	0.7072011
606	0.1724246	0.706106
607	0.1733417	0.7050069
608	0.1742646	0.7039036
609	0.1751931	0.7027965
610	0.1761269	0.7016857
611	0.177066	0.7005712
612	0.1780102	0.6994534
613	0.1789593	0.6983321
614	0.1799133	0.6972075
615	0.1808721	0.6960799
616	0.1818355	0.6949491
617	0.1828032	0.6938156
618	0.1837754	0.6926793
619	0.1847518	0.6915401
620	0.1857321	0.6903986
621	0.1867166	0.6892546
622	0.1877049	0.688108
623	0.1886969	0.6869594
624	0.1896927	0.6858085
625	0.1906919	0.6846555
626	0.1916945	0.6835008
627	0.1927004	0.682344
628	0.1937095	0.6811856
629	0.1947217	0.6800255
630	0.1957369	0.6788636
631	0.196755	0.6777005
632	0.1977758	0.6765359
633	0.1987993	0.67537
634	0.1998254	0.6742029
635	0.200854	0.6730346
636	0.2018849	0.6718653
637	0.2029182	0.6706949
638	0.2039537	0.6695236
639	0.2049912	0.6683517
640	0.2060308	0.667179
641	0.2070724	0.6660054
642	0.2081157	0.6648315
643	0.2091608	0.663657
644	0.2102076	0.662482
645	0.211256	0.6613066
646	0.2123059	0.660131
647	0.2133572	0.6589551
648	0.2144099	0.6577791
649	0.2154639	0.6566028
650	0.216519	0.6554267
651	0.2175753	0.6542506
652	0.2186326	0.6530744
653	0.2196909	0.6518985
654	0.2207501	0.6507228
655	0.2218101	0.6495474
656	0.222871	0.6483722
657	0.2239325	0.6471974
658	0.2249945	0.6460232
659	0.2260573	0.6448493
660	0.2271205	0.6436759
661	0.2281841	0.6425033
662	0.2292482	0.6413312
663	0.2303125	0.6401597
664	0.2313772	0.6389891
665	0.232442	0.6378192
666	0.2335069	0.6366502
667	0.234572	0.6354821
668	0.235637	0.6343148
669	0.236702	0.6331486
670	0.237767	0.6319833
671	0.2388319	0.6308191
672	0.2398965	0.6296561
673	0.2409609	0.6284941
674	0.2420251	0.6273332
675	0.2430889	0.6261737
676	0.2441523	0.6250153
677	0.2452153	0.6238583
678	0.2462778	0.6227026
679	0.2473398	0.6215482
680	0.2484012	0.6203953
681	0.2494621	0.6192437
682	0.2505223	0.6180936
683	0.2515818	0.616945
684	0.2526406	0.6157979
685	0.2536986	0.6146524
686	0.2547558	0.6135084
687	0.2558122	0.6123661
688	0.2568677	0.6112254
689	0.2579222	0.6100864
690	0.2589758	0.608949
691	0.2600284	0.6078135
692	0.2610799	0.6066796
693	0.2621305	0.6055474
694	0.2631799	0.6044172
695	0.2642282	0.6032887
696	0.2652753	0.602162
697	0.2663213	0.6010372
698	0.267366	0.5999143
699	0.2684095	0.5987934
700	0.2694517	0.5976743
701	0.2704925	0.5965572
702	0.2715321	0.5954421
703	0.2725703	0.594329
704	0.2736071	0.5932179
705	0.2746425	0.5921088
706	0.2756764	0.5910017
707	0.2767089	0.5898967
708	0.2777399	0.5887938
709	0.2787693	0.5876929
710	0.2797973	0.5865943
711	0.2808237	0.5854976
712	0.2818485	0.5844032
713	0.2828716	0.5833109
714	0.2838932	0.5822208
715	0.2849132	0.5811329
716	0.2859314	0.5800471
717	0.2869479	0.5789636
718	0.2879628	0.5778823
719	0.288976	0.5768032
720	0.2899874	0.5757263
721	0.290997	0.5746518
722	0.2920049	0.5735794
723	0.293011	0.5725094
724	0.2940152	0.5714416
725	0.2950177	0.5703761
726	0.2960184	0.569313
727	0.2970171	0.5682521
728	0.2980139	0.5671936
729	0.299009	0.5661374
730	0.3000021	0.5650835
731	0.3009933	0.564032
732	0.3019825	0.5629829
733	0.3029699	0.561936
734	0.3039553	0.5608916
735	0.3049387	0.5598495
736	0.3059202	0.5588098
737	0.3068997	0.5577725
738	0.3078772	0.5567375
739	0.3088526	0.555705
740	0.3098261	0.5546749
741	0.3107976	0.5536471
742	0.3117669	0.5526218
743	0.3127343	0.5515989
744	0.3136996	0.5505783
745	0.3146629	0.5495603
746	0.3156241	0.5485446
747	0.3165832	0.5475313
748	0.3175402	0.5465205
749	0.3184951	0.5455122
750	0.3194385	0.5445137
751	0.3203643	0.5435302
752	0.3212883	0.5425488
753	0.3222104	0.5415696
754	0.3231308	0.5405926
755	0.3240493	0.5396177
756	0.324966	0.538645
757	0.3258809	0.5376744
758	0.3267939	0.5367061
759	0.3277051	0.5357399
760	0.3286145	0.5347759
761	0.329522	0.5338141
762	0.3304276	0.5328545
763	0.3313314	0.5318971
764	0.3322333	0.5309419
765	0.3331334	0.5299888
766	0.3340315	0.5290379
767	0.3349278	0.5280892
768	0.3358222	0.5271428
769	0.3367147	0.5261984
770	0.3376054	0.5252563
771	0.3384941	0.5243164
772	0.3393809	0.5233787
773	0.3402659	0.5224431
774	0.3411489	0.5215097
775	0.34203	0.5205786
776	0.3429092	0.5196496
777	0.3437865	0.5187228
778	0.3446619	0.5177982
779	0.3455353	0.5168757
780	0.3464068	0.5159555
781	0.3472765	0.5150374
782	0.3481441	0.5141215
783	0.3490098	0.5132078
784	0.3498737	0.5122963
785	0.3507355	0.511387
786	0.3515955	0.5104798
787	0.3524535	0.5095748
788	0.3533096	0.508672
789	0.3541637	0.5077713
790	0.3550159	0.5068729
791	0.3558662	0.5059765
792	0.3567145	0.5050824
793	0.3575609	0.5041904
794	0.3584053	0.5033006
795	0.3592478	0.5024129
796	0.3600884	0.5015274
797	0.3609269	0.500644
798	0.3617636	0.4997628
799	0.3625983	0.4988837
800	0.3634283	0.4980072
801	0.3642437	0.4971346
802	0.3650576	0.496264
803	0.3658699	0.4953956
804	0.3666806	0.4945293
805	0.3674897	0.4936651
806	0.3682973	0.492803
807	0.3691034	0.4919429
808	0.3699078	0.491085
809	0.3707107	0.4902291
810	0.3715121	0.4893754
811	0.3723119	0.4885237
812	0.3731101	0.4876741
813	0.3739067	0.4868265
814	0.3747018	0.4859811
815	0.3754953	0.4851377
816	0.3762873	0.4842963
817	0.3770777	0.483457
818	0.3778665	0.4826198
819	0.3786538	0.4817846
820	0.3794395	0.4809515
821	0.3802236	0.4801204
822	0.3810062	0.4792914
823	0.3817872	0.4784643
824	0.3825666	0.4776393
825	0.3833445	0.4768164
826	0.3841208	0.4759954
827	0.3848956	0.4751765
828	0.3856688	0.4743596
829	0.3864404	0.4735447
830	0.3872105	0.4727318
831	0.387979	0.4719209
832	0.388746	0.471112
833	0.3895114	0.4703051
834	0.3902753	0.4695002
835	0.3910376	0.4686972
836	0.3917983	0.4678963
837	0.3925575	0.4670973
838	0.3933152	0.4663003
839	0.3940713	0.4655052
840	0.3948259	0.4647121
841	0.3955789	0.463921
842	0.3963304	0.4631319
843	0.3970803	0.4623446
844	0.3978287	0.4615594
845	0.3985755	0.460776
846	0.3993208	0.4599946
847	0.4000646	0.4592151
848	0.4008069	0.4584376
849	0.4015476	0.4576619
850	0.4022868	0.4568882
851	0.4030244	0.4561164
852	0.4037606	0.4553465
853	0.4044952	0.4545785
854	0.4052283	0.4538124
855	0.4059599	0.4530482
856	0.4066899	0.4522859
857	0.4074184	0.4515254
858	0.4081455	0.4507669
859	0.408871	0.4500101
860	0.409595	0.4492553
861	0.4103174	0.4485024
862	0.4110384	0.4477513
863	0.4117579	0.447002
864	0.4124759	0.4462546
865	0.4131924	0.4455091
866	0.4139074	0.4447654
867	0.4146209	0.4440235
868	0.4153328	0.4432835
869	0.4160434	0.4425453
870	0.4167524	0.4418088
871	0.4174599	0.4410743
872	0.418166	0.4403415
873	0.4188706	0.4396105
874	0.4195737	0.4388814
875	0.4202753	0.438154
876	0.4209754	0.4374284
877	0.4216742	0.4367046
878	0.4223714	0.4359826
879	0.4230671	0.4352624
880	0.4237614	0.4345439
881	0.4244542	0.4338272
882	0.4251455	0.4331122
883	0.4258354	0.432399
884	0.4265238	0.4316876
885	0.4272109	0.4309778
886	0.4278964	0.4302698
887	0.4285806	0.4295635
888	0.4292633	0.4288589
889	0.4299446	0.428156
890	0.4306244	0.4274548
891	0.4313029	0.4267554
892	0.4319799	0.4260576
893	0.4326555	0.4253615
894	0.4333298	0.4246671
895	0.4340026	0.4239744
896	0.434674	0.4232834
897	0.435344	0.422594
898	0.4360125	0.4219063
899	0.4366798	0.4212203
900	0.4373456	0.4205359
901	0.43801	0.4198531
902	0.438673	0.4191721
903	0.4393347	0.4184926
904	0.4399949	0.4178148
905	0.4406538	0.4171387
906	0.4413113	0.4164642
907	0.4419674	0.4157913
908	0.4426222	0.41512
909	0.4432756	0.4144503
910	0.4439276	0.4137823
911	0.4445798	0.413102
912	0.4452305	0.4124234
913	0.4458799	0.4117465
914	0.4465278	0.4110712
915	0.4471744	0.4103976
916	0.4478196	0.4097258
917	0.4484634	0.4090555
918	0.4491058	0.4083869
919	0.4497468	0.40772
920	0.4503864	0.4070548
921	0.4509981	0.4064091
922	0.4516085	0.405765
923	0.4522176	0.4051225
924	0.4528255	0.4044815
925	0.4534321	0.4038421
926	0.4540374	0.4032042
927	0.4546414	0.4025679
928	0.4552442	0.4019331
929	0.4558457	0.4012998
930	0.456446	0.4006681
931	0.4570406	0.4000403
932	0.4576341	0.399414
933	0.4582263	0.3987893
934	0.4588173	0.398166
935	0.459407	0.3975442
936	0.4599955	0.396924
937	0.4605828	0.3963052
938	0.4611689	0.3956878
939	0.4617537	0.395072
940	0.4623374	0.3944576
941	0.4629199	0.3938559
942	0.4635011	0.3932556
943	0.4640812	0.3926567
944	0.4646601	0.3920592
945	0.4652378	0.3914631
946	0.4658143	0.3908684
947	0.4663897	0.3902751
948	0.4669638	0.3896832
949	0.4675368	0.3890927
950	0.4681086	0.3885035
951	0.468666	0.3878921
952	0.4692222	0.3872822
953	0.4697772	0.3866738
954	0.4703311	0.3860669
955	0.4708838	0.3854615
956	0.4714353	0.3848575
957	0.4719856	0.384255
958	0.4725349	0.383654
959	0.473083	0.3830544
960	0.4736299	0.3824562
961	0.4741984	0.3818796
962	0.4747657	0.3813043
963	0.4753319	0.3807303
964	0.4758969	0.3801576
965	0.4764608	0.3795863
966	0.4770235	0.3790162
967	0.4775851	0.3784475
968	0.4781456	0.3778801
969	0.4787049	0.377314
970	0.4792631	0.3767491
971	0.4788437	0.377173
972	0.4784245	0.3775967
973	0.4780056	0.3780202
974	0.4775869	0.3784435
975	0.4771685	0.3788666
976	0.4767504	0.3792896
977	0.4763325	0.3797123
978	0.4759149	0.3801349
979	0.4754975	0.3805573
980	0.4750805	0.3809794
981	0.4746636	0.3814014
982	0.4742471	0.3818232
983	0.4738308	0.3822448
984	0.4734148	0.3826663
985	0.472999	0.3830875
986	0.4725835	0.3835085
987	0.4721683	0.3839293
988	0.4717533	0.38435
989	0.4713387	0.3847704
990	0.4709243	0.3851906
991	0.4705102	0.3856106
992	0.4700963	0.3860305
993	0.4696827	0.3864501
994	0.4692717	0.3868679
995	0.4688649	0.3872826
996	0.4684583	0.3876971
997	0.468052	0.3881114
998	0.467646	0.3885255
999	0.4672401	0.3889395
aoi	5	
380	0.1969066	0.2029081
381	0.1984025	0.2137938
382	0.2002569	0.2255289
383	0.2025286	0.2381153
384	0.2052799	0.2515578
385	0.2085562	0.2657702
386	0.2124047	0.2806911
387	0.2168575	0.2962339
388	0.2219219	0.3122776
389	0.2275933	0.3287084
390	0.2338476	0.3454003
391	0.2406143	0.3621564
392	0.2478241	0.3788602
393	0.2553986	0.3954074
394	0.2632253	0.4116844
395	0.2711107	0.4274572
396	0.2789876	0.4427743
397	0.2867329	0.4575809
398	0.2941887	0.4717815
399	0.3011986	0.4852962
400	0.3077334	0.4982257
401	0.3137026	0.5105765
402	0.3189542	0.5222422
403	0.3234654	0.5332882
404	0.3272397	0.5437881
405	0.3302509	0.5537515
406	0.3323773	0.5630209
407	0.3337282	0.5717569
408	0.3343213	0.5799625
409	0.3341501	0.587587
410	0.3332095	0.5945481
411	0.3316094	0.6009476
412	0.3293969	0.6067662
413	0.3265961	0.6118941
414	0.3232964	0.6163274
415	0.3196441	0.6200963
416	0.3159561	0.6234483
417	0.3124009	0.6266412
418	0.3089199	0.6297607
419	0.3054976	0.6328216
420	0.3021317	0.6358261
421	0.2988288	0.6387675
422	0.2955671	0.6416662
423	0.292345	0.6445243
424	0.2891696	0.6473349
425	0.2860363	0.6501018
426	0.2829375	0.6528329
427	0.2798728	0.6555283
428	0.2768525	0.6581787
429	0.2738666	0.6607931
430	0.2709132	0.6633737
431	0.2679935	0.6659196
432	0.2651146	0.6684236
433	0.2622671	0.6708949
434	0.2594495	0.6733355
435	0.256666	0.6757408
436	0.2539181	0.6781096
437	0.2512013	0.6804465
438	0.2485155	0.6827515
439	0.2458663	0.6850193
440	0.2432499	0.6872537
441	0.2406644	0.6894564
442	0.2381106	0.6916273
443	0.2355898	0.6937642
444	0.2331	0.6958696
445	0.2306413	0.6979437
446	0.2282156	0.6999844
447	0.2258242	0.7019905
448	0.2234641	0.7039653
449	0.2211352	0.7059087
450	0.2188406	0.7078177
451	0.2165774	0.7096952
452	0.2143428	0.7115437
453	0.2121396	0.7133611
454	0.2099715	0.7151433
455	0.2078348	0.7168942
456	0.2057295	0.718614
457	0.2036565	0.7203016
458	0.2016174	0.7219555
459	0.1996076	0.7235804
460	0.1976269	0.7251761
461	0.1956794	0.7267388
462	0.1937645	0.7282695
463	0.191881	0.7297691
464	0.1900288	0.7312378
465	0.1882104	0.7326731
466	0.1864236	0.7340773
467	0.1846682	0.7354506
468	0.1829439	0.7367932
469	0.1812479	0.7381076
470	0.1795829	0.7393914
471	0.1779491	0.7406447
472	0.1763474	0.7418664
473	0.1747777	0.7430567
474	0.1732391	0.7442167
475	0.1717313	0.7453463
476	0.1702558	0.7464443
477	0.1688114	0.7475119
478	0.1673977	0.7485494
479	0.1660148	0.7495569
480	0.1646621	0.7505346
481	0.1633363	0.7514859
482	0.1620409	0.7524076
483	0.1607761	0.7532992
484	0.1595422	0.7541609
485	0.1583384	0.7549933
486	0.1571643	0.7557966
487	0.1560209	0.7565702
488	0.1549074	0.7573145
489	0.1538204	0.7580331
490	0.1527614	0.7587244
491	0.1517326	0.7593861
492	0.150733	0.7600199
493	0.1497621	0.7606257
494	0.1488203	0.7612032
495	0.1479077	0.7617527
496	0.1470236	0.7622744
497	0.1461677	0.7627691
498	0.1453392	0.7632372
499	0.1445357	0.7636809
500	0.1437601	0.7640979
501	0.143012	0.7644883
502	0.1422919	0.7648517
503	0.1415992	0.7651892
504	0.1409334	0.7655005
505	0.1402946	0.765786
506	0.139683	0.7660456
507	0.1390976	0.7662799
508	0.1385382	0.7664896
509	0.1380017	0.7666771
510	0.1374913	0.7668397
511	0.1370066	0.7669781
512	0.1365472	0.7670922
513	0.1361134	0.767182
514	0.1357048	0.7672481
515	0.1353209	0.7672907
516	0.1349615	0.7673101
517	0.1346253	0.7673076
518	0.1343113	0.7672839
519	0.1340213	0.7672378
520	0.133755	0.7671692
521	0.1335124	0.7670785
522	0.1332932	0.7669661
523	0.1330967	0.766832
524	0.1329234	0.7666765
525	0.1327726	0.7664999
526	0.1326441	0.7663026
527	0.1325376	0.7660848
528	0.1324518	0.7658478
529	0.1323862	0.7655919
530	0.1323421	0.7653164
531	0.1323189	0.7650212
532	0.1323169	0.7647068
533	0.1323356	0.7643733
534	0.1323745	0.764021
535	0.1324339	0.7636502
536	0.1325124	0.7632618
537	0.13261	0.7628559
538	0.1327269	0.7624325
539	0.1328628	0.7619917
540	0.1330176	0.7615339
541	0.1331909	0.7610593
542	0.1333823	0.7605681
543	0.133592	0.7600607
544	0.1338194	0.7595372
545	0.1340644	0.7589979
546	0.1343269	0.758443
547	0.1346065	0.7578728
548	0.134903	0.7572875
549	0.1352161	0.7566874
550	0.1355456	0.7560728
551	0.1358914	0.7554437
552	0.1362533	0.7548004
553	0.1366307	0.7541434
554	0.1370238	0.7534727
555	0.1374321	0.7527886
556	0.1378555	0.7520913
557	0.1382938	0.751381
558	0.1387466	0.7506581
559	0.1392139	0.7499226
560	0.1396954	0.7491748
561	0.1401908	0.748415
562	0.1407	0.7476433
563	0.1412226	0.7468601
564	0.1417586	0.7460655
565	0.1423077	0.7452597
566	0.1428697	0.744443
567	0.1434442	0.7436155
568	0.1440313	0.7427775
569	0.1446306	0.7419292
570	0.1452419	0.7410707
571	0.145865	0.7402025
572	0.1464997	0.7393246
573	0.1471459	0.738437
574	0.1478032	0.7375403
575	0.1484715	0.7366345
576	0.1491506	0.7357197
577	0.1498404	0.7347963
578	0.1505405	0.7338643
579	0.151251	0.7329239
580	0.1519714	0.7319755
581	0.1527018	0.731019
582	0.1534417	0.7300548
583	0.1541911	0.729083
584	0.1549499	0.7281036
585	0.1557177	0.7271172
586	0.1564944	0.7261237
587	0.15728	0.7251231
588	0.1580741	0.7241159
589	0.1588767	0.723102
590	0.1596874	0.7220817
591	0.1605063	0.7210553
592	0.161333	0.7200227
593	0.1621674	0.7189842
594	0.1630094	0.7179399
595	0.1638588	0.7168899
596	0.1647155	0.7158346
597	0.1655792	0.7147739
598	0.1664498	0.7137081
599	0.1673272	0.7126372
600	0.1682112	0.7115614
601	0.1691017	0.7104809
602	0.1699985	0.7093958
603	0.1709014	0.7083062
604	0.1718104	0.7072123
605	0.1727252	0.7061143
606	0.1736458	0.7050121
607	0.1745718	0.7039062
608	0.1755034	0.7027962
609	0.1764403	0.7016827
610	0.1773823	0.7005657
611	0.1783294	0.6994451
612	0.1792814	0.6983213
613	0.1802381	0.6971944
614	0.1811995	0.6960642
615	0.1821655	0.6949312
616	0.1831358	0.6937954
617	0.1841103	0.6926568
618	0.185089	0.6915156
619	0.1860718	0.6903718
620	0.1870584	0.6892258
621	0.1880488	0.6880775
622	0.1890429	0.6869267
623	0.1900406	0.6857741
624	0.1910418	0.6846194
625	0.1920463	0.6834627
626	0.193054	0.6823044
627	0.1940648	0.6811443
628	0.1950786	0.6799826
629	0.1960953	0.6788194
630	0.1971149	0.6776546
631	0.1981372	0.6764887
632	0.199162	0.6753214
633	0.2001894	0.674153
634	0.2012192	0.6729835
635	0.2022513	0.671813
636	0.2032857	0.6706416
637	0.2043222	0.6694693
638	0.2053608	0.6682961
639	0.2064013	0.6671225
640	0.2074436	0.6659481
641	0.2084879	0.6647731
642	0.2095337	0.6635979
643	0.2105811	0.6624221
644	0.2116301	0.661246
645	0.2126806	0.6600697
646	0.2137325	0.6588931
647	0.2147855	0.6577165
648	0.2158399	0.6565398
649	0.2168954	0.655363
650	0.217952	0.6541865
651	0.2190095	0.65301
652	0.220068	0.6518336
653	0.2211273	0.6506576
654	0.2221874	0.6494818
655	0.2232482	0.6483065
656	0.2243098	0.6471315
657	0.2253718	0.6459569
658	0.2264343	0.6447831
659	0.2274974	0.6436097
660	0.2285609	0.6424368
661	0.2296246	0.6412648
662	0.2306886	0.6400934
663	0.2317529	0.6389228
664	0.2328174	0.637753
665	0.2338819	0.6365841
666	0.2349464	0.6354162
667	0.2360109	0.6342492
668	0.2370754	0.6330831
669	0.2381397	0.6319182
670	0.2392039	0.6307543
671	0.2402679	0.6295915
672	0.2413316	0.6284299
673	0.2423949	0.6272695
674	0.2434579	0.6261103
675	0.2445205	0.6249525
676	0.2455826	0.6237959
677	0.2466442	0.6226408
678	0.2477053	0.6214869
679	0.2487658	0.6203345
680	0.2498256	0.6191836
681	0.2508847	0.6180342
682	0.2519432	0.6168862
683	0.2530008	0.6157398
684	0.2540577	0.614595
685	0.2551137	0.6134518
686	0.2561689	0.6123102
687	0.2572231	0.6111703
688	0.2582764	0.6100321
689	0.2593287	0.6088956
690	0.26038	0.6077608
691	0.2614301	0.6066279
692	0.2624793	0.6054967
693	0.2635273	0.6043672
694	0.2645742	0.6032398
695	0.2656198	0.6021141
696	0.2666643	0.6009903
697	0.2677075	0.5998684
698	0.2687495	0.5987484
699	0.2697901	0.5976305
700	0.2708294	0.5965144
701	0.2718673	0.5954004
702	0.2729039	0.5942884
703	0.273939	0.5931783
704	0.2749728	0.5920703
705	0.276005	0.5909645
706	0.2770358	0.5898606
707	0.2780651	0.5887589
708	0.2790928	0.5876593
709	0.280119	0.5865617
710	0.2811436	0.5854664
711	0.2821666	0.5843732
712	0.2831879	0.5832821
713	0.2842076	0.5821933
714	0.2852257	0.5811066
715	0.2862421	0.5800222
716	0.2872568	0.57894
717	0.2882697	0.57786
718	0.289281	0.5767822
719	0.2902905	0.5757067
720	0.2912982	0.5746335
721	0.2923041	0.5735625
722	0.2933082	0.5724938
723	0.2943105	0.5714275
724	0.295311	0.5703634
725	0.2963096	0.5693016
726	0.2973063	0.5682422
727	0.2983012	0.5671851
728	0.2992941	0.5661303
729	0.3002852	0.5650779
730	0.3012744	0.5640278
731	0.3022615	0.5629801
732	0.3032468	0.5619348
733	0.3042301	0.5608918
734	0.3052114	0.5598512
735	0.3061907	0.558813
736	0.3071681	0.5577771
737	0.3081435	0.5567437
738	0.3091168	0.5557126
739	0.3100881	0.554684
740	0.3110574	0.5536578
741	0.3120247	0.552634
742	0.3129899	0.5516126
743	0.313953	0.5505936
744	0.3149141	0.549577
745	0.3158732	0.5485629
746	0.31683	0.5475512
747	0.3177849	0.5465419
748	0.3187377	0.5455351
749	0.3196883	0.5445307
750	0.3206274	0.5435362
751	0.3215488	0.5425567
752	0.3224685	0.5415793
753	0.3233863	0.540604
754	0.3243023	0.539631
755	0.3252165	0.5386601
756	0.3261289	0.5376914
757	0.3270394	0.5367248
758	0.3279481	0.5357605
759	0.328855	0.5347983
760	0.3297599	0.5338383
761	0.330663	0.5328805
762	0.3315643	0.5319249
763	0.3324637	0.5309714
764	0.3333613	0.5300202
765	0.3342569	0.5290711
766	0.3351507	0.5281242
767	0.3360426	0.5271796
768	0.3369326	0.526237
769	0.3378207	0.5252967
770	0.338707	0.5243586
771	0.3395913	0.5234226
772	0.3404737	0.5224889
773	0.3413542	0.5215573
774	0.3422328	0.5206279
775	0.3431095	0.5197007
776	0.3439843	0.5187757
777	0.3448572	0.5178528
778	0.3457282	0.5169322
779	0.3465972	0.5160137
780	0.3474643	0.5150974
781	0.3483295	0.5141833
782	0.3491928	0.5132714
783	0.3500541	0.5123616
784	0.3509136	0.511454
785	0.351771	0.5105486
786	0.3526266	0.5096453
787	0.3534802	0.5087443
788	0.3543319	0.5078453
789	0.3551816	0.5069486
790	0.3560294	0.506054
791	0.3568753	0.5051616
792	0.3577193	0.5042713
793	0.3585613	0.5033832
794	0.3594013	0.5024972
795	0.3602395	0.5016134
796	0.3610757	0.5007317
797	0.3619099	0.4998522
798	0.3627422	0.4989749
799	0.3635726	0.4980996
800	0.3643983	0.4972269
801	0.3652093	0.4963581
802	0.3660189	0.4954914
803	0.3668268	0.4946268
804	0.3676332	0.4937642
805	0.3684381	0.4929038
806	0.3692414	0.4920455
807	0.3700431	0.4911892
808	0.3708433	0.490335
809	0.371642	0.489483
810	0.372439	0.4886329
811	0.3732345	0.487785
812	0.3740285	0.4869391
813	0.3748209	0.4860953
814	0.3756117	0.4852535
815	0.376401	0.4844138
816	0.3771888	0.4835761
817	0.3779749	0.4827405
818	0.3787596	0.4819069
819	0.3795426	0.4810754
820	0.3803241	0.480246
821	0.3811041	0.4794185
822	0.3818825	0.4785931
823	0.3826593	0.4777696
824	0.3834346	0.4769482
825	0.3842084	0.4761289
826	0.3849805	0.4753115
827	0.3857511	0.4744962
828	0.3865202	0.4736828
829	0.3872878	0.4728715
830	0.3880537	0.4720621
831	0.3888182	0.4712547
832	0.3895811	0.4704493
833	0.3903424	0.469646
834	0.3911022	0.4688445
835	0.3918605	0.4680451
836	0.3926172	0.4672476
837	0.3933724	0.4664521
838	0.394126	0.4656585
839	0.3948781	0.4648669
840	0.3956287	0.4640772
841	0.3963777	0.4632895
842	0.3971252	0.4625038
843	0.3978711	0.4617199
844	0.3986156	0.460938
845	0.3993585	0.460158
846	0.4000999	0.45938
847	0.4008397	0.4586039
848	0.4015781	0.4578296
849	0.4023149	0.4570573
850	0.4030502	0.4562869
851	0.4037839	0.4555184
852	0.4045162	0.4547518
853	0.405247	0.4539871
854	0.4059762	0.4532242
855	0.4067039	0.4524633
856	0.4074302	0.4517042
857	0.4081549	0.450947
858	0.4088781	0.4501916
859	0.4095998	0.4494381
860	0.41032	0.4486865
861	0.4110387	0.4479367
862	0.411756	0.4471888
863	0.4124717	0.4464427
864	0.413186	0.4456984
865	0.4138987	0.444956
866	0.41461	0.4442154
867	0.4153198	0.4434767
868	0.4160281	0.4427397
869	0.4167349	0.4420046
870	0.4174403	0.4412713
871	0.4181442	0.4405397
872	0.4188466	0.43981
873	0.4195475	0.4390821
874	0.420247	0.4383559
875	0.4209451	0.4376316
876	0.4216416	0.436909
877	0.4223368	0.4361882
878	0.4230304	0.4354692
879	0.4237226	0.4347519
880	0.4244133	0.4340364
881	0.4251026	0.4333226
882	0.4257904	0.4326106
883	0.4264767	0.4319003
884	0.4271617	0.4311917
885	0.4278452	0.4304849
886	0.4285273	0.4297797
887	0.429208	0.4290763
888	0.4298873	0.4283746
889	0.4305651	0.4276745
890	0.4312415	0.4269762
891	0.4319166	0.4262796
892	0.4325902	0.4255846
893	0.4332625	0.4248913
894	0.4339333	0.4241997
895	0.4346027	0.4235098
896	0.4352708	0.4228215
897	0.4359374	0.4221349
898	0.4366027	0.4214499
899	0.4372666	0.4207666
900	0.4379291	0.4200849
901	0.4385902	0.4194049
902	0.43925	0.4187265
903	0.4399083	0.4180498
904	0.4405653	0.4173747
905	0.441221	0.4167012
906	0.4418752	0.4160293
907	0.4425281	0.4153591
908	0.4431797	0.4146904
909	0.4438299	0.4140234
910	0.4444787	0.4133579
911	0.4451276	0.4126803
912	0.4457751	0.4120043
913	0.4464213	0.41133
914	0.447066	0.4106574
915	0.4477094	0.4099865
916	0.4483513	0.4093172
917	0.4489919	0.4086496
918	0.4496312	0.4079836
919	0.450269	0.4073192
920	0.4509055	0.4066565
921	0.4515142	0.4060134
922	0.4521216	0.4053717
923	0.4527277	0.4047317
924	0.4533326	0.4040931
925	0.4539362	0.4034561
926	0.4545385	0.4028207
927	0.4551395	0.4021868
928	0.4557394	0.4015543
929	0.456338	0.4009234
930	0.4569353	0.400294
931	0.4575271	0.3996686
932	0.4581176	0.3990447
933	0.458707	0.3984223
934	0.4592951	0.3978013
935	0.4598819	0.3971819
936	0.4604676	0.3965639
937	0.461052	0.3959474
938	0.4616353	0.3953324
939	0.4622173	0.3947188
940	0.4627982	0.3941067
941	0.4633779	0.3935072
942	0.4639564	0.3929091
943	0.4645337	0.3923124
944	0.4651099	0.3917172
945	0.4656848	0.3911233
946	0.4662586	0.3905307
947	0.4668313	0.3899396
948	0.4674027	0.3893498
949	0.467973	0.3887615
950	0.4685422	0.3881744
951	0.4690968	0.3875652
952	0.4696503	0.3869575
953	0.4702027	0.3863512
954	0.4707539	0.3857465
955	0.471304	0.3851431
956	0.4718528	0.3845413
957	0.4724006	0.3839409
958	0.4729472	0.3833419
959	0.4734927	0.3827444
960	0.4740371	0.3821484
961	0.474603	0.3815737
962	0.4751678	0.3810005
963	0.4757314	0.3804285
964	0.4762939	0.3798578
965	0.4768552	0.3792885
966	0.4774155	0.3787204
967	0.4779746	0.3781537
968	0.4785325	0.3775882
969	0.4790894	0.377024
970	0.4796451	0.3764612
971	0.4792243	0.3768859
972	0.4788039	0.3773105
973	0.4783836	0.3777349
974	0.4779637	0.3781591
975	0.4775439	0.3785831
976	0.4771245	0.3790069
977	0.4767053	0.3794305
978	0.4762864	0.379854
979	0.4758677	0.3802772
980	0.4754494	0.3807002
981	0.4750312	0.3811231
982	0.4746134	0.3815457
983	0.4741959	0.3819682
984	0.4737785	0.3823905
985	0.4733615	0.3828125
986	0.4729448	0.3832344
987	0.4725283	0.3836561
988	0.4721121	0.3840776
989	0.4716961	0.3844988
990	0.4712805	0.3849199
991	0.4708652	0.3853408
992	0.4704501	0.3857614
993	0.4700353	0.3861819
994	0.469623	0.3866005
995	0.4692149	0.387016
996	0.4688072	0.3874314
997	0.4683997	0.3878465
998	0.4679924	0.3882615
999	0.4675853	0.3886763
aoi	10	
380	0.1946641	0.2010239
381	0.1962594	0.2118855
382	0.198214	0.2235955
383	0.2005851	0.2361569
384	0.2034311	0.2495757
385	0.2067968	0.2637673
386	0.2107267	0.2786725
387	0.2152492	0.294207
388	0.2203685	0.3102528
389	0.2260793	0.3266989
390	0.2323558	0.3434223
391	0.2391234	0.3602297
392	0.2463133	0.3770073
393	0.2538478	0.3936534
394	0.261615	0.4100562
395	0.2694193	0.4259835
396	0.2771986	0.4414838
397	0.2848315	0.4565019
398	0.2921613	0.470941
399	0.2990325	0.484719
400	0.3054194	0.4979343
401	0.3112338	0.5105902
402	0.3163234	0.5225754
403	0.3206675	0.5339518
404	0.3242712	0.5447893
405	0.3271091	0.5550937
406	0.3290581	0.5647001
407	0.3302299	0.573768
408	0.3306419	0.5822971
409	0.3302885	0.5902316
410	0.3291647	0.5974838
411	0.3273819	0.6041554
412	0.3249878	0.6102245
413	0.3220075	0.6155765
414	0.3185318	0.6202059
415	0.3147101	0.6241427
416	0.3108651	0.6276413
417	0.3071665	0.6309673
418	0.3035522	0.6342107
419	0.3000061	0.6373868
420	0.2965252	0.6404983
421	0.2931159	0.6435388
422	0.2897555	0.6465296
423	0.2864416	0.6494732
424	0.2831815	0.6523629
425	0.2799692	0.6552034
426	0.2767976	0.6580025
427	0.2736661	0.6607605
428	0.2705847	0.663468
429	0.2675433	0.6661345
430	0.2645395	0.6687623
431	0.2615746	0.6713506
432	0.2586556	0.6738925
433	0.2557726	0.6763972
434	0.2529237	0.6788673
435	0.250113	0.6812984
436	0.2473423	0.6836888
437	0.2446069	0.6860435
438	0.2419067	0.6883625
439	0.2392471	0.6906406
440	0.236624	0.6928818
441	0.2340358	0.6950878
442	0.2314827	0.6972585
443	0.2289657	0.6993926
444	0.2264831	0.701492
445	0.2240349	0.7035571
446	0.2216231	0.7055857
447	0.2192488	0.7075767
448	0.2169089	0.7095337
449	0.2146031	0.7114564
450	0.2123347	0.713342
451	0.2101002	0.7151938
452	0.2078969	0.7170143
453	0.2057276	0.7188011
454	0.2035961	0.7205504
455	0.2014985	0.7222662
456	0.1994348	0.7239485
457	0.1974059	0.7255964
458	0.1954132	0.7272085
459	0.1934517	0.7287897
460	0.1915214	0.73034
461	0.1896265	0.7318554
462	0.1877662	0.7333368
463	0.1859393	0.7347854
464	0.1841457	0.7362012
465	0.1823877	0.737582
466	0.1806632	0.7389301
467	0.1789718	0.7402458
468	0.1773132	0.7415292
469	0.1756841	0.7427833
470	0.1740876	0.7440054
471	0.1725239	0.7451957
472	0.1709937	0.746353
473	0.1694969	0.7474778
474	0.1680325	0.7485709
475	0.1666002	0.7496326
476	0.1652015	0.7506617
477	0.1638351	0.7516592
478	0.1625006	0.7526257
479	0.1611979	0.7535612
480	0.1599263	0.7544662
481	0.1586824	0.755344
482	0.1574699	0.7561914
483	0.1562889	0.757008
484	0.1551396	0.7577939
485	0.1540212	0.7585499
486	0.1529333	0.7592761
487	0.1518767	0.7599721
488	0.1508507	0.7606383
489	0.1498516	0.7612784
490	0.1488811	0.7618906
491	0.1479414	0.762473
492	0.1470312	0.763027
493	0.1461503	0.7635526
494	0.1452988	0.7640497
495	0.1444769	0.7645185
496	0.1436838	0.7649593
497	0.1429192	0.7653728
498	0.1421821	0.7657597
499	0.1414703	0.766122
500	0.1407865	0.7664576
501	0.1401303	0.7667665
502	0.1395023	0.7670483
503	0.1389016	0.7673043
504	0.1383279	0.767534
505	0.1377812	0.7677381
506	0.1372616	0.7679164
507	0.1367683	0.7680695
508	0.1363008	0.7681981
509	0.135856	0.7683047
510	0.1354372	0.7683866
511	0.1350439	0.7684445
512	0.1346756	0.7684783
513	0.1343328	0.7684881
514	0.1340149	0.7684746
515	0.1337213	0.7684378
516	0.1334519	0.7683782
517	0.1332054	0.7682971
518	0.1329808	0.7681951
519	0.1327798	0.7680711
520	0.1326021	0.7679251
521	0.1324476	0.7677574
522	0.132316	0.7675684
523	0.1322067	0.7673582
524	0.13212	0.7671271
525	0.1320554	0.7668756
526	0.1320125	0.7666037
527	0.131991	0.766312
528	0.1319897	0.7660015
529	0.1320081	0.7656728
530	0.1320473	0.7653249
531	0.1321069	0.764958
532	0.132187	0.7645724
533	0.1322872	0.7641685
534	0.1324069	0.7637464
535	0.1325463	0.7633064
536	0.1327043	0.7628495
537	0.1328807	0.7623757
538	0.1330756	0.761885
539	0.1332888	0.7613777
540	0.1335203	0.760854
541	0.1337695	0.7603142
542	0.1340361	0.7597586
543	0.1343202	0.7591874
544	0.1346213	0.7586009
545	0.1349392	0.7579993
546	0.1352738	0.7573827
547	0.1356246	0.7567517
548	0.1359917	0.7561063
549	0.1363746	0.7554468
550	0.136773	0.7547735
551	0.137187	0.7540865
552	0.1376162	0.7533861
553	0.1380602	0.7526727
554	0.138519	0.7519463
555	0.1389922	0.7512073
556	0.1394796	0.7504559
557	0.1399812	0.7496922
558	0.1404965	0.7489167
559	0.1410254	0.7481293
560	0.1415677	0.7473305
561	0.142123	0.7465204
562	0.1426914	0.7456991
563	0.1432723	0.7448671
564	0.1438657	0.7440245
565	0.1444714	0.7431714
566	0.1450892	0.7423082
567	0.1457187	0.741435
568	0.1463599	0.7405519
569	0.1470125	0.7396594
570	0.1476764	0.7387575
571	0.1483511	0.7378465
572	0.1490366	0.7369265
573	0.1497328	0.7359977
574	0.1504393	0.7350605
575	0.151156	0.7341149
576	0.1518828	0.7331611
577	0.1526192	0.7321994
578	0.1533654	0.7312298
579	0.154121	0.7302526
580	0.1548858	0.729268
581	0.1556597	0.7282761
582	0.1564424	0.7272771
583	0.1572338	0.7262713
584	0.1580338	0.7252586
585	0.158842	0.7242396
586	0.1596584	0.7232141
587	0.1604829	0.7221823
588	0.1613151	0.7211445
589	0.162155	0.7201007
590	0.1630024	0.7190512
591	0.1638571	0.7179962
592	0.164719	0.7169357
593	0.1655878	0.71587
594	0.1664634	0.7147991
595	0.1673458	0.7137232
596	0.1682347	0.7126425
597	0.1691299	0.7115571
598	0.1700313	0.7104672
599	0.1709388	0.7093729
600	0.1718522	0.7082742
601	0.1727714	0.7071715
602	0.1736962	0.7060648
603	0.1746266	0.7049541
604	0.1755622	0.7038398
605	0.1765031	0.7027218
606	0.177449	0.7016004
607	0.1783998	0.7004757
608	0.1793554	0.6993476
609	0.1803158	0.6982165
610	0.1812806	0.6970824
611	0.1822499	0.6959452
612	0.1832234	0.6948055
613	0.1842012	0.6936631
614	0.1851829	0.692518
615	0.1861686	0.6913706
616	0.1871581	0.6902208
617	0.1881513	0.6890688
618	0.189148	0.6879148
619	0.1901482	0.6867585
620	0.1911517	0.6856006
621	0.1921584	0.6844408
622	0.1931683	0.6832791
623	0.1941813	0.6821159
624	0.1951971	0.6809512
625	0.1962158	0.6797849
626	0.1972371	0.6786174
627	0.1982611	0.6774486
628	0.1992875	0.6762786
629	0.2003163	0.6751076
630	0.2013476	0.6739354
631	0.202381	0.6727624
632	0.2034165	0.6715886
633	0.204454	0.6704139
634	0.2054935	0.6692387
635	0.2065349	0.6680628
636	0.207578	0.6668863
637	0.2086229	0.6657094
638	0.2096694	0.664532
639	0.2107173	0.6633544
640	0.2117667	0.6621766
641	0.2128175	0.6609984
642	0.2138694	0.6598204
643	0.2149226	0.6586421
644	0.215977	0.6574639
645	0.2170324	0.6562858
646	0.2180888	0.6551078
647	0.2191461	0.65393
648	0.2202042	0.6527525
649	0.2212631	0.6515752
650	0.2223227	0.6503985
651	0.2233829	0.6492221
652	0.2244437	0.6480462
653	0.225505	0.6468709
654	0.2265667	0.6456961
655	0.2276287	0.644522
656	0.2286912	0.6433486
657	0.2297538	0.6421759
658	0.2308166	0.6410041
659	0.2318796	0.639833
660	0.2329426	0.6386628
661	0.2340057	0.6374937
662	0.2350687	0.6363254
663	0.2361317	0.6351582
664	0.2371945	0.633992
665	0.2382571	0.632827
666	0.2393195	0.6316631
667	0.2403816	0.6305004
668	0.2414433	0.6293389
669	0.2425046	0.6281787
670	0.2435656	0.6270198
671	0.244626	0.6258621
672	0.2456859	0.624706
673	0.2467452	0.6235512
674	0.2478039	0.6223978
675	0.248862	0.6212459
676	0.2499193	0.6200955
677	0.2509759	0.6189467
678	0.2520318	0.6177994
679	0.2530868	0.6166536
680	0.2541409	0.6155097
681	0.2551941	0.6143672
682	0.2562465	0.6132265
683	0.2572978	0.6120875
684	0.2583481	0.6109502
685	0.2593974	0.6098147
686	0.2604457	0.608681
687	0.2614928	0.6075491
688	0.2625388	0.606419
689	0.2635836	0.6052908
690	0.2646272	0.6041645
691	0.2656695	0.6030401
692	0.2667106	0.6019176
693	0.2677505	0.600797
694	0.268789	0.5996785
695	0.2698261	0.5985619
696	0.2708619	0.5974473
697	0.2718963	0.5963348
698	0.2729292	0.5952242
699	0.2739607	0.5941158
700	0.2749908	0.5930094
701	0.2760193	0.5919052
702	0.2770463	0.590803
703	0.2780717	0.589703
704	0.2790956	0.5886051
705	0.2801179	0.5875094
706	0.2811385	0.5864158
707	0.2821576	0.5853244
708	0.283175	0.5842352
709	0.2841907	0.5831482
710	0.2852047	0.5820635
711	0.286217	0.5809809
712	0.2872276	0.5799007
713	0.2882364	0.5788227
714	0.2892435	0.5777469
715	0.2902488	0.5766735
716	0.2912522	0.5756023
717	0.2922539	0.5745334
718	0.2932537	0.5734669
719	0.2942518	0.5724026
720	0.2952479	0.5713407
721	0.2962421	0.5702811
722	0.2972345	0.5692238
723	0.298225	0.568169
724	0.2992135	0.5671165
725	0.3002001	0.5660662
726	0.3011848	0.5650184
727	0.3021675	0.563973
728	0.3031482	0.56293
729	0.304127	0.5618893
730	0.3051039	0.5608511
731	0.3060786	0.5598152
732	0.3070514	0.5587818
733	0.3080222	0.5577507
734	0.3089909	0.5567221
735	0.3099576	0.5556959
736	0.3109223	0.554672
737	0.3118849	0.5536507
738	0.3128455	0.5526317
739	0.3138039	0.5516152
740	0.3147603	0.5506011
741	0.3157147	0.5495894
742	0.3166669	0.5485803
743	0.317617	0.5475735
744	0.318565	0.5465691
745	0.3195109	0.5455673
746	0.3204547	0.5445678
747	0.3213963	0.5435708
748	0.3223359	0.5425763
749	0.3232733	0.5415842
750	0.3241991	0.5406021
751	0.3251074	0.5396348
752	0.3260138	0.5386696
753	0.3269183	0.5377067
754	0.3278211	0.5367459
755	0.328722	0.5357873
756	0.329621	0.5348309
757	0.3305182	0.5338766
758	0.3314135	0.5329245
759	0.332307	0.5319747
760	0.3331986	0.531027
761	0.3340883	0.5300814
762	0.3349762	0.5291381
763	0.3358622	0.5281969
764	0.3367463	0.527258
765	0.3376285	0.5263212
766	0.3385089	0.5253865
767	0.3393873	0.5244541
768	0.3402639	0.5235239
769	0.3411385	0.5225958
770	0.3420113	0.5216699
771	0.3428821	0.5207462
772	0.3437511	0.5198246
773	0.3446182	0.5189053
774	0.3454833	0.517988
775	0.3463465	0.517073
776	0.3472079	0.5161602
777	0.3480673	0.5152495
778	0.3489248	0.514341
779	0.3497804	0.5134346
780	0.350634	0.5125304
781	0.3514858	0.5116284
782	0.3523356	0.5107285
783	0.3531835	0.5098308
784	0.3540295	0.5089353
785	0.3548736	0.5080419
786	0.3557158	0.5071506
787	0.356556	0.5062615
788	0.3573943	0.5053746
789	0.3582307	0.5044898
790	0.3590651	0.5036071
791	0.3598977	0.5027266
792	0.3607283	0.5018482
793	0.361557	0.5009719
794	0.3623837	0.5000978
795	0.3632086	0.4992258
796	0.3640315	0.4983559
797	0.3648525	0.4974882
798	0.3656716	0.4966225
799	0.3664888	0.495759
800	0.3673012	0.494898
801	0.3680991	0.4940409
802	0.3688955	0.4931858
803	0.3696903	0.4923329
804	0.3704836	0.491482
805	0.3712753	0.4906331
806	0.3720656	0.4897863
807	0.3728543	0.4889416
808	0.3736414	0.4880989
809	0.3744271	0.4872583
810	0.3752111	0.4864197
811	0.3759937	0.4855832
812	0.3767747	0.4847486
813	0.3775542	0.4839162
814	0.3783322	0.4830857
815	0.3791086	0.4822573
816	0.3798835	0.4814309
817	0.3806569	0.4806065
818	0.3814287	0.4797841
819	0.382199	0.4789637
820	0.3829678	0.4781454
821	0.383735	0.477329
822	0.3845008	0.4765147
823	0.385265	0.4757023
824	0.3860276	0.4748919
825	0.3867888	0.4740834
826	0.3875484	0.473277
827	0.3883065	0.4724726
828	0.3890631	0.4716701
829	0.3898181	0.4708695
830	0.3905717	0.470071
831	0.3913237	0.4692744
832	0.3920742	0.4684797
833	0.3928232	0.467687
834	0.3935707	0.4668962
835	0.3943166	0.4661074
836	0.3950611	0.4653205
837	0.395804	0.4645355
838	0.3965455	0.4637524
839	0.3972854	0.4629713
840	0.3980238	0.4621921
841	0.3987608	0.4614148
842	0.3994962	0.4606394
843	0.4002301	0.4598659
844	0.4009625	0.4590943
845	0.4016935	0.4583246
846	0.4024229	0.4575568
847	0.4031509	0.4567908
848	0.4038773	0.4560267
849	0.4046023	0.4552646
850	0.4053258	0.4545042
851	0.4060478	0.4537458
852	0.4067683	0.4529892
853	0.4074874	0.4522344
854	0.4082049	0.4514815
855	0.408921	0.4507305
856	0.4096357	0.4499812
857	0.4103488	0.4492339
858	0.4110605	0.4484883
859	0.4117707	0.4477446
860	0.4124795	0.4470026
861	0.4131868	0.4462626
862	0.4138926	0.4455243
863	0.414597	0.4447878
864	0.4152999	0.4440531
865	0.4160014	0.4433202
866	0.4167014	0.4425892
867	0.4174	0.4418599
868	0.4180971	0.4411323
869	0.4187928	0.4404066
870	0.4194871	0.4396826
871	0.4201799	0.4389604
872	0.4208713	0.43824
873	0.4215613	0.4375213
874	0.4222498	0.4368044
875	0.4229369	0.4360892
876	0.4236226	0.4353758
877	0.4243068	0.434664
878	0.4249897	0.4339541
879	0.4256711	0.4332459
880	0.4263511	0.4325393
881	0.4270296	0.4318345
882	0.4277068	0.4311314
883	0.4283825	0.43043
884	0.4290568	0.4297303
885	0.4297298	0.4290322
886	0.4304014	0.4283359
887	0.4310716	0.4276412
888	0.4317404	0.4269482
889	0.4324078	0.4262568
890	0.4330739	0.4255671
891	0.4337386	0.424879
892	0.4344019	0.4241926
893	0.4350639	0.4235079
894	0.4357245	0.4228247
895	0.4363837	0.4221433
896	0.4370416	0.4214634
897	0.4376981	0.4207852
898	0.4383533	0.4201086
899	0.4390072	0.4194336
900	0.4396597	0.4187602
901	0.4403108	0.4180884
902	0.4409606	0.4174182
903	0.4416091	0.4167496
904	0.4422562	0.4160826
905	0.442902	0.4154172
906	0.4435465	0.4147534
907	0.4441896	0.4140912
908	0.4448315	0.4134306
909	0.445472	0.4127715
910	0.4461112	0.4121139
911	0.4467502	0.4114444
912	0.4473879	0.4107766
913	0.4480242	0.4101103
914	0.4486592	0.4094457
915	0.4492929	0.4087827
916	0.4499251	0.4081214
917	0.4505561	0.4074617
918	0.4511857	0.4068035
919	0.451814	0.4061471
920	0.452441	0.4054922
921	0.4530405	0.4048565
922	0.4536387	0.4042224
923	0.4542357	0.4035897
924	0.4548316	0.4029586
925	0.4554261	0.402329
926	0.4560194	0.4017009
927	0.4566116	0.4010743
928	0.4572025	0.4004491
929	0.4577922	0.3998255
930	0.4583807	0.3992033
931	0.4589636	0.3985851
932	0.4595454	0.3979683
933	0.4601261	0.397353
934	0.4607055	0.3967391
935	0.4612837	0.3961267
936	0.4618607	0.3955157
937	0.4624366	0.3949062
938	0.4630113	0.3942981
939	0.4635848	0.3936914
940	0.4641571	0.3930862
941	0.4647285	0.3924935
942	0.4652986	0.3919022
943	0.4658676	0.3913122
944	0.4664354	0.3907236
945	0.4670021	0.3901364
946	0.4675676	0.3895505
947	0.4681321	0.388966
948	0.4686953	0.3883828
949	0.4692575	0.3878009
950	0.4698185	0.3872204
951	0.4703651	0.3866178
952	0.4709105	0.3860166
953	0.4714548	0.3854169
954	0.471998	0.3848186
955	0.47254	0.3842217
956	0.473081	0.3836263
957	0.4736208	0.3830323
958	0.4741595	0.3824398
959	0.4746972	0.3818486
960	0.4752337	0.3812588
961	0.4757919	0.3806904
962	0.4763489	0.3801232
963	0.4769048	0.3795574
964	0.4774597	0.3789928
965	0.4780134	0.3784295
966	0.478566	0.3778675
967	0.4791175	0.3773067
968	0.479668	0.3767472
969	0.4802173	0.376189
970	0.4807656	0.375632
971	0.4803409	0.3760594
972	0.4799166	0.3764865
973	0.4794926	0.3769134
974	0.4790688	0.3773401
975	0.4786452	0.3777667
976	0.478222	0.378193
977	0.477799	0.3786191
978	0.4773763	0.3790451
979	0.4769539	0.3794708
980	0.4765319	0.3798963
981	0.47611	0.3803217
982	0.4756885	0.3807468
983	0.4752672	0.3811717
984	0.4748462	0.3815964
985	0.4744255	0.382021
986	0.4740051	0.3824453
987	0.473585	0.3828694
988	0.4731652	0.3832933
989	0.4727456	0.383717
990	0.4723264	0.3841404
991	0.4719074	0.3845637
992	0.4714887	0.3849868
993	0.4710704	0.3854096
994	0.4706545	0.3858306
995	0.4702429	0.3862485
996	0.4698316	0.3866663
997	0.4694206	0.3870838
998	0.4690098	0.3875011
999	0.4685992	0.3879183
aoi	15	
380	0.1907279	0.1978895
381	0.1924716	0.2087142
382	0.1945749	0.2203867
383	0.1970917	0.2329116
384	0.2000745	0.2462972
385	0.2035669	0.2604622
386	0.2076092	0.2753507
387	0.2122241	0.2908825
388	0.2174112	0.3069444
389	0.2231644	0.32343
390	0.2294555	0.3402214
391	0.2362037	0.3571309
392	0.2433418	0.3740491
393	0.2507932	0.3908778
394	0.2584481	0.4075084
395	0.2661075	0.4237107
396	0.2737179	0.439533
397	0.281161	0.4549192
398	0.2882819	0.4697699
399	0.2949269	0.4839985
400	0.3010757	0.4977
401	0.3066436	0.5108717
402	0.3114779	0.5233941
403	0.3155609	0.5353225
404	0.3189003	0.5467215
405	0.3214715	0.55759
406	0.3231494	0.5677507
407	0.3240485	0.5773615
408	0.324186	0.5864167
409	0.3235573	0.5948519
410	0.3221574	0.6025708
411	0.3201	0.6096751
412	0.3174338	0.6161387
413	0.3141849	0.6218392
414	0.3104465	0.6267691
415	0.3063723	0.6309589
416	0.3022945	0.6346747
417	0.2983856	0.6381963
418	0.294577	0.6416205
419	0.2908522	0.644963
420	0.2872071	0.6482276
421	0.2836477	0.6514082
422	0.2801494	0.6545279
423	0.2767093	0.6575896
424	0.2733342	0.6605869
425	0.2700165	0.6635263
426	0.2667494	0.666415
427	0.263532	0.6692538
428	0.2603741	0.6720333
429	0.2572652	0.6747635
430	0.2542023	0.6774473
431	0.2511865	0.680084
432	0.2482246	0.6826667
433	0.2453065	0.6852053
434	0.2424288	0.6877033
435	0.2395962	0.6901559
436	0.2368106	0.6925614
437	0.2340669	0.694925
438	0.2313649	0.697247
439	0.2287098	0.6995222
440	0.2260975	0.7017549
441	0.2235257	0.7039469
442	0.220995	0.7060984
443	0.2185048	0.708209
444	0.2160544	0.71028
445	0.2136438	0.7123117
446	0.2112746	0.7143024
447	0.2089479	0.716251
448	0.2066602	0.7181611
449	0.2044114	0.7200328
450	0.2022045	0.7218632
451	0.2000356	0.723656
452	0.1979015	0.7254142
453	0.1958056	0.7271349
454	0.1937515	0.7288145
455	0.1917351	0.7304571
456	0.1897564	0.7320628
457	0.187816	0.7336309
458	0.1859153	0.7351601
459	0.1840489	0.7366555
460	0.1822166	0.7381174
461	0.1804228	0.7395416
462	0.1786667	0.740929
463	0.1769469	0.742281
464	0.1752633	0.7435977
465	0.173618	0.7448771
466	0.1720087	0.7461213
467	0.1704351	0.7473309
468	0.1688966	0.7485062
469	0.1673893	0.7496505
470	0.1659171	0.7507609
471	0.1644796	0.7518376
472	0.1630777	0.7528795
473	0.1617112	0.7538871
474	0.1603789	0.7548616
475	0.1590806	0.755803
476	0.1578174	0.7567104
477	0.1565881	0.7575849
478	0.1553922	0.7584271
479	0.1542295	0.759237
480	0.1530991	0.7600155
481	0.1519976	0.7607659
482	0.1509285	0.7614848
483	0.1498921	0.762172
484	0.1488884	0.7628278
485	0.1479165	0.7634528
486	0.1469761	0.7640473
487	0.1460677	0.764611
488	0.1451906	0.7651444
489	0.1443411	0.7656511
490	0.1435207	0.7661295
491	0.1427315	0.7665777
492	0.1419724	0.7669973
493	0.1412431	0.7673881
494	0.1405434	0.7677503
495	0.1398736	0.768084
496	0.1392327	0.7683896
497	0.1386206	0.7686678
498	0.138036	0.7689195
499	0.1374768	0.7691466
500	0.1369455	0.7693471
501	0.1364419	0.769521
502	0.1359662	0.7696682
503	0.1355177	0.7697896
504	0.1350961	0.7698852
505	0.134701	0.7699554
506	0.1343328	0.7700003
507	0.1339904	0.7700204
508	0.1336735	0.7700164
509	0.1333789	0.7699908
510	0.1331098	0.7699412
511	0.1328657	0.769868
512	0.132646	0.7697714
513	0.1324512	0.7696515
514	0.1322805	0.769509
515	0.1321335	0.7693438
516	0.13201	0.7691567
517	0.1319086	0.7689487
518	0.1318284	0.7687205
519	0.131771	0.7684712
520	0.131736	0.7682007
521	0.1317234	0.7679094
522	0.1317327	0.7675978
523	0.1317634	0.767266
524	0.1318156	0.7669142
525	0.1318889	0.7665429
526	0.1319829	0.7661524
527	0.1320972	0.765743
528	0.1322307	0.7653159
529	0.1323829	0.7648714
530	0.1325548	0.7644089
531	0.132746	0.7639285
532	0.1329564	0.7634305
533	0.1331857	0.7629153
534	0.1334334	0.7623831
535	0.1336995	0.7618343
536	0.133983	0.7612696
537	0.1342838	0.7606891
538	0.1346018	0.760093
539	0.1349369	0.7594814
540	0.1352888	0.7588547
541	0.1356573	0.758213
542	0.1360419	0.7575568
543	0.1364426	0.7568862
544	0.1368591	0.7562015
545	0.137291	0.755503
546	0.1377383	0.7547908
547	0.1382005	0.7540654
548	0.1386775	0.7533268
549	0.1391691	0.7525754
550	0.1396748	0.7518115
551	0.1401947	0.7510352
552	0.1407284	0.7502467
553	0.1412755	0.7494465
554	0.1418361	0.7486346
555	0.1424098	0.7478114
556	0.1429962	0.746977
557	0.1435954	0.7461316
558	0.144207	0.7452756
559	0.1448308	0.7444092
560	0.1454665	0.7435324
561	0.1461139	0.7426457
562	0.146773	0.7417492
563	0.1474433	0.7408431
564	0.1481246	0.7399277
565	0.148817	0.739003
566	0.14952	0.7380695
567	0.1502333	0.7371272
568	0.150957	0.7361763
569	0.1516908	0.7352172
570	0.1524344	0.73425
571	0.1531875	0.7332748
572	0.1539501	0.732292
573	0.154722	0.7313016
574	0.1555029	0.7303039
575	0.1562927	0.729299
576	0.1570912	0.7282871
577	0.1578981	0.7272685
578	0.1587133	0.7262432
579	0.1595367	0.7252114
580	0.1603681	0.7241735
581	0.1612072	0.7231293
582	0.1620539	0.7220793
583	0.162908	0.7210236
584	0.1637694	0.7199621
585	0.1646378	0.7188953
586	0.1655131	0.7178232
587	0.1663952	0.716746
588	0.167284	0.7156638
589	0.1681791	0.7145767
590	0.1690806	0.713485
591	0.1699881	0.7123888
592	0.1709016	0.7112882
593	0.1718209	0.7101834
594	0.1727459	0.7090745
595	0.1736764	0.7079615
596	0.1746122	0.7068449
597	0.1755534	0.7057244
598	0.1764995	0.7046005
599	0.1774507	0.7034732
600	0.1784066	0.7023425
601	0.1793672	0.7012086
602	0.1803324	0.7000718
603	0.181302	0.6989319
604	0.1822759	0.6977893
605	0.1832539	0.696644
606	0.184236	0.695496
607	0.1852218	0.6943458
608	0.1862116	0.693193
609	0.187205	0.6920381
610	0.188202	0.6908811
611	0.1892024	0.6897219
612	0.190206	0.6885609
613	0.1912129	0.6873981
614	0.1922229	0.6862334
615	0.1932359	0.6850672
616	0.1942518	0.6838995
617	0.1952704	0.6827303
618	0.1962916	0.6815599
619	0.1973155	0.680388
620	0.1983417	0.6792152
621	0.1993704	0.6780412
622	0.2004013	0.6768662
623	0.2014344	0.6756904
624	0.2024696	0.6745136
625	0.2035068	0.6733361
626	0.2045458	0.6721581
627	0.2055866	0.6709794
628	0.2066292	0.6698003
629	0.2076733	0.6686208
630	0.2087191	0.6674407
631	0.2097663	0.6662606
632	0.2108148	0.6650802
633	0.2118646	0.6638996
634	0.2129157	0.662719
635	0.2139679	0.6615384
636	0.2150211	0.6603578
637	0.2160754	0.6591774
638	0.2171306	0.657997
639	0.2181866	0.6568171
640	0.2192434	0.6556374
641	0.2203009	0.654458
642	0.2213589	0.6532792
643	0.2224176	0.6521008
644	0.2234767	0.6509229
645	0.2245363	0.6497457
646	0.2255963	0.648569
647	0.2266565	0.6473932
648	0.227717	0.646218
649	0.2287777	0.6450436
650	0.2298385	0.6438702
651	0.2308993	0.6426976
652	0.2319602	0.6415258
653	0.2330211	0.6403552
654	0.2340818	0.6391856
655	0.2351423	0.638017
656	0.2362028	0.6368496
657	0.2372629	0.6356833
658	0.2383226	0.6345183
659	0.239382	0.6333545
660	0.2404411	0.6321918
661	0.2414996	0.6310307
662	0.2425577	0.6298708
663	0.2436152	0.6287123
664	0.2446722	0.6275553
665	0.2457284	0.6263997
666	0.246784	0.6252456
667	0.2478389	0.6240931
668	0.2488931	0.6229421
669	0.2499464	0.6217927
670	0.2509988	0.6206449
671	0.2520504	0.6194988
672	0.2531011	0.6183544
673	0.2541508	0.6172116
674	0.2551996	0.6160706
675	0.2562473	0.6149314
676	0.2572939	0.613794
677	0.2583394	0.6126584
678	0.2593838	0.6115246
679	0.2604271	0.6103926
680	0.2614691	0.6092627
681	0.2625099	0.6081346
682	0.2635495	0.6070083
683	0.2645878	0.6058842
684	0.2656247	0.6047619
685	0.2666604	0.6036416
686	0.2676947	0.6025234
687	0.2687275	0.6014072
688	0.2697589	0.6002931
689	0.270789	0.599181
690	0.2718175	0.598071
691	0.2728444	0.5969631
692	0.2738699	0.5958574
693	0.2748939	0.5947537
694	0.2759163	0.5936523
695	0.276937	0.592553
696	0.2779562	0.5914559
697	0.2789738	0.5903609
698	0.2799897	0.5892682
699	0.2810039	0.5881778
700	0.2820164	0.5870895
701	0.2830272	0.5860035
702	0.2840363	0.5849198
703	0.2850436	0.5838383
704	0.2860492	0.5827591
705	0.2870529	0.5816823
706	0.2880549	0.5806077
707	0.289055	0.5795354
708	0.2900534	0.5784655
709	0.2910498	0.5773979
710	0.2920444	0.5763326
711	0.2930372	0.5752697
712	0.294028	0.5742091
713	0.295017	0.573151
714	0.296004	0.5720951
715	0.2969891	0.5710417
716	0.2979722	0.5699907
717	0.2989534	0.568942
718	0.2999326	0.5678957
719	0.3009099	0.5668519
720	0.3018851	0.5658104
721	0.3028584	0.5647714
722	0.3038296	0.5637347
723	0.3047989	0.5627006
724	0.305766	0.5616688
725	0.3067312	0.5606395
726	0.3076944	0.5596126
727	0.3086554	0.5585881
728	0.3096143	0.5575661
729	0.3105713	0.5565465
730	0.3115262	0.5555294
731	0.3124789	0.5545147
732	0.3134295	0.5535025
733	0.3143781	0.5524927
734	0.3153245	0.5514854
735	0.3162689	0.5504806
736	0.3172111	0.5494782
737	0.3181512	0.5484782
738	0.3190891	0.5474808
739	0.3200249	0.5464857
740	0.3209586	0.5454932
741	0.3218902	0.5445031
742	0.3228196	0.5435155
743	0.3237468	0.5425304
744	0.3246719	0.5415476
745	0.3255948	0.5405674
746	0.3265155	0.5395897
747	0.3274341	0.5386143
748	0.3283505	0.5376415
749	0.3292647	0.5366711
750	0.3301674	0.5357106
751	0.3310526	0.5347649
752	0.3319359	0.5338213
753	0.3328173	0.5328799
754	0.3336969	0.5319407
755	0.3345746	0.5310036
756	0.3354505	0.5300688
757	0.3363245	0.5291361
758	0.3371966	0.5282055
759	0.3380668	0.5272772
760	0.3389352	0.526351
761	0.3398016	0.525427
762	0.3406662	0.5245052
763	0.341529	0.5235855
764	0.3423898	0.5226679
765	0.3432487	0.5217526
766	0.3441058	0.5208394
767	0.3449609	0.5199284
768	0.3458142	0.5190195
769	0.3466655	0.5181128
770	0.3475151	0.5172082
771	0.3483626	0.5163058
772	0.3492083	0.5154055
773	0.3500521	0.5145074
774	0.350894	0.5136115
775	0.351734	0.5127176
776	0.3525721	0.511826
777	0.3534083	0.5109364
778	0.3542426	0.510049
779	0.355075	0.5091637
780	0.3559054	0.5082806
781	0.3567341	0.5073996
782	0.3575607	0.5065207
783	0.3583855	0.5056439
784	0.3592084	0.5047693
785	0.3600294	0.5038967
786	0.3608485	0.5030263
787	0.3616657	0.502158
788	0.362481	0.5012918
789	0.3632944	0.5004277
790	0.3641059	0.4995657
791	0.3649155	0.4987058
792	0.3657233	0.497848
793	0.3665291	0.4969923
794	0.367333	0.4961386
795	0.3681351	0.4952871
796	0.3689352	0.4944376
797	0.3697335	0.4935902
798	0.3705299	0.4927449
799	0.3713244	0.4919016
800	0.3721142	0.4910608
801	0.3728895	0.4902239
802	0.3736633	0.489389
803	0.3744357	0.4885562
804	0.3752065	0.4877254
805	0.3759759	0.4868965
806	0.3767437	0.4860697
807	0.3775101	0.4852449
808	0.378275	0.484422
809	0.3790383	0.4836012
810	0.3798002	0.4827823
811	0.3805606	0.4819655
812	0.3813195	0.4811506
813	0.3820769	0.4803377
814	0.3828329	0.4795268
815	0.3835873	0.4787178
816	0.3843403	0.4779108
817	0.3850918	0.4771058
818	0.3858418	0.4763027
819	0.3865903	0.4755015
820	0.3873373	0.4747023
821	0.3880829	0.4739051
822	0.388827	0.4731098
823	0.3895696	0.4723164
824	0.3903107	0.4715249
825	0.3910504	0.4707354
826	0.3917885	0.4699477
827	0.3925252	0.469162
828	0.3932605	0.4683782
829	0.3939943	0.4675963
830	0.3947266	0.4668164
831	0.3954574	0.4660382
832	0.3961868	0.465262
833	0.3969147	0.4644877
834	0.3976412	0.4637153
835	0.3983662	0.4629447
836	0.3990898	0.462176
837	0.3998119	0.4614092
838	0.4005325	0.4606442
839	0.4012517	0.4598811
840	0.4019695	0.4591198
841	0.4026858	0.4583604
842	0.4034007	0.4576028
843	0.4041141	0.4568471
844	0.4048261	0.4560932
845	0.4055366	0.4553412
846	0.4062457	0.4545909
847	0.4069534	0.4538425
848	0.4076596	0.4530959
849	0.4083645	0.4523511
850	0.4090679	0.4516081
851	0.4097698	0.4508669
852	0.4104704	0.4501275
853	0.4111695	0.4493899
854	0.4118672	0.448654
855	0.4125635	0.44792
856	0.4132584	0.4471877
857	0.4139519	0.4464572
858	0.414644	0.4457285
859	0.4153346	0.4450015
860	0.4160239	0.4442763
861	0.4167117	0.4435529
862	0.4173982	0.4428311
863	0.4180833	0.4421112
864	0.418767	0.4413929
865	0.4194492	0.4406764
866	0.4201301	0.4399617
867	0.4208097	0.4392486
868	0.4214878	0.4385373
869	0.4221645	0.4378277
870	0.4228399	0.4371197
871	0.4235139	0.4364135
872	0.4241865	0.435709
873	0.4248578	0.4350062
874	0.4255277	0.4343051
875	0.4261962	0.4336056
876	0.4268634	0.4329079
877	0.4275292	0.4322118
878	0.4281937	0.4315174
879	0.4288568	0.4308246
880	0.4295185	0.4301335
881	0.4301788	0.4294441
882	0.4308378	0.4287563
883	0.4314955	0.4280701
884	0.4321519	0.4273856
885	0.4328069	0.4267026
886	0.4334606	0.4260213
887	0.4341129	0.4253416
888	0.434764	0.4246635
889	0.4354137	0.423987
890	0.4360622	0.4233121
891	0.4367093	0.4226388
892	0.4373551	0.4219671
893	0.4379996	0.4212969
894	0.4386429	0.4206284
895	0.4392848	0.4199614
896	0.4399254	0.4192959
897	0.4405648	0.4186321
898	0.4412028	0.4179698
899	0.4418396	0.417309
900	0.4424751	0.4166498
901	0.4431093	0.4159922
902	0.4437422	0.415336
903	0.4443739	0.4146815
904	0.4450042	0.4140284
905	0.4456334	0.4133769
906	0.4462612	0.4127269
907	0.4468877	0.4120785
908	0.4475131	0.4114315
909	0.4481371	0.4107861
910	0.44876	0.4101421
911	0.4493822	0.4094866
912	0.4500032	0.4088325
913	0.4506229	0.4081801
914	0.4512413	0.4075292
915	0.4518584	0.4068799
916	0.4524742	0.4062322
917	0.4530888	0.4055861
918	0.4537021	0.4049414
919	0.4543141	0.4042984
920	0.4549249	0.4036569
921	0.4555088	0.4030341
922	0.4560915	0.4024128
923	0.4566731	0.4017929
924	0.4572536	0.4011745
925	0.4578328	0.4005575
926	0.4584109	0.399942
927	0.4589878	0.3993279
928	0.4595636	0.3987152
929	0.4601382	0.398104
930	0.4607117	0.3974942
931	0.4612797	0.3968882
932	0.4618467	0.3962837
933	0.4624125	0.3956805
934	0.4629772	0.3950787
935	0.4635407	0.3944783
936	0.4641031	0.3938794
937	0.4646644	0.3932818
938	0.4652246	0.3926855
939	0.4657837	0.3920907
940	0.4663417	0.3914972
941	0.4668987	0.3909161
942	0.4674546	0.3903364
943	0.4680094	0.3897579
944	0.4685632	0.3891808
945	0.4691158	0.388605
946	0.4696674	0.3880304
947	0.4702179	0.3874572
948	0.4707673	0.3868852
949	0.4713156	0.3863146
950	0.4718629	0.3857452
951	0.4723957	0.3851539
952	0.4729274	0.3845639
953	0.473458	0.3839754
954	0.4739876	0.3833882
955	0.4745161	0.3828024
956	0.4750435	0.382218
957	0.4755699	0.381635
958	0.4760953	0.3810533
959	0.4766196	0.380473
960	0.4771428	0.379894
961	0.4776878	0.3793362
962	0.4782317	0.3787795
963	0.4787746	0.3782241
964	0.4793164	0.37767
965	0.4798572	0.3771171
966	0.4803969	0.3765654
967	0.4809356	0.3760149
968	0.4814733	0.3754656
969	0.4820099	0.3749175
970	0.4825455	0.3743707
971	0.4821149	0.3748019
972	0.4816846	0.3752329
973	0.4812546	0.3756637
974	0.4808249	0.3760942
975	0.4803955	0.3765246
976	0.4799665	0.3769547
977	0.4795377	0.3773847
978	0.4791092	0.3778144
979	0.478681	0.3782439
980	0.4782532	0.3786732
981	0.4778256	0.3791023
982	0.4773983	0.3795312
983	0.4769714	0.3799598
984	0.4765447	0.3803882
985	0.4761183	0.3808164
986	0.4756923	0.3812444
987	0.4752666	0.3816722
988	0.4748412	0.3820998
989	0.474416	0.3825271
990	0.4739913	0.3829542
991	0.4735668	0.3833811
992	0.4731426	0.3838078
993	0.4727187	0.3842342
994	0.4722974	0.3846588
995	0.4718803	0.3850804
996	0.4714635	0.3855017
997	0.471047	0.3859228
998	0.4706308	0.3863437
999	0.4702148	0.3867644
aoi	20	
380	0.1849424	0.1934792
381	0.1868554	0.2042569
382	0.1891257	0.2158833
383	0.191803	0.2283657
384	0.1949315	0.2417158
385	0.1985537	0.2558568
386	0.2027048	0.2707378
387	0.2074002	0.2862846
388	0.2126339	0.3023906
389	0.2184001	0.3189557
390	0.2246677	0.3358687
391	0.2313495	0.3529492
392	0.2383806	0.3700932
393	0.2456877	0.3872072
394	0.253164	0.4041858
395	0.2606078	0.4208003
396	0.2679769	0.4370983
397	0.2751579	0.4530215
398	0.2819985	0.4684661
399	0.2883474	0.483338
400	0.2941914	0.4977273
401	0.2994501	0.5116229
402	0.30397	0.5248922
403	0.3077369	0.5375821
404	0.3107613	0.5497495
405	0.3130191	0.5613837
406	0.3143815	0.5722895
407	0.3149662	0.5826234
408	0.3147899	0.5923725
409	0.3138484	0.6014608
410	0.3121359	0.6097802
411	0.3097688	0.6174333
412	0.3067967	0.6243889
413	0.303246	0.6305146
414	0.2992127	0.6358008
415	0.2948558	0.6402801
416	0.2905201	0.6442374
417	0.2863818	0.6479726
418	0.2823651	0.6515909
419	0.2784526	0.6551087
420	0.274639	0.6585311
421	0.2709292	0.6618528
422	0.2672966	0.6650986
423	0.2637375	0.6682724
424	0.260258	0.6713684
425	0.2568483	0.674395
426	0.2535021	0.6773589
427	0.2502179	0.6802614
428	0.2470056	0.6830934
429	0.2438535	0.6858657
430	0.2407583	0.6885814
431	0.2377207	0.6912404
432	0.2347473	0.6938359
433	0.2318273	0.6963784
434	0.228956	0.6988725
435	0.2261383	0.7013135
436	0.2233763	0.7036992
437	0.2206647	0.7060354
438	0.2180027	0.7083224
439	0.2153956	0.7105555
440	0.2128386	0.7127391
441	0.2103297	0.7148754
442	0.2078687	0.7169646
443	0.2054539	0.7190078
444	0.2030855	0.7210053
445	0.2007632	0.7229578
446	0.1984884	0.7248635
447	0.1962621	0.7267218
448	0.1940806	0.7285363
449	0.1919435	0.7303074
450	0.1898535	0.7320324
451	0.1878064	0.7337154
452	0.1857985	0.7353597
453	0.1838336	0.7369623
454	0.181915	0.7385196
455	0.1800387	0.7400357
456	0.1782043	0.7415112
457	0.1764123	0.7429453
458	0.174664	0.7443371
459	0.1729534	0.745692
460	0.1712802	0.7470103
461	0.1696491	0.7482878
462	0.168059	0.7495256
463	0.1665084	0.750725
464	0.1649971	0.7518865
465	0.1635269	0.753008
466	0.1620957	0.754092
467	0.1607027	0.755139
468	0.1593473	0.7561496
469	0.1580251	0.7571275
470	0.1567402	0.7580695
471	0.1554923	0.7589757
472	0.154282	0.7598455
473	0.1531089	0.7606795
474	0.1519719	0.7614787
475	0.1508707	0.7622435
476	0.149806	0.7629729
477	0.1487767	0.7636682
478	0.1477822	0.7643302
479	0.1468221	0.7649588
480	0.1458953	0.7655552
481	0.1449984	0.7661227
482	0.144135	0.766658
483	0.143305	0.7671609
484	0.1425085	0.7676318
485	0.1417445	0.7680714
486	0.1410126	0.7684802
487	0.1403131	0.7688579
488	0.1396452	0.7692051
489	0.1390054	0.7695253
490	0.138395	0.7698172
491	0.1378158	0.770079
492	0.1372669	0.770312
493	0.1367476	0.7705165
494	0.136258	0.7706926
495	0.135798	0.7708405
496	0.1353668	0.7709607
497	0.134964	0.7710539
498	0.1345884	0.771121
499	0.1342378	0.7711639
500	0.1339148	0.7711807
501	0.1336188	0.7711716
502	0.1333501	0.7711365
503	0.1331079	0.7710765
504	0.1328919	0.7709913
505	0.1327016	0.7708817
506	0.1325371	0.7707478
507	0.1323977	0.7705899
508	0.1322827	0.7704091
509	0.1321894	0.7702074
510	0.1321204	0.7699827
511	0.1320754	0.7697356
512	0.1320537	0.7694662
513	0.1320554	0.7691749
514	0.1320802	0.7688621
515	0.1321273	0.768528
516	0.1321965	0.7681733
517	0.1322866	0.7677989
518	0.1323968	0.7674056
519	0.1325284	0.7669924
520	0.1326809	0.7665596
521	0.1328541	0.7661075
522	0.1330478	0.7656365
523	0.1332613	0.7651468
524	0.1334946	0.7646389
525	0.1337474	0.764113
526	0.1340192	0.7635695
527	0.1343097	0.7630088
528	0.1346178	0.7624317
529	0.1349431	0.7618388
530	0.1352864	0.7612295
531	0.1356472	0.760604
532	0.1360253	0.7599627
533	0.1364206	0.7593059
534	0.1368324	0.7586339
535	0.1372608	0.7579469
536	0.1377048	0.7572458
537	0.1381643	0.7565305
538	0.1386393	0.7558014
539	0.1391293	0.7550585
540	0.1396345	0.7543022
541	0.1401543	0.7535328
542	0.1406883	0.7527506
543	0.1412365	0.7519559
544	0.1417986	0.7511488
545	0.1423742	0.7503296
546	0.1429633	0.7494986
547	0.1435653	0.7486561
548	0.1441803	0.7478023
549	0.1448079	0.7469374
550	0.1454476	0.7460618
551	0.1460997	0.7451756
552	0.1467637	0.744279
553	0.1474391	0.7433725
554	0.148126	0.7424561
555	0.1488241	0.7415301
556	0.1495331	0.7405948
557	0.1502529	0.7396502
558	0.1509831	0.7386968
559	0.1517237	0.7377346
560	0.1524742	0.7367639
561	0.1532346	0.7357851
562	0.1540047	0.7347981
563	0.1547841	0.7338033
564	0.1555727	0.7328009
565	0.1563704	0.731791
566	0.1571769	0.7307739
567	0.1579919	0.7297497
568	0.1588154	0.7287187
569	0.159647	0.7276811
570	0.1604867	0.726637
571	0.1613341	0.7255867
572	0.1621892	0.7245304
573	0.1630517	0.723468
574	0.1639215	0.7224
575	0.1647983	0.7213265
576	0.165682	0.7202475
577	0.1665725	0.7191635
578	0.1674695	0.7180743
579	0.1683729	0.7169801
580	0.1692825	0.7158814
581	0.1701982	0.714778
582	0.1711198	0.7136702
583	0.1720471	0.7125583
584	0.17298	0.7114421
585	0.1739182	0.7103221
586	0.1748618	0.7091982
587	0.1758105	0.7080705
588	0.1767642	0.7069395
589	0.1777227	0.7058049
590	0.1786859	0.7046671
591	0.1796536	0.7035263
592	0.1806258	0.7023823
593	0.1816022	0.7012356
594	0.1825827	0.7000861
595	0.1835673	0.6989339
596	0.1845557	0.6977793
597	0.1855479	0.6966223
598	0.1865436	0.695463
599	0.1875429	0.6943016
600	0.1885456	0.6931381
601	0.1895515	0.6919727
602	0.1905605	0.6908055
603	0.1915726	0.6896365
604	0.1925876	0.688466
605	0.1936054	0.6872939
606	0.1946259	0.6861204
607	0.1956488	0.6849457
608	0.1966744	0.6837697
609	0.1977022	0.6825926
610	0.1987324	0.6814145
611	0.1997647	0.6802354
612	0.2007991	0.6790555
613	0.2018354	0.6778749
614	0.2028736	0.6766935
615	0.2039136	0.6755116
616	0.2049553	0.6743291
617	0.2059986	0.6731463
618	0.2070434	0.6719631
619	0.2080896	0.6707795
620	0.2091371	0.6695959
621	0.2101859	0.6684121
622	0.2112358	0.6672282
623	0.2122869	0.6660444
624	0.213339	0.6648607
625	0.214392	0.663677
626	0.2154458	0.6624937
627	0.2165004	0.6613106
628	0.2175557	0.6601279
629	0.2186116	0.6589456
630	0.2196682	0.6577636
631	0.2207252	0.6565824
632	0.2217826	0.6554017
633	0.2228404	0.6542216
634	0.2238985	0.6530423
635	0.2249568	0.6518636
636	0.2260153	0.6506858
637	0.2270739	0.6495089
638	0.2281326	0.6483328
639	0.2291912	0.6471578
640	0.2302497	0.6459837
641	0.2313082	0.6448106
642	0.2323664	0.6436388
643	0.2334244	0.6424681
644	0.2344821	0.6412985
645	0.2355395	0.6401302
646	0.2365965	0.6389631
647	0.237653	0.6377974
648	0.238709	0.636633
649	0.2397645	0.6354699
650	0.2408194	0.6343084
651	0.2418736	0.6331484
652	0.2429273	0.6319897
653	0.2439801	0.6308327
654	0.2450322	0.6296773
655	0.2460835	0.6285234
656	0.2471339	0.6273712
657	0.2481835	0.6262206
658	0.249232	0.6250718
659	0.2502797	0.6239247
660	0.2513264	0.6227792
661	0.2523719	0.6216358
662	0.2534164	0.620494
663	0.2544599	0.619354
664	0.2555021	0.618216
665	0.2565432	0.6170798
666	0.257583	0.6159456
667	0.2586217	0.6148133
668	0.259659	0.613683
669	0.260695	0.6125547
670	0.2617297	0.6114283
671	0.2627631	0.610304
672	0.263795	0.6091818
673	0.2648255	0.6080616
674	0.2658546	0.6069435
675	0.2668822	0.6058275
676	0.2679082	0.6047136
677	0.2689328	0.603602
678	0.2699558	0.6024924
679	0.2709773	0.601385
680	0.2719971	0.6002799
681	0.2730153	0.5991769
682	0.2740319	0.5980761
683	0.2750468	0.5969777
684	0.27606	0.5958814
685	0.2770716	0.5947874
686	0.2780814	0.5936957
687	0.2790895	0.5926062
688	0.2800958	0.5915192
689	0.2811003	0.5904343
690	0.282103	0.5893518
691	0.2831039	0.5882717
692	0.284103	0.5871939
693	0.2851003	0.5861184
694	0.2860956	0.5850454
695	0.2870891	0.5839747
696	0.2880807	0.5829064
697	0.2890705	0.5818404
698	0.2900582	0.5807769
699	0.291044	0.5797158
700	0.292028	0.578657
701	0.2930099	0.5776007
702	0.2939899	0.5765469
703	0.2949678	0.5754954
704	0.2959439	0.5744464
705	0.2969178	0.5733999
706	0.2978898	0.5723557
707	0.2988597	0.5713141
708	0.2998277	0.5702749
709	0.3007935	0.5692381
710	0.3017573	0.5682039
711	0.3027191	0.5671721
712	0.3036788	0.5661427
713	0.3046363	0.5651159
714	0.3055918	0.5640915
715	0.3065453	0.5630696
716	0.3074965	0.5620502
717	0.3084457	0.5610332
718	0.3093928	0.5600188
719	0.3103378	0.5590068
720	0.3112806	0.5579974
721	0.3122213	0.5569904
722	0.3131598	0.5559859
723	0.3140962	0.5549839
724	0.3150305	0.5539844
725	0.3159626	0.5529874
726	0.3168925	0.5519929
727	0.3178203	0.5510009
728	0.3187459	0.5500113
729	0.3196693	0.5490243
730	0.3205906	0.5480398
731	0.3215096	0.5470577
732	0.3224265	0.5460782
733	0.3233412	0.5451011
734	0.3242538	0.5441265
735	0.3251641	0.5431544
736	0.3260722	0.5421848
737	0.3269782	0.5412176
738	0.3278819	0.540253
739	0.3287834	0.5392908
740	0.3296828	0.5383311
741	0.33058	0.5373739
742	0.3314749	0.5364191
743	0.3323676	0.5354669
744	0.3332582	0.534517
745	0.3341465	0.5335696
746	0.3350326	0.5326248
747	0.3359166	0.5316823
748	0.3367983	0.5307423
749	0.3376778	0.5298048
750	0.3385459	0.528877
751	0.3393966	0.5279638
752	0.3402454	0.5270527
753	0.3410924	0.5261438
754	0.3419375	0.5252371
755	0.3427807	0.5243324
756	0.343622	0.52343
757	0.3444615	0.5225297
758	0.3452991	0.5216314
759	0.3461349	0.5207354
760	0.3469687	0.5198415
761	0.3478007	0.5189497
762	0.3486308	0.5180601
763	0.349459	0.5171725
764	0.3502854	0.5162871
765	0.3511099	0.5154038
766	0.3519325	0.5145227
767	0.3527532	0.5136436
768	0.3535721	0.5127667
769	0.3543891	0.5118918
770	0.3552043	0.5110191
771	0.3560175	0.5101485
772	0.3568289	0.5092799
773	0.3576384	0.5084135
774	0.358446	0.5075491
775	0.3592518	0.5066869
776	0.3600557	0.5058267
777	0.3608578	0.5049686
778	0.361658	0.5041126
779	0.3624563	0.5032586
780	0.3632528	0.5024067
781	0.3640474	0.5015569
782	0.3648401	0.5007092
783	0.365631	0.4998635
784	0.36642	0.4990198
785	0.3672072	0.4981782
786	0.3679925	0.4973387
787	0.368776	0.4965012
788	0.3695576	0.4956657
789	0.3703374	0.4948323
790	0.3711153	0.4940009
791	0.3718914	0.4931715
792	0.3726657	0.4923441
793	0.3734381	0.4915188
794	0.3742087	0.4906954
795	0.3749775	0.4898741
796	0.3757444	0.4890548
797	0.3765095	0.4882375
798	0.3772727	0.4874221
799	0.3780342	0.4866087
800	0.378791	0.4857978
801	0.3795335	0.4849907
802	0.3802745	0.4841856
803	0.381014	0.4833824
804	0.3817522	0.4825811
805	0.3824889	0.4817818
806	0.3832242	0.4809843
807	0.3839581	0.4801888
808	0.3846905	0.4793952
809	0.3854216	0.4786035
810	0.3861512	0.4778137
811	0.3868794	0.4770258
812	0.3876061	0.4762398
813	0.3883315	0.4754557
814	0.3890555	0.4746734
815	0.389778	0.4738931
816	0.3904991	0.4731146
817	0.3912188	0.472338
818	0.3919371	0.4715632
819	0.3926541	0.4707903
820	0.3933695	0.4700193
821	0.3940836	0.4692501
822	0.3947964	0.4684828
823	0.3955077	0.4677172
824	0.3962176	0.4669536
825	0.3969261	0.4661917
826	0.3976332	0.4654317
827	0.3983389	0.4646735
828	0.3990433	0.4639171
829	0.3997462	0.4631626
830	0.4004478	0.4624098
831	0.401148	0.4616589
832	0.4018468	0.4609097
833	0.4025443	0.4601623
834	0.4032404	0.4594167
835	0.4039351	0.4586729
836	0.4046284	0.4579309
837	0.4053203	0.4571907
838	0.4060109	0.4564522
839	0.4067001	0.4557154
840	0.407388	0.4549805
841	0.4080745	0.4542473
842	0.4087597	0.4535158
843	0.4094434	0.4527861
844	0.4101259	0.4520581
845	0.410807	0.4513319
846	0.4114867	0.4506074
847	0.4121651	0.4498846
848	0.4128421	0.4491635
849	0.4135179	0.4484441
850	0.4141922	0.4477265
851	0.4148653	0.4470105
852	0.415537	0.4462963
853	0.4162074	0.4455838
854	0.4168764	0.4448729
855	0.4175441	0.4441637
856	0.4182105	0.4434562
857	0.4188756	0.4427504
858	0.4195394	0.4420463
859	0.4202019	0.4413438
860	0.420863	0.4406429
861	0.4215228	0.4399438
862	0.4221813	0.4392463
863	0.4228385	0.4385504
864	0.4234945	0.4378562
865	0.4241491	0.4371636
866	0.4248024	0.4364727
867	0.4254544	0.4357834
868	0.4261051	0.4350957
869	0.4267546	0.4344096
870	0.4274027	0.4337252
871	0.4280496	0.4330423
872	0.4286952	0.4323611
873	0.4293395	0.4316814
874	0.4299826	0.4310034
875	0.4306243	0.4303269
876	0.4312648	0.429652
877	0.4319041	0.4289787
878	0.432542	0.428307
879	0.4331787	0.4276369
880	0.4338141	0.4269683
881	0.4344483	0.4263013
882	0.4350812	0.4256358
883	0.4357128	0.4249719
884	0.4363432	0.4243095
885	0.4369724	0.4236486
886	0.4376003	0.4229893
887	0.438227	0.4223314
888	0.4388525	0.4216751
889	0.4394768	0.4210203
890	0.4400998	0.420367
891	0.4407217	0.4197152
892	0.4413423	0.4190649
893	0.4419617	0.418416
894	0.4425799	0.4177687
895	0.4431968	0.4171229
896	0.4438126	0.4164785
897	0.4444272	0.4158356
898	0.4450406	0.4151941
899	0.4456528	0.4145542
900	0.4462638	0.4139157
901	0.4468736	0.4132786
902	0.4474822	0.412643
903	0.4480897	0.4120089
904	0.4486959	0.4113762
905	0.449301	0.4107449
906	0.4499049	0.4101151
907	0.4505076	0.4094867
908	0.4511092	0.4088597
909	0.4517096	0.4082342
910	0.4523088	0.40761
911	0.4529069	0.4069748
912	0.4535038	0.406341
913	0.4540996	0.4057087
914	0.4546941	0.4050779
915	0.4552874	0.4044486
916	0.4558795	0.4038208
917	0.4564705	0.4031944
918	0.4570602	0.4025695
919	0.4576488	0.4019461
920	0.4582362	0.4013241
921	0.4587978	0.4007201
922	0.4593582	0.4001174
923	0.4599176	0.3995161
924	0.460476	0.3989162
925	0.4610332	0.3983176
926	0.4615893	0.3977204
927	0.4621444	0.3971246
928	0.4626985	0.3965301
929	0.4632515	0.3959369
930	0.4638033	0.3953451
931	0.46435	0.394757
932	0.4648955	0.3941702
933	0.4654401	0.3935847
934	0.4659836	0.3930005
935	0.4665261	0.3924177
936	0.4670675	0.3918362
937	0.4676078	0.3912559
938	0.4681472	0.390677
939	0.4686855	0.3900994
940	0.4692228	0.389523
941	0.4697594	0.3889588
942	0.4702949	0.3883959
943	0.4708294	0.3878342
944	0.4713628	0.3872738
945	0.4718953	0.3867145
946	0.4724268	0.3861565
947	0.4729573	0.3855997
948	0.4734868	0.3850441
949	0.4740153	0.3844897
950	0.4745428	0.3839366
951	0.4750558	0.3833616
952	0.4755678	0.382788
953	0.4760788	0.3822157
954	0.4765888	0.3816447
955	0.4770979	0.3810751
956	0.4776059	0.3805067
957	0.478113	0.3799396
958	0.4786191	0.3793738
959	0.4791243	0.3788092
960	0.4796285	0.378246
961	0.4801546	0.3777035
962	0.4806797	0.3771622
963	0.4812038	0.376622
964	0.4817269	0.376083
965	0.482249	0.3755452
966	0.4827702	0.3750085
967	0.4832905	0.374473
968	0.4838097	0.3739386
969	0.4843281	0.3734053
970	0.4848454	0.3728733
971	0.4844075	0.373309
972	0.48397	0.3737446
973	0.4835328	0.3741799
974	0.4830959	0.3746149
975	0.4826593	0.3750498
976	0.4822231	0.3754844
977	0.4817872	0.3759188
978	0.4813517	0.376353
979	0.4809164	0.3767869
980	0.4804816	0.3772206
981	0.480047	0.3776541
982	0.4796128	0.3780873
983	0.4791789	0.3785203
984	0.4787453	0.3789531
985	0.4783121	0.3793856
986	0.4778793	0.3798179
987	0.4774467	0.3802499
988	0.4770145	0.3806817
989	0.4765826	0.3811133
990	0.4761511	0.3815447
991	0.4757199	0.3819757
992	0.4752891	0.3824066
993	0.4748586	0.3828372
994	0.4744306	0.383266
995	0.4740068	0.3836918
996	0.4735833	0.3841174
997	0.4731601	0.3845427
998	0.4727373	0.3849678
999	0.4723147	0.3853927
aoi	25	
380	0.1774807	0.1876703
381	0.17954	0.1983887
382	0.1819505	0.209959
383	0.1847566	0.2223925
384	0.187993	0.2357054
385	0.1917015	0.2498274
386	0.1959117	0.2647139
387	0.2006312	0.2802983
388	0.2058491	0.2964822
389	0.2115612	0.3131734
390	0.2177349	0.3302687
391	0.2242771	0.347596
392	0.2311283	0.3650566
393	0.2382198	0.3825624
394	0.2454508	0.4000106
395	0.2526179	0.4171717
396	0.2596935	0.4340918
397	0.2665704	0.4507087
398	0.2730998	0.4669107
399	0.2791337	0.4825932
400	0.2846659	0.4978396
401	0.2896213	0.5126272
402	0.2938442	0.5268063
403	0.2973231	0.5404126
404	0.3000708	0.5534939
405	0.3020621	0.5660278
406	0.3031619	0.5777963
407	0.3034907	0.5889557
408	0.3030626	0.5994847
409	0.3018724	0.6092941
410	0.2999112	0.6182618
411	0.2972981	0.6264936
412	0.2940823	0.6339531
413	0.2902886	0.6404971
414	0.2860153	0.6461155
415	0.2814266	0.6508457
416	0.2768827	0.6549989
417	0.2725663	0.6589003
418	0.2683943	0.6626639
419	0.2643486	0.6663067
420	0.2604223	0.6698355
421	0.2566192	0.6732457
422	0.2529106	0.6765642
423	0.2492918	0.6797956
424	0.2457682	0.682935
425	0.2423274	0.6859927
426	0.238964	0.688975
427	0.2356757	0.6918839
428	0.2324719	0.6947105
429	0.2293402	0.6974664
430	0.2262769	0.7001552
431	0.223282	0.7027773
432	0.2203619	0.7053263
433	0.2175051	0.707813
434	0.2147058	0.7102432
435	0.2119688	0.7126121
436	0.2092964	0.7149176
437	0.2066829	0.7171657
438	0.2041273	0.7193571
439	0.2016344	0.7214874
440	0.1991993	0.7235612
441	0.1968195	0.725581
442	0.1944948	0.7275474
443	0.1922219	0.7294623
444	0.1900019	0.7313256
445	0.1878345	0.7331381
446	0.1857205	0.7348984
447	0.1836608	0.7366061
448	0.1816515	0.7382649
449	0.1796919	0.7398754
450	0.1777845	0.7414353
451	0.1759246	0.742949
452	0.1741085	0.7444199
453	0.17234	0.7458449
454	0.1706219	0.747221
455	0.1689503	0.7485522
456	0.1673247	0.7498391
457	0.1657454	0.7510813
458	0.1642131	0.752278
459	0.1627219	0.753435
460	0.1612714	0.7545525
461	0.159866	0.7556265
462	0.1585045	0.7566582
463	0.1571855	0.7576491
464	0.1559085	0.7585997
465	0.1546749	0.7595085
466	0.1534826	0.7603776
467	0.1523309	0.7612079
468	0.1512188	0.762
469	0.1501417	0.7627578
470	0.1491038	0.7634782
471	0.1481047	0.7641615
472	0.1471447	0.7648071
473	0.1462232	0.7654158
474	0.1453392	0.7659887
475	0.1444921	0.7665263
476	0.1436826	0.7670279
477	0.1429093	0.7674947
478	0.1421716	0.7679276
479	0.141469	0.7683268
480	0.1408003	0.7686934
481	0.1401622	0.7690305
482	0.1395581	0.7693352
483	0.1389876	0.7696075
484	0.1384507	0.769848
485	0.1379463	0.7700573
486	0.1374741	0.770236
487	0.137034	0.770384
488	0.1366254	0.7705018
489	0.1362447	0.7705929
490	0.1358934	0.770656
491	0.1355726	0.7706897
492	0.1352815	0.7706954
493	0.1350196	0.7706733
494	0.1347864	0.7706237
495	0.134582	0.770547
496	0.1344055	0.7704435
497	0.1342564	0.7703141
498	0.1341336	0.7701597
499	0.1340352	0.7699817
500	0.1339632	0.7697789
501	0.1339171	0.7695515
502	0.1338967	0.7692996
503	0.1339015	0.7690242
504	0.1339311	0.7687251
505	0.1339848	0.7684032
506	0.1340628	0.7680586
507	0.1341642	0.7676917
508	0.1342885	0.7673034
509	0.1344334	0.7668954
510	0.1346007	0.7664662
511	0.1347903	0.7660164
512	0.1350013	0.7655461
513	0.1352338	0.7650558
514	0.1354873	0.7645461
515	0.1357612	0.764017
516	0.1360553	0.7634693
517	0.1363684	0.7629037
518	0.1367	0.7623206
519	0.1370508	0.7617199
520	0.1374204	0.7611016
521	0.1378084	0.7604662
522	0.1382148	0.7598141
523	0.1386386	0.7591455
524	0.1390799	0.7584609
525	0.1395384	0.7577607
526	0.1400135	0.7570449
527	0.140505	0.7563143
528	0.141012	0.7555693
529	0.1415344	0.7548103
530	0.1420723	0.7540372
531	0.1426251	0.7532502
532	0.143193	0.7524499
533	0.1437755	0.7516363
534	0.144372	0.7508098
535	0.1449825	0.7499709
536	0.1456064	0.7491199
537	0.1462435	0.7482569
538	0.1468937	0.7473823
539	0.1475565	0.7464964
540	0.1482319	0.7455993
541	0.1489196	0.7446914
542	0.1496189	0.743773
543	0.15033	0.7428444
544	0.1510526	0.7419056
545	0.1517862	0.7409572
546	0.1525307	0.7399992
547	0.1532858	0.739032
548	0.1540514	0.7380557
549	0.1548271	0.7370707
550	0.1556125	0.7360773
551	0.1564078	0.7350755
552	0.1572126	0.7340655
553	0.1580263	0.7330479
554	0.1588492	0.7320227
555	0.1596808	0.7309901
556	0.1605208	0.7299503
557	0.1613692	0.7289036
558	0.1622257	0.7278502
559	0.1630901	0.7267902
560	0.1639622	0.7257239
561	0.1648416	0.7246516
562	0.1657285	0.7235733
563	0.1666223	0.7224893
564	0.167523	0.7213998
565	0.1684305	0.7203049
566	0.1693444	0.719205
567	0.1702646	0.7181
568	0.171191	0.7169902
569	0.1721233	0.715876
570	0.1730614	0.7147572
571	0.174005	0.7136342
572	0.174954	0.7125072
573	0.1759083	0.7113762
574	0.1768676	0.7102415
575	0.1778319	0.7091031
576	0.1788009	0.7079613
577	0.1797745	0.7068162
578	0.1807525	0.7056679
579	0.1817349	0.7045166
580	0.1827214	0.7033625
581	0.183712	0.7022055
582	0.1847063	0.701046
583	0.1857044	0.6998841
584	0.1867061	0.6987197
585	0.1877112	0.6975532
586	0.1887196	0.6963846
587	0.1897312	0.695214
588	0.1907459	0.6940417
589	0.1917635	0.6928675
590	0.192784	0.6916917
591	0.1938071	0.6905145
592	0.1948328	0.6893358
593	0.1958609	0.688156
594	0.1968913	0.6869749
595	0.1979241	0.6857927
596	0.1989589	0.6846097
597	0.1999957	0.6834256
598	0.2010344	0.6822409
599	0.2020749	0.6810555
600	0.2031172	0.6798694
601	0.204161	0.6786829
602	0.2052064	0.6774961
603	0.2062531	0.6763087
604	0.2073012	0.6751213
605	0.2083505	0.6739337
606	0.209401	0.672746
607	0.2104523	0.6715584
608	0.2115048	0.6703707
609	0.2125581	0.6691833
610	0.2136122	0.6679962
611	0.214667	0.6668092
612	0.2157225	0.6656227
613	0.2167785	0.6644367
614	0.2178349	0.6632511
615	0.2188919	0.6620662
616	0.2199491	0.6608818
617	0.2210066	0.6596982
618	0.2220642	0.6585154
619	0.2231221	0.6573332
620	0.2241799	0.6561521
621	0.2252377	0.6549719
622	0.2262955	0.6537926
623	0.2273531	0.6526145
624	0.2284106	0.6514374
625	0.2294678	0.6502614
626	0.2305247	0.6490867
627	0.2315812	0.6479132
628	0.2326373	0.646741
629	0.2336928	0.6455702
630	0.234748	0.6444005
631	0.2358025	0.6432326
632	0.2368563	0.642066
633	0.2379095	0.6409008
634	0.2389619	0.6397373
635	0.2400136	0.6385754
636	0.2410644	0.637415
637	0.2421144	0.6362564
638	0.2431635	0.6350993
639	0.2442115	0.6339442
640	0.2452586	0.6327907
641	0.2463047	0.6316389
642	0.2473497	0.6304891
643	0.2483935	0.6293411
644	0.2494362	0.628195
645	0.2504778	0.6270508
646	0.251518	0.6259085
647	0.252557	0.6247683
648	0.2535947	0.62363
649	0.2546312	0.6224937
650	0.2556662	0.6213595
651	0.2566998	0.6202274
652	0.257732	0.6190973
653	0.2587627	0.6179694
654	0.259792	0.6168436
655	0.2608197	0.61572
656	0.261846	0.6145986
657	0.2628706	0.6134793
658	0.2638936	0.6123623
659	0.264915	0.6112476
660	0.2659348	0.6101349
661	0.2669529	0.6090248
662	0.2679693	0.6079168
663	0.268984	0.6068111
664	0.269997	0.6057078
665	0.2710082	0.6046068
666	0.2720176	0.6035081
667	0.2730252	0.6024118
668	0.274031	0.6013178
669	0.2750349	0.6002263
670	0.2760371	0.5991372
671	0.2770373	0.5980504
672	0.2780357	0.5969661
673	0.2790321	0.5958842
674	0.2800266	0.5948047
675	0.2810192	0.5937278
676	0.2820098	0.5926532
677	0.2829984	0.5915812
678	0.2839851	0.5905115
679	0.2849698	0.5894444
680	0.2859524	0.5883798
681	0.2869331	0.5873177
682	0.2879117	0.586258
683	0.2888883	0.5852009
684	0.2898627	0.5841463
685	0.2908352	0.5830942
686	0.2918056	0.5820447
687	0.2927738	0.5809976
688	0.2937399	0.5799532
689	0.294704	0.5789112
690	0.2956659	0.5778717
691	0.2966257	0.5768349
692	0.2975834	0.5758006
693	0.2985389	0.5747688
694	0.2994923	0.5737396
695	0.3004435	0.5727129
696	0.3013926	0.5716888
697	0.3023395	0.5706673
698	0.3032841	0.5696483
699	0.3042266	0.5686319
700	0.305167	0.567618
701	0.3061051	0.5666067
702	0.307041	0.565598
703	0.3079748	0.5645918
704	0.3089063	0.5635882
705	0.3098356	0.5625872
706	0.3107627	0.5615887
707	0.3116876	0.5605928
708	0.3126103	0.5595994
709	0.3135306	0.5586086
710	0.3144488	0.5576204
711	0.3153648	0.5566346
712	0.3162785	0.5556515
713	0.31719	0.5546709
714	0.3180993	0.5536929
715	0.3190063	0.5527174
716	0.3199111	0.5517445
717	0.3208136	0.550774
718	0.3217139	0.5498062
719	0.3226119	0.5488409
720	0.3235077	0.5478781
721	0.3244012	0.5469178
722	0.3252925	0.5459601
723	0.3261816	0.5450049
724	0.3270684	0.5440522
725	0.3279529	0.543102
726	0.3288353	0.5421544
727	0.3297153	0.5412092
728	0.3305931	0.5402666
729	0.3314687	0.5393265
730	0.3323421	0.5383888
731	0.3332131	0.5374536
732	0.334082	0.536521
733	0.3349486	0.5355908
734	0.335813	0.5346631
735	0.3366751	0.5337379
736	0.337535	0.5328151
737	0.3383927	0.5318948
738	0.3392481	0.5309769
739	0.3401013	0.5300615
740	0.3409523	0.5291486
741	0.3418011	0.5282381
742	0.3426475	0.52733
743	0.3434919	0.5264244
744	0.344334	0.5255211
745	0.3451739	0.5246204
746	0.3460115	0.523722
747	0.346847	0.522826
748	0.3476803	0.5219324
749	0.3485114	0.5210413
750	0.3493312	0.5201596
751	0.350134	0.5192921
752	0.350935	0.5184267
753	0.3517341	0.5175634
754	0.3525314	0.5167022
755	0.3533268	0.515843
756	0.3541204	0.514986
757	0.3549121	0.514131
758	0.355702	0.513278
759	0.3564901	0.5124271
760	0.3572764	0.5115783
761	0.3580608	0.5107315
762	0.3588433	0.5098868
763	0.3596241	0.5090441
764	0.360403	0.5082034
765	0.3611801	0.5073648
766	0.3619554	0.5065282
767	0.3627289	0.5056937
768	0.3635005	0.5048611
769	0.3642703	0.5040306
770	0.3650384	0.5032021
771	0.3658046	0.5023756
772	0.366569	0.5015511
773	0.3673316	0.5007286
774	0.3680924	0.4999081
775	0.3688514	0.4990895
776	0.3696086	0.498273
777	0.370364	0.4974584
778	0.3711176	0.4966458
779	0.3718695	0.4958352
780	0.3726195	0.4950265
781	0.3733678	0.4942198
782	0.3741142	0.4934151
783	0.3748589	0.4926123
784	0.3756019	0.4918114
785	0.3763431	0.4910125
786	0.3770824	0.4902155
787	0.3778201	0.4894205
788	0.3785559	0.4886274
789	0.3792901	0.4878362
790	0.3800224	0.4870469
791	0.380753	0.4862595
792	0.3814819	0.485474
793	0.382209	0.4846904
794	0.3829344	0.4839088
795	0.383658	0.483129
796	0.3843799	0.4823511
797	0.3851001	0.481575
798	0.3858185	0.4808009
799	0.3865352	0.4800286
800	0.3872475	0.4792586
801	0.3879455	0.4784924
802	0.3886421	0.477728
803	0.3893375	0.4769654
804	0.3900315	0.4762046
805	0.3907242	0.4754457
806	0.3914156	0.4746885
807	0.3921056	0.4739331
808	0.3927943	0.4731794
809	0.3934818	0.4724276
810	0.3941679	0.4716775
811	0.3948527	0.4709292
812	0.3955362	0.4701827
813	0.3962183	0.4694379
814	0.3968992	0.4686949
815	0.3975788	0.4679536
816	0.3982571	0.4672141
817	0.3989341	0.4664763
818	0.3996098	0.4657402
819	0.4002842	0.4650058
820	0.4009573	0.4642732
821	0.4016291	0.4635423
822	0.4022997	0.4628131
823	0.402969	0.4620857
824	0.4036369	0.4613599
825	0.4043037	0.4606358
826	0.4049691	0.4599134
827	0.4056332	0.4591927
828	0.4062961	0.4584737
829	0.4069577	0.4577563
830	0.4076181	0.4570407
831	0.4082772	0.4563267
832	0.408935	0.4556143
833	0.4095916	0.4549037
834	0.4102469	0.4541946
835	0.410901	0.4534873
836	0.4115538	0.4527815
837	0.4122053	0.4520775
838	0.4128557	0.451375
839	0.4135048	0.4506742
840	0.4141526	0.4499749
841	0.4147992	0.4492774
842	0.4154446	0.4485814
843	0.4160887	0.447887
844	0.4167316	0.4471943
845	0.4173733	0.4465032
846	0.4180137	0.4458136
847	0.4186529	0.4451256
848	0.4192909	0.4444393
849	0.4199277	0.4437545
850	0.4205633	0.4430712
851	0.4211977	0.4423896
852	0.4218308	0.4417095
853	0.4224628	0.441031
854	0.4230935	0.440354
855	0.4237231	0.4396786
856	0.4243514	0.4390047
857	0.4249786	0.4383324
858	0.4256045	0.4376616
859	0.4262293	0.4369924
860	0.4268529	0.4363247
861	0.4274752	0.4356585
862	0.4280964	0.4349938
863	0.4287165	0.4343307
864	0.4293353	0.433669
865	0.429953	0.4330089
866	0.4305695	0.4323503
867	0.4311848	0.4316932
868	0.431799	0.4310375
869	0.432412	0.4303834
870	0.4330238	0.4297307
871	0.4336345	0.4290795
872	0.434244	0.4284298
873	0.4348524	0.4277816
874	0.4354597	0.4271348
875	0.4360657	0.4264895
876	0.4366706	0.4258457
877	0.4372744	0.4252033
878	0.4378771	0.4245623
879	0.4384786	0.4239228
880	0.4390789	0.4232848
881	0.4396781	0.4226481
882	0.4402762	0.4220129
883	0.4408731	0.4213791
884	0.4414689	0.4207467
885	0.4420637	0.4201157
886	0.4426573	0.4194861
887	0.4432498	0.4188578
888	0.4438412	0.418231
889	0.4444315	0.4176056
890	0.4450207	0.4169815
891	0.4456088	0.4163588
892	0.4461958	0.4157375
893	0.4467818	0.4151175
894	0.4473666	0.414499
895	0.4479504	0.4138817
896	0.4485331	0.4132659
897	0.4491147	0.4126513
898	0.4496952	0.4120382
899	0.4502747	0.4114263
900	0.4508531	0.4108158
901	0.4514304	0.4102067
902	0.4520066	0.4095989
903	0.4525818	0.4089924
904	0.453156	0.4083872
905	0.453729	0.4077833
906	0.454301	0.4071808
907	0.454872	0.4065796
908	0.4554419	0.4059797
909	0.4560108	0.405381
910	0.4565786	0.4047837
911	0.4571445	0.404176
912	0.4577093	0.4035697
913	0.458273	0.4029648
914	0.4588357	0.4023612
915	0.4593973	0.401759
916	0.4599578	0.4011581
917	0.4605172	0.4005586
918	0.4610756	0.3999604
919	0.4616329	0.3993636
920	0.4621892	0.3987681
921	0.462721	0.3981894
922	0.4632519	0.397612
923	0.4637818	0.3970358
924	0.4643108	0.3964608
925	0.4648388	0.3958871
926	0.4653658	0.3953147
927	0.4658918	0.3947435
928	0.466417	0.3941734
929	0.4669412	0.3936047
930	0.4674644	0.3930372
931	0.4679825	0.3924732
932	0.4684998	0.3919104
933	0.4690161	0.3913488
934	0.4695314	0.3907884
935	0.4700459	0.3902293
936	0.4705594	0.3896713
937	0.471072	0.3891145
938	0.4715837	0.3885589
939	0.4720944	0.3880045
940	0.4726043	0.3874513
941	0.4731136	0.3869099
942	0.473622	0.3863697
943	0.4741294	0.3858306
944	0.474636	0.3852927
945	0.4751417	0.3847558
946	0.4756465	0.3842201
947	0.4761505	0.3836855
948	0.4766535	0.383152
949	0.4771556	0.3826196
950	0.4776569	0.3820883
951	0.4781436	0.3815355
952	0.4786294	0.380984
953	0.4791144	0.3804336
954	0.4795985	0.3798845
955	0.4800817	0.3793365
956	0.480564	0.3787898
957	0.4810455	0.3782442
958	0.4815261	0.3776998
959	0.4820059	0.3771566
960	0.4824848	0.3766145
961	0.4829857	0.3760929
962	0.4834857	0.3755722
963	0.4839849	0.3750527
964	0.4844832	0.3745342
965	0.4849805	0.3740167
966	0.4854771	0.3735004
967	0.4859728	0.372985
968	0.4864676	0.3724707
969	0.4869616	0.3719575
970	0.4874547	0.3714453
971	0.4870094	0.3718853
972	0.4865645	0.3723251
973	0.48612	0.3727646
974	0.4856758	0.3732038
975	0.485232	0.3736428
976	0.4847886	0.3740816
977	0.4843456	0.3745201
978	0.4839028	0.3749583
979	0.4834605	0.3753963
980	0.4830186	0.375834
981	0.482577	0.3762715
982	0.4821358	0.3767087
983	0.4816949	0.3771456
984	0.4812545	0.3775823
985	0.4808144	0.3780187
986	0.4803746	0.3784549
987	0.4799353	0.3788908
988	0.4794963	0.3793265
989	0.4790577	0.3797619
990	0.4786194	0.380197
991	0.4781816	0.3806318
992	0.4777441	0.3810664
993	0.477307	0.3815008
994	0.4768724	0.3819333
995	0.4764418	0.382363
996	0.4760115	0.3827925
997	0.4755816	0.3832217
998	0.4751521	0.3836506
999	0.4747228	0.3840794
aoi	30	
380	0.1694896	0.1801195
381	0.1716142	0.1907479
382	0.1740803	0.2022334
383	0.1769271	0.2145921
384	0.1801794	0.2278457
385	0.1838794	0.241932
386	0.1880521	0.2568144
387	0.1926987	0.2724346
388	0.1978055	0.2887039
389	0.2033721	0.305539
390	0.2093677	0.3228451
391	0.2156964	0.3404576
392	0.2223071	0.3582835
393	0.2291389	0.3762383
394	0.2361001	0.3942206
395	0.2429888	0.4119967
396	0.2497931	0.4296098
397	0.2564136	0.4469909
398	0.2627059	0.4640171
399	0.2685243	0.4805691
400	0.2738693	0.4967224
401	0.2786689	0.5124407
402	0.2827625	0.5275533
403	0.2861387	0.5420844
404	0.2888093	0.5560725
405	0.290745	0.5694833
406	0.2917984	0.5820739
407	0.2920908	0.594003
408	0.2916307	0.605242
409	0.2904074	0.6156894
410	0.2884045	0.6252109
411	0.2857426	0.6339179
412	0.2824682	0.6417708
413	0.2786008	0.6486171
414	0.2742395	0.6544485
415	0.2695535	0.6593104
416	0.2649225	0.6635454
417	0.2605411	0.6675063
418	0.2563221	0.6713128
419	0.2522467	0.6749831
420	0.2483064	0.6785249
421	0.2445043	0.6819346
422	0.2408103	0.6852402
423	0.237219	0.6884469
424	0.2337348	0.6915506
425	0.2303443	0.6945625
426	0.2270421	0.697489
427	0.2238254	0.7003325
428	0.2207032	0.7030847
429	0.2176627	0.7057573
430	0.2146997	0.7083546
431	0.2118139	0.710877
432	0.2090113	0.7133187
433	0.2062802	0.7156906
434	0.2036141	0.717999
435	0.2010178	0.7202393
436	0.1984934	0.7224096
437	0.196035	0.724516
438	0.1936414	0.7265595
439	0.1913171	0.728536
440	0.1890569	0.7304502
441	0.1868582	0.7323049
442	0.1847206	0.7341008
443	0.1826403	0.7358401
444	0.1806187	0.7375228
445	0.178655	0.7391498
446	0.17675	0.74072
447	0.1749042	0.7422333
448	0.1731136	0.7436934
449	0.1713775	0.7451011
450	0.1696979	0.7464545
451	0.1680702	0.7477578
452	0.1664905	0.7490144
453	0.1649626	0.7502216
454	0.1634887	0.7513768
455	0.1620649	0.752484
456	0.1606908	0.7535439
457	0.1593661	0.7545564
458	0.1580916	0.7555209
459	0.1568613	0.7564428
460	0.1556751	0.7573224
461	0.1545365	0.7581565
462	0.1534443	0.7589463
463	0.1523971	0.7596933
464	0.1513942	0.7603982
465	0.1504366	0.7610597
466	0.1495222	0.7616802
467	0.1486503	0.7622604
468	0.1478197	0.7628011
469	0.1470264	0.7633057
470	0.1462737	0.7637718
471	0.1455612	0.7641998
472	0.1448888	0.7645895
473	0.1442559	0.7649419
474	0.1436613	0.7652579
475	0.1431044	0.7655381
476	0.1425854	0.7657823
477	0.1421032	0.7659917
478	0.1416569	0.7661671
479	0.1412461	0.7663089
480	0.1408693	0.7664181
481	0.140524	0.7664972
482	0.1402126	0.7665444
483	0.1399345	0.7665597
484	0.1396896	0.7665439
485	0.1394768	0.7664976
486	0.1392956	0.7664215
487	0.1391457	0.7663158
488	0.1390265	0.766181
489	0.1389352	0.7660196
490	0.1388726	0.765831
491	0.1388394	0.7656145
492	0.1388347	0.7653714
493	0.138858	0.7651018
494	0.1389086	0.7648062
495	0.1389864	0.7644853
496	0.1390906	0.7641392
497	0.1392207	0.763769
498	0.1393756	0.7633752
499	0.1395542	0.7629588
500	0.1397574	0.7625195
501	0.1399845	0.7620576
502	0.1402353	0.7615734
503	0.1405093	0.7610677
504	0.1408059	0.7605405
505	0.1411245	0.7599928
506	0.1414649	0.7594248
507	0.1418265	0.7588368
508	0.1422087	0.7582296
509	0.1426103	0.757604
510	0.143032	0.7569596
511	0.1434733	0.7562972
512	0.1439336	0.7556169
513	0.1444126	0.7549192
514	0.1449099	0.7542047
515	0.145425	0.7534735
516	0.1459574	0.7527263
517	0.1465068	0.7519634
518	0.1470726	0.7511851
519	0.1476549	0.7503918
520	0.1482529	0.7495838
521	0.1488665	0.7487615
522	0.1494955	0.7479253
523	0.150139	0.7470755
524	0.150797	0.7462126
525	0.1514691	0.7453369
526	0.1521549	0.7444487
527	0.1528539	0.7435484
528	0.153566	0.7426362
529	0.1542911	0.7417122
530	0.1550287	0.740777
531	0.1557781	0.7398309
532	0.1565394	0.7388744
533	0.1573122	0.7379076
534	0.1580959	0.7369308
535	0.1588904	0.7359446
536	0.1596956	0.7349489
537	0.1605113	0.7339438
538	0.161337	0.7329299
539	0.1621722	0.7319076
540	0.163017	0.7308769
541	0.1638711	0.7298382
542	0.1647339	0.7287917
543	0.1656055	0.7277378
544	0.1664855	0.7266766
545	0.1673736	0.7256084
546	0.1682696	0.7245335
547	0.1691732	0.7234521
548	0.1700844	0.7223644
549	0.1710027	0.7212705
550	0.1719278	0.7201711
551	0.1728598	0.7190659
552	0.1737984	0.7179553
553	0.1747431	0.7168396
554	0.175694	0.715719
555	0.1766508	0.7145935
556	0.1776132	0.7134636
557	0.1785811	0.7123292
558	0.1795542	0.7111908
559	0.1805325	0.7100483
560	0.1815157	0.708902
561	0.1825034	0.7077522
562	0.1834959	0.7065989
563	0.1844926	0.7054424
564	0.1854935	0.7042828
565	0.1864984	0.7031202
566	0.1875071	0.7019549
567	0.1885195	0.700787
568	0.1895355	0.6996167
569	0.1905547	0.6984441
570	0.1915772	0.6972694
571	0.1926027	0.6960926
572	0.193631	0.6949142
573	0.1946622	0.6937339
574	0.1956959	0.6925521
575	0.196732	0.6913689
576	0.1977706	0.6901843
577	0.1988112	0.6889986
578	0.199854	0.6878118
579	0.2008988	0.686624
580	0.2019453	0.6854356
581	0.2029936	0.6842462
582	0.2040435	0.6830563
583	0.2050947	0.681866
584	0.2061475	0.6806751
585	0.2072014	0.6794841
586	0.2082565	0.6782928
587	0.2093126	0.6771014
588	0.2103697	0.6759101
589	0.2114276	0.6747188
590	0.2124863	0.6735276
591	0.2135456	0.6723369
592	0.2146055	0.6711463
593	0.2156658	0.6699563
594	0.2167265	0.6687668
595	0.2177876	0.6675778
596	0.2188488	0.6663896
597	0.2199102	0.665202
598	0.2209716	0.6640153
599	0.2220329	0.6628295
600	0.2230943	0.6616446
601	0.2241554	0.6604608
602	0.2252162	0.659278
603	0.2262768	0.6580963
604	0.2273369	0.656916
605	0.2283966	0.6557369
606	0.2294558	0.654559
607	0.2305144	0.6533827
608	0.2315724	0.6522076
609	0.2326296	0.6510341
610	0.2336861	0.6498622
611	0.2347418	0.6486917
612	0.2357966	0.647523
613	0.2368505	0.6463559
614	0.2379034	0.6451905
615	0.2389553	0.644027
616	0.2400061	0.6428652
617	0.2410557	0.6417053
618	0.2421042	0.6405473
619	0.2431515	0.6393912
620	0.2441975	0.6382371
621	0.2452422	0.637085
622	0.2462855	0.6359348
623	0.2473275	0.6347869
624	0.248368	0.633641
625	0.2494071	0.6324972
626	0.2504446	0.6313556
627	0.2514807	0.6302161
628	0.2525151	0.6290789
629	0.2535479	0.627944
630	0.2545792	0.6268112
631	0.2556087	0.6256809
632	0.2566365	0.6245528
633	0.2576626	0.623427
634	0.258687	0.6223037
635	0.2597095	0.6211827
636	0.2607302	0.6200641
637	0.2617491	0.618948
638	0.2627661	0.6178343
639	0.2637812	0.6167231
640	0.2647944	0.6156143
641	0.2658057	0.614508
642	0.266815	0.6134043
643	0.2678223	0.6123031
644	0.2688276	0.6112043
645	0.269831	0.6101082
646	0.2708322	0.6090147
647	0.2718314	0.6079237
648	0.2728285	0.6068353
649	0.2738236	0.6057494
650	0.2748164	0.6046663
651	0.2758072	0.6035858
652	0.2767959	0.6025078
653	0.2777824	0.6014326
654	0.2787667	0.6003599
655	0.2797488	0.5992899
656	0.2807288	0.5982226
657	0.2817065	0.5971579
658	0.282682	0.596096
659	0.2836552	0.5950367
660	0.2846263	0.59398
661	0.2855951	0.5929262
662	0.2865615	0.591875
663	0.2875258	0.5908264
664	0.2884878	0.5897806
665	0.2894474	0.5887375
666	0.2904048	0.5876971
667	0.2913599	0.5866594
668	0.2923127	0.5856244
669	0.2932631	0.5845922
670	0.2942112	0.5835626
671	0.2951571	0.5825357
672	0.2961005	0.5815117
673	0.2970416	0.5804903
674	0.2979804	0.5794715
675	0.2989168	0.5784556
676	0.2998509	0.5774423
677	0.3007826	0.5764318
678	0.301712	0.575424
679	0.3026389	0.5744189
680	0.3035635	0.5734165
681	0.3044858	0.5724168
682	0.3054057	0.5714198
683	0.3063232	0.5704256
684	0.3072384	0.569434
685	0.3081512	0.5684451
686	0.3090616	0.5674589
687	0.3099695	0.5664754
688	0.3108752	0.5654947
689	0.3117785	0.5645165
690	0.3126794	0.5635411
691	0.3135778	0.5625684
692	0.314474	0.5615983
693	0.3153677	0.5606308
694	0.3162591	0.5596661
695	0.3171481	0.558704
696	0.3180347	0.5577446
697	0.318919	0.5567878
698	0.3198008	0.5558336
699	0.3206804	0.5548822
700	0.3215576	0.5539333
701	0.3224323	0.552987
702	0.3233047	0.5520435
703	0.3241748	0.5511024
704	0.3250426	0.550164
705	0.3259079	0.5492283
706	0.3267709	0.548295
707	0.3276316	0.5473645
708	0.3284899	0.5464364
709	0.3293458	0.545511
710	0.3301995	0.5445882
711	0.3310508	0.5436678
712	0.3318998	0.5427501
713	0.3327464	0.5418349
714	0.3335907	0.5409222
715	0.3344327	0.5400121
716	0.3352724	0.5391046
717	0.3361098	0.5381995
718	0.3369449	0.537297
719	0.3377777	0.5363969
720	0.3386081	0.5354994
721	0.3394363	0.5346044
722	0.3402622	0.5337118
723	0.3410859	0.5328217
724	0.3419072	0.5319341
725	0.3427263	0.531049
726	0.3435431	0.5301663
727	0.3443576	0.5292861
728	0.3451699	0.5284082
729	0.34598	0.5275329
730	0.3467878	0.5266599
731	0.3475933	0.5257894
732	0.3483967	0.5249213
733	0.3491978	0.5240556
734	0.3499966	0.5231923
735	0.3507933	0.5223313
736	0.3515877	0.5214728
737	0.35238	0.5206166
738	0.35317	0.5197628
739	0.3539578	0.5189113
740	0.3547435	0.5180622
741	0.355527	0.5172153
742	0.3563083	0.5163709
743	0.3570874	0.5155287
744	0.3578644	0.5146889
745	0.3586393	0.5138514
746	0.3594119	0.5130161
747	0.3601824	0.5121831
748	0.3609509	0.5113525
749	0.3617171	0.5105241
750	0.3624725	0.5097048
751	0.3632116	0.5088989
752	0.3639489	0.508095
753	0.3646844	0.507293
754	0.3654182	0.506493
755	0.3661502	0.5056949
756	0.3668804	0.5048988
757	0.3676089	0.5041046
758	0.3683357	0.5033123
759	0.3690607	0.502522
760	0.369784	0.5017335
761	0.3705056	0.500947
762	0.3712254	0.5001624
763	0.3719435	0.4993796
764	0.3726599	0.4985988
765	0.3733746	0.4978198
766	0.3740876	0.4970427
767	0.3747988	0.4962675
768	0.3755084	0.4954941
769	0.3762162	0.4947226
770	0.3769224	0.493953
771	0.3776269	0.4931852
772	0.3783297	0.4924193
773	0.3790308	0.4916552
774	0.3797302	0.4908929
775	0.3804279	0.4901325
776	0.381124	0.4893738
777	0.3818184	0.488617
778	0.3825112	0.487862
779	0.3832023	0.4871088
780	0.3838917	0.4863574
781	0.3845796	0.4856078
782	0.3852657	0.48486
783	0.3859502	0.484114
784	0.3866331	0.4833697
785	0.3873143	0.4826272
786	0.3879939	0.4818865
787	0.3886718	0.4811476
788	0.3893482	0.4804104
789	0.390023	0.4796749
790	0.3906961	0.4789412
791	0.3913676	0.4782092
792	0.3920376	0.477479
793	0.3927059	0.4767504
794	0.3933726	0.4760236
795	0.3940377	0.4752986
796	0.3947013	0.4745752
797	0.3953632	0.4738535
798	0.3960236	0.4731335
799	0.3966825	0.4724152
800	0.397337	0.4716991
801	0.3979775	0.4709866
802	0.3986169	0.4702757
803	0.3992551	0.4695664
804	0.3998921	0.4688588
805	0.4005279	0.4681528
806	0.4011626	0.4674484
807	0.4017962	0.4667456
808	0.4024285	0.4660444
809	0.4030597	0.4653448
810	0.4036898	0.4646467
811	0.4043187	0.4639503
812	0.4049464	0.4632554
813	0.405573	0.4625622
814	0.4061985	0.4618705
815	0.4068228	0.4611803
816	0.407446	0.4604917
817	0.408068	0.4598047
818	0.4086889	0.4591192
819	0.4093087	0.4584353
820	0.4099273	0.4577529
821	0.4105448	0.457072
822	0.4111612	0.4563927
823	0.4117765	0.4557149
824	0.4123906	0.4550386
825	0.4130037	0.4543638
826	0.4136156	0.4536905
827	0.4142264	0.4530188
828	0.4148361	0.4523485
829	0.4154447	0.4516797
830	0.4160522	0.4510125
831	0.4166586	0.4503467
832	0.4172639	0.4496824
833	0.4178681	0.4490196
834	0.4184712	0.4483582
835	0.4190732	0.4476983
836	0.4196741	0.4470399
837	0.420274	0.4463829
838	0.4208727	0.4457274
839	0.4214705	0.4450733
840	0.4220671	0.4444207
841	0.4226626	0.4437695
842	0.4232571	0.4431198
843	0.4238505	0.4424715
844	0.4244428	0.4418246
845	0.4250341	0.4411791
846	0.4256243	0.4405351
847	0.4262134	0.4398924
848	0.4268015	0.4392512
849	0.4273886	0.4386113
850	0.4279746	0.4379729
851	0.4285595	0.4373359
852	0.4291434	0.4367002
853	0.4297263	0.436066
854	0.4303081	0.4354331
855	0.4308889	0.4348016
856	0.4314687	0.4341714
857	0.4320474	0.4335427
858	0.4326251	0.4329153
859	0.4332018	0.4322892
860	0.4337774	0.4316645
861	0.434352	0.4310412
862	0.4349256	0.4304192
863	0.4354982	0.4297985
864	0.4360698	0.4291792
865	0.4366403	0.4285613
866	0.4372098	0.4279446
867	0.4377784	0.4273293
868	0.4383459	0.4267153
869	0.4389125	0.4261026
870	0.439478	0.4254912
871	0.4400425	0.4248812
872	0.4406061	0.4242724
873	0.4411686	0.423665
874	0.4417302	0.4230588
875	0.4422908	0.422454
876	0.4428504	0.4218504
877	0.443409	0.4212481
878	0.4439666	0.4206471
879	0.4445233	0.4200473
880	0.4450789	0.4194489
881	0.4456336	0.4188517
882	0.4461873	0.4182557
883	0.4467401	0.417661
884	0.4472919	0.4170675
885	0.4478427	0.4164753
886	0.4483926	0.4158843
887	0.4489415	0.4152945
888	0.4494896	0.4147059
889	0.4500366	0.4141186
890	0.4505827	0.4135325
891	0.4511279	0.4129476
892	0.4516722	0.4123639
893	0.4522155	0.4117814
894	0.4527579	0.4112001
895	0.4532994	0.41062
896	0.45384	0.4100411
897	0.4543796	0.4094634
898	0.4549183	0.4088869
899	0.4554561	0.4083115
900	0.455993	0.4077374
901	0.4565289	0.4071644
902	0.457064	0.4065926
903	0.4575981	0.406022
904	0.4581314	0.4054525
905	0.4586637	0.4048842
906	0.4591951	0.4043171
907	0.4597256	0.4037511
908	0.4602553	0.4031863
909	0.460784	0.4026226
910	0.4613118	0.4020601
911	0.4618367	0.4014882
912	0.4623605	0.4009176
913	0.4628835	0.4003482
914	0.4634056	0.39978
915	0.4639267	0.399213
916	0.4644469	0.3986472
917	0.4649662	0.3980826
918	0.4654845	0.3975192
919	0.466002	0.3969569
920	0.4665185	0.3963959
921	0.4670127	0.39585
922	0.467506	0.3953052
923	0.4679985	0.3947614
924	0.4684902	0.3942188
925	0.468981	0.3936773
926	0.4694711	0.3931369
927	0.4699603	0.3925975
928	0.4704488	0.3920593
929	0.4709364	0.3915221
930	0.4714233	0.390986
931	0.4719053	0.3904533
932	0.4723865	0.3899215
933	0.472867	0.3893909
934	0.4733467	0.3888613
935	0.4738256	0.3883328
936	0.4743037	0.3878053
937	0.474781	0.3872788
938	0.4752576	0.3867535
939	0.4757334	0.3862291
940	0.4762084	0.3857058
941	0.4766832	0.385194
942	0.4771571	0.3846832
943	0.4776304	0.3841733
944	0.4781028	0.3836645
945	0.4785745	0.3831566
946	0.4790455	0.3826497
947	0.4795157	0.3821438
948	0.4799852	0.3816389
949	0.4804539	0.3811349
950	0.4809218	0.380632
951	0.4813752	0.3801079
952	0.4818279	0.3795849
953	0.4822799	0.3790629
954	0.4827311	0.378542
955	0.4831815	0.3780222
956	0.4836313	0.3775034
957	0.4840803	0.3769857
958	0.4845285	0.376469
959	0.4849761	0.3759534
960	0.485423	0.3754388
961	0.4858919	0.374944
962	0.48636	0.3744502
963	0.4868274	0.3739573
964	0.4872941	0.3734654
965	0.4877601	0.3729744
966	0.4882253	0.3724843
967	0.4886898	0.3719952
968	0.4891535	0.371507
969	0.4896166	0.3710197
970	0.4900788	0.3705333
971	0.4896279	0.3709757
972	0.4891774	0.3714178
973	0.4887272	0.3718595
974	0.4882775	0.3723011
975	0.4878282	0.3727423
976	0.4873793	0.3731833
977	0.4869308	0.3736239
978	0.4864827	0.3740643
979	0.486035	0.3745044
980	0.4855878	0.3749442
981	0.4851409	0.3753838
982	0.4846945	0.375823
983	0.4842485	0.376262
984	0.4838028	0.3767006
985	0.4833576	0.377139
986	0.4829128	0.3775771
987	0.4824684	0.3780149
988	0.4820245	0.3784525
989	0.4815809	0.3788897
990	0.4811377	0.3793266
991	0.480695	0.3797633
992	0.4802527	0.3801997
993	0.4798108	0.3806357
994	0.4793712	0.3810702
995	0.4789354	0.381502
996	0.4785001	0.3819335
997	0.4780651	0.3823648
998	0.4776305	0.3827957
999	0.4771963	0.3832265
aoi	35	
380	0.1642144	0.170082
381	0.1662673	0.1805349
382	0.1686531	0.1918472
383	0.1714071	0.2040402
384	0.1745471	0.2171409
385	0.1781171	0.2310968
386	0.1821407	0.2458794
387	0.1866166	0.261439
388	0.1915323	0.2776963
389	0.1968948	0.2945772
390	0.2026791	0.3119948
391	0.2087929	0.3297898
392	0.215197	0.347873
393	0.221842	0.3661613
394	0.2286471	0.3845527
395	0.2354156	0.4028054
396	0.2421499	0.4209583
397	0.2487577	0.4389335
398	0.2550971	0.4565944
399	0.2610214	0.4738063
400	0.266534	0.4906358
401	0.2715595	0.507035
402	0.275925	0.5228148
403	0.2796121	0.5379906
404	0.2826254	0.5525959
405	0.2849242	0.5665885
406	0.2863383	0.5797077
407	0.2869869	0.5921178
408	0.2868681	0.6037865
409	0.2859575	0.6146073
410	0.2842242	0.6244388
411	0.28179	0.6333996
412	0.2786964	0.6414493
413	0.2749533	0.6484286
414	0.2706607	0.6543312
415	0.2659955	0.6592094
416	0.2613669	0.6634335
417	0.256992	0.6673779
418	0.252786	0.6711624
419	0.2487288	0.6748063
420	0.2448121	0.6783172
421	0.241039	0.6816917
422	0.2373796	0.6849571
423	0.2338284	0.6881189
424	0.2303904	0.6911725
425	0.2270531	0.6941278
426	0.2238102	0.6969924
427	0.2206591	0.6997685
428	0.2176086	0.702448
429	0.2146464	0.7050423
430	0.2117681	0.7075556
431	0.2089737	0.7099884
432	0.2062689	0.7123347
433	0.2036424	0.7146057
434	0.2010885	0.7168061
435	0.1986114	0.7189321
436	0.1962131	0.7209824
437	0.1938874	0.722963
438	0.1916334	0.7248748
439	0.1894552	0.7267141
440	0.1873477	0.7284857
441	0.1853082	0.730192
442	0.1833364	0.731834
443	0.1814295	0.7334126
444	0.1795877	0.7349291
445	0.1778102	0.7363846
446	0.1760974	0.7377783
447	0.1744495	0.7391103
448	0.1728629	0.7403841
449	0.1713366	0.7416007
450	0.1698722	0.7427586
451	0.1684656	0.7438613
452	0.1671134	0.744912
453	0.1658181	0.745909
454	0.1645816	0.7468502
455	0.1634001	0.7477395
456	0.1622729	0.7485778
457	0.1611996	0.7493651
458	0.1601804	0.7501014
459	0.1592106	0.7507908
460	0.1582896	0.7514339
461	0.1574199	0.7520288
462	0.1566	0.7525769
463	0.1558285	0.7530796
464	0.1551045	0.7535377
465	0.1544285	0.7539507
466	0.1537985	0.7543206
467	0.1532136	0.7546484
468	0.1526725	0.7549349
469	0.1521727	0.7551819
470	0.1517157	0.755389
471	0.1513007	0.7555568
472	0.1509273	0.7556856
473	0.1505947	0.7557763
474	0.1503018	0.7558301
475	0.1500476	0.7558476
476	0.149832	0.7558291
477	0.1496538	0.7557756
478	0.1495121	0.7556881
479	0.149406	0.7555674
480	0.1493348	0.7554137
481	0.1492968	0.7552288
482	0.1492926	0.7550125
483	0.1493213	0.7547652
484	0.1493825	0.7544879
485	0.1494753	0.7541811
486	0.1495988	0.7538456
487	0.1497526	0.7534821
488	0.1499358	0.7530909
489	0.1501474	0.7526732
490	0.150387	0.7522292
491	0.1506543	0.7517594
492	0.1509485	0.7512647
493	0.1512689	0.7507456
494	0.1516147	0.7502027
495	0.1519857	0.7496367
496	0.1523809	0.749048
497	0.1527997	0.7484374
498	0.1532417	0.7478053
499	0.1537065	0.7471515
500	0.1541936	0.7464774
501	0.1547019	0.7457833
502	0.155231	0.74507
503	0.1557806	0.744338
504	0.1563499	0.7435875
505	0.1569381	0.7428195
506	0.1575451	0.7420344
507	0.1581701	0.7412324
508	0.1588128	0.7404142
509	0.1594736	0.7395789
510	0.1601512	0.7387282
511	0.1608451	0.7378627
512	0.1615545	0.7369826
513	0.162279	0.7360888
514	0.1630184	0.7351815
515	0.1637721	0.7342609
516	0.1645394	0.7333279
517	0.1653209	0.7323819
518	0.1661165	0.7314227
519	0.1669249	0.7304521
520	0.1677452	0.7294705
521	0.1685773	0.7284782
522	0.169421	0.7274756
523	0.1702755	0.726463
524	0.1711404	0.7254411
525	0.1720157	0.72441
526	0.1729008	0.72337
527	0.1737953	0.7223216
528	0.1746998	0.7212641
529	0.1756146	0.7201973
530	0.1765381	0.719123
531	0.1774694	0.7180416
532	0.1784087	0.7169533
533	0.1793556	0.7158583
534	0.1803095	0.7147571
535	0.1812703	0.71365
536	0.1822386	0.7125364
537	0.1832138	0.7114166
538	0.1841955	0.7102914
539	0.185183	0.7091611
540	0.1861765	0.7080258
541	0.1871757	0.7068857
542	0.18818	0.7057413
543	0.1891894	0.7045927
544	0.1902037	0.70344
545	0.1912226	0.7022836
546	0.1922458	0.7011236
547	0.1932731	0.6999604
548	0.1943045	0.698794
549	0.1953397	0.6976246
550	0.1963781	0.6964527
551	0.19742	0.6952782
552	0.1984651	0.6941013
553	0.199513	0.6929223
554	0.2005637	0.6917414
555	0.201617	0.6905586
556	0.2026726	0.6893742
557	0.2037306	0.6881884
558	0.2047904	0.6870013
559	0.2058523	0.685813
560	0.206916	0.6846236
561	0.2079811	0.6834337
562	0.2090477	0.6822429
563	0.2101157	0.6810515
564	0.2111847	0.6798597
565	0.2122548	0.6786677
566	0.2133258	0.6774755
567	0.2143975	0.6762832
568	0.2154699	0.675091
569	0.2165426	0.6738992
570	0.2176158	0.6727076
571	0.2186893	0.6715164
572	0.2197628	0.6703259
573	0.2208364	0.669136
574	0.2219099	0.6679468
575	0.2229833	0.6667585
576	0.2240563	0.6655711
577	0.225129	0.6643849
578	0.2262012	0.6631996
579	0.2272729	0.6620156
580	0.2283438	0.660833
581	0.2294142	0.6596515
582	0.2304837	0.6584716
583	0.2315522	0.6572933
584	0.2326199	0.6561164
585	0.2336864	0.6549413
586	0.2347519	0.6537678
587	0.2358162	0.6525961
588	0.2368792	0.6514264
589	0.237941	0.6502585
590	0.2390013	0.6490925
591	0.2400602	0.6479287
592	0.2411176	0.6467668
593	0.2421735	0.645607
594	0.2432277	0.6444495
595	0.2442804	0.6432941
596	0.2453312	0.6421411
597	0.2463804	0.6409903
598	0.2474277	0.6398419
599	0.2484731	0.638696
600	0.2495166	0.6375523
601	0.2505583	0.6364112
602	0.2515979	0.6352726
603	0.2526355	0.6341365
604	0.253671	0.633003
605	0.2547045	0.6318721
606	0.2557358	0.6307438
607	0.2567649	0.6296182
608	0.2577919	0.6284952
609	0.2588166	0.627375
610	0.2598391	0.6262576
611	0.2608593	0.6251428
612	0.2618771	0.6240309
613	0.2628927	0.6229218
614	0.2639058	0.6218154
615	0.2649166	0.620712
616	0.265925	0.6196113
617	0.2669309	0.6185135
618	0.2679343	0.6174187
619	0.2689354	0.6163267
620	0.2699339	0.6152377
621	0.2709299	0.6141516
622	0.2719234	0.6130684
623	0.2729143	0.6119882
624	0.2739027	0.610911
625	0.2748885	0.6098367
626	0.2758717	0.6087654
627	0.2768523	0.6076971
628	0.2778303	0.6066318
629	0.2788057	0.6055696
630	0.2797785	0.6045102
631	0.2807486	0.603454
632	0.2817161	0.6024007
633	0.2826809	0.6013504
634	0.2836431	0.6003033
635	0.2846026	0.5992591
636	0.2855593	0.5982179
637	0.2865134	0.5971799
638	0.2874649	0.5961447
639	0.2884136	0.5951127
640	0.2893596	0.5940837
641	0.290303	0.5930577
642	0.2912436	0.5920348
643	0.2921815	0.5910149
644	0.2931167	0.5899979
645	0.2940492	0.5889841
646	0.294979	0.5879733
647	0.295906	0.5869655
648	0.2968304	0.5859607
649	0.297752	0.5849588
650	0.2986709	0.5839601
651	0.2995871	0.5829643
652	0.3005006	0.5819715
653	0.3014114	0.5809818
654	0.3023194	0.579995
655	0.3032248	0.5790112
656	0.3041275	0.5780304
657	0.3050274	0.5770525
658	0.3059246	0.5760777
659	0.3068192	0.5751058
660	0.3077111	0.5741367
661	0.3086002	0.5731708
662	0.3094867	0.5722077
663	0.3103705	0.5712475
664	0.3112516	0.5702903
665	0.31213	0.569336
666	0.3130058	0.5683846
667	0.313879	0.5674361
668	0.3147494	0.5664904
669	0.3156172	0.5655477
670	0.3164824	0.5646078
671	0.317345	0.5636708
672	0.3182048	0.5627367
673	0.3190621	0.5618054
674	0.3199167	0.5608769
675	0.3207688	0.5599512
676	0.3216182	0.5590284
677	0.322465	0.5581084
678	0.3233092	0.5571911
679	0.3241509	0.5562767
680	0.3249899	0.555365
681	0.3258265	0.5544561
682	0.3266604	0.5535499
683	0.3274918	0.5526466
684	0.3283206	0.5517459
685	0.3291469	0.5508479
686	0.3299707	0.5499527
687	0.3307919	0.5490602
688	0.3316106	0.5481704
689	0.3324269	0.5472832
690	0.3332406	0.5463987
691	0.3340518	0.5455169
692	0.3348605	0.5446377
693	0.3356668	0.5437612
694	0.3364706	0.5428873
695	0.337272	0.542016
696	0.3380709	0.5411473
697	0.3388674	0.5402813
698	0.3396613	0.5394178
699	0.340453	0.5385569
700	0.3412422	0.5376985
701	0.342029	0.5368426
702	0.3428134	0.5359894
703	0.3435954	0.5351387
704	0.3443751	0.5342904
705	0.3451524	0.5334447
706	0.3459273	0.5326015
707	0.3466999	0.5317608
708	0.3474701	0.5309225
709	0.348238	0.5300867
710	0.3490036	0.5292534
711	0.3497669	0.5284224
712	0.3505279	0.527594
713	0.3512865	0.5267679
714	0.352043	0.5259443
715	0.3527971	0.525123
716	0.353549	0.5243041
717	0.3542986	0.5234876
718	0.355046	0.5226735
719	0.3557911	0.5218617
720	0.356534	0.5210523
721	0.3572747	0.5202452
722	0.3580132	0.5194404
723	0.3587495	0.5186379
724	0.3594835	0.5178378
725	0.3602155	0.5170398
726	0.3609452	0.5162442
727	0.3616728	0.5154509
728	0.3623982	0.5146598
729	0.3631215	0.513871
730	0.3638427	0.5130843
731	0.3645617	0.5122999
732	0.3652786	0.5115178
733	0.3659934	0.5107378
734	0.3667061	0.50996
735	0.3674167	0.5091844
736	0.3681252	0.508411
737	0.3688317	0.5076398
738	0.3695361	0.5068707
739	0.3702384	0.5061037
740	0.3709388	0.5053389
741	0.3716371	0.5045761
742	0.3723333	0.5038155
743	0.3730275	0.503057
744	0.3737198	0.5023006
745	0.37441	0.5015463
746	0.3750982	0.500794
747	0.3757845	0.5000438
748	0.3764688	0.4992957
749	0.3771511	0.4985496
750	0.3778233	0.4978117
751	0.3784803	0.4970862
752	0.3791356	0.4963624
753	0.3797893	0.4956404
754	0.3804415	0.4949201
755	0.3810921	0.4942015
756	0.3817411	0.4934846
757	0.3823885	0.4927694
758	0.3830344	0.4920558
759	0.3836787	0.491344
760	0.3843215	0.4906339
761	0.3849627	0.4899254
762	0.3856024	0.4892186
763	0.3862405	0.4885135
764	0.3868772	0.48781
765	0.3875123	0.4871081
766	0.3881458	0.4864079
767	0.3887779	0.4857094
768	0.3894085	0.4850124
769	0.3900375	0.4843171
770	0.3906651	0.4836234
771	0.3912911	0.4829313
772	0.3919157	0.4822408
773	0.3925388	0.4815519
774	0.3931604	0.4808646
775	0.3937806	0.4801789
776	0.3943992	0.4794948
777	0.3950165	0.4788122
778	0.3956322	0.4781312
779	0.3962465	0.4774517
780	0.3968594	0.4767738
781	0.3974708	0.4760975
782	0.3980808	0.4754227
783	0.3986893	0.4747495
784	0.3992965	0.4740778
785	0.3999021	0.4734075
786	0.4005064	0.4727389
787	0.4011093	0.4720717
788	0.4017107	0.4714061
789	0.4023108	0.4707419
790	0.4029094	0.4700792
791	0.4035067	0.4694181
792	0.4041026	0.4687584
793	0.404697	0.4681002
794	0.4052901	0.4674435
795	0.4058819	0.4667882
796	0.4064722	0.4661344
797	0.4070612	0.4654821
798	0.4076489	0.4648312
799	0.4082351	0.4641817
800	0.4088174	0.4635342
801	0.4093861	0.46289
802	0.4099538	0.4622472
803	0.4105206	0.4616058
804	0.4110864	0.4609657
805	0.4116513	0.460327
806	0.4122152	0.4596897
807	0.4127782	0.4590537
808	0.4133402	0.4584191
809	0.4139013	0.4577859
810	0.4144615	0.4571539
811	0.4150207	0.4565234
812	0.415579	0.4558941
813	0.4161363	0.4552662
814	0.4166927	0.4546396
815	0.4172482	0.4540143
816	0.4178028	0.4533903
817	0.4183564	0.4527676
818	0.4189092	0.4521463
819	0.419461	0.4515262
820	0.4200119	0.4509075
821	0.4205619	0.45029
822	0.421111	0.4496738
823	0.4216591	0.4490589
824	0.4222064	0.4484453
825	0.4227528	0.4478329
826	0.4232983	0.4472218
827	0.4238429	0.446612
828	0.4243866	0.4460035
829	0.4249294	0.4453962
830	0.4254713	0.4447901
831	0.4260123	0.4441853
832	0.4265525	0.4435817
833	0.4270917	0.4429794
834	0.4276301	0.4423783
835	0.4281677	0.4417784
836	0.4287043	0.4411798
837	0.4292401	0.4405824
838	0.429775	0.4399862
839	0.4303091	0.4393912
840	0.4308422	0.4387974
841	0.4313746	0.4382048
842	0.431906	0.4376135
843	0.4324366	0.4370233
844	0.4329664	0.4364343
845	0.4334953	0.4358465
846	0.4340234	0.4352599
847	0.4345506	0.4346745
848	0.435077	0.4340902
849	0.4356025	0.4335071
850	0.4361272	0.4329252
851	0.4366511	0.4323445
852	0.4371741	0.4317649
853	0.4376963	0.4311865
854	0.4382177	0.4306092
855	0.4387382	0.4300331
856	0.4392579	0.4294581
857	0.4397768	0.4288842
858	0.4402949	0.4283115
859	0.4408122	0.42774
860	0.4413286	0.4271695
861	0.4418442	0.4266002
862	0.442359	0.4260321
863	0.4428731	0.425465
864	0.4433863	0.424899
865	0.4438986	0.4243342
866	0.4444102	0.4237705
867	0.444921	0.4232079
868	0.445431	0.4226464
869	0.4459402	0.4220859
870	0.4464486	0.4215266
871	0.4469562	0.4209684
872	0.4474631	0.4204112
873	0.4479691	0.4198552
874	0.4484744	0.4193002
875	0.4489788	0.4187463
876	0.4494825	0.4181935
877	0.4499854	0.4176417
878	0.4504876	0.417091
879	0.4509889	0.4165414
880	0.4514895	0.4159928
881	0.4519892	0.4154453
882	0.4524883	0.4148988
883	0.4529865	0.4143533
884	0.453484	0.4138089
885	0.4539808	0.4132655
886	0.4544768	0.4127231
887	0.4549721	0.4121818
888	0.4554666	0.4116414
889	0.4559604	0.4111021
890	0.4564534	0.4105638
891	0.4569457	0.4100265
892	0.4574372	0.4094902
893	0.4579281	0.4089549
894	0.4584181	0.4084206
895	0.4589075	0.4078873
896	0.4593961	0.407355
897	0.459884	0.4068237
898	0.4603712	0.4062934
899	0.4608576	0.405764
900	0.4613434	0.4052357
901	0.4618283	0.4047083
902	0.4623126	0.4041819
903	0.4627962	0.4036565
904	0.463279	0.403132
905	0.4637612	0.4026085
906	0.4642426	0.402086
907	0.4647233	0.4015644
908	0.4652033	0.4010438
909	0.4656826	0.4005242
910	0.4661612	0.4000055
911	0.4666352	0.399479
912	0.4671086	0.3989535
913	0.4675812	0.398429
914	0.4680531	0.3979055
915	0.4685243	0.397383
916	0.4689947	0.3968615
917	0.4694644	0.396341
918	0.4699333	0.3958215
919	0.4704016	0.3953031
920	0.4708691	0.3947856
921	0.4713169	0.3942809
922	0.471764	0.3937771
923	0.4722106	0.3932742
924	0.4726565	0.3927723
925	0.4731017	0.3922712
926	0.4735463	0.3917711
927	0.4739903	0.3912719
928	0.4744337	0.3907735
929	0.4748765	0.3902761
930	0.4753186	0.3897796
931	0.4757563	0.3892861
932	0.4761933	0.3887934
933	0.4766298	0.3883017
934	0.4770657	0.3878108
935	0.4775009	0.3873208
936	0.4779355	0.3868317
937	0.4783695	0.3863434
938	0.478803	0.3858561
939	0.4792358	0.3853696
940	0.479668	0.384884
941	0.4801003	0.3844092
942	0.4805321	0.3839354
943	0.4809632	0.3834623
944	0.4813938	0.3829901
945	0.4818237	0.3825187
946	0.4822531	0.3820481
947	0.4826819	0.3815783
948	0.48311	0.3811093
949	0.4835377	0.3806412
950	0.4839647	0.3801738
951	0.4843772	0.3796858
952	0.4847892	0.3791987
953	0.4852007	0.3787125
954	0.4856115	0.3782272
955	0.4860218	0.3777428
956	0.4864315	0.3772593
957	0.4868406	0.3767767
958	0.4872492	0.3762949
959	0.4876572	0.375814
960	0.4880647	0.375334
961	0.4884942	0.3748732
962	0.4889232	0.3744132
963	0.4893515	0.373954
964	0.4897793	0.3734955
965	0.4902065	0.3730379
966	0.4906331	0.372581
967	0.4910591	0.3721249
968	0.4914846	0.3716695
969	0.4919095	0.371215
970	0.4923338	0.3707612
971	0.4918815	0.3712017
972	0.4914297	0.371642
973	0.4909783	0.3720819
974	0.4905273	0.3725215
975	0.4900768	0.3729608
976	0.4896268	0.3733998
977	0.4891772	0.3738385
978	0.4887281	0.3742768
979	0.4882794	0.3747149
980	0.4878311	0.3751526
981	0.4873833	0.37559
982	0.486936	0.3760271
983	0.4864891	0.3764638
984	0.4860427	0.3769002
985	0.4855967	0.3773364
986	0.4851512	0.3777722
987	0.4847061	0.3782077
988	0.4842615	0.3786428
989	0.4838173	0.3790777
990	0.4833736	0.3795122
991	0.4829303	0.3799464
992	0.4824875	0.3803803
993	0.4820451	0.3808139
994	0.4816048	0.381246
995	0.481168	0.381676
996	0.4807316	0.3821057
997	0.4802956	0.3825351
998	0.47986	0.3829641
999	0.4794249	0.3833929
aoi	40	
380	0.1683749	0.1562619
381	0.1702142	0.1663344
382	0.1723916	0.1772525
383	0.1749425	0.1890418
384	0.1778843	0.2017321
385	0.1812641	0.2152814
386	0.1851102	0.2296672
387	0.1894263	0.2448462
388	0.1942055	0.2607473
389	0.1994647	0.2773045
390	0.2051897	0.2944363
391	0.2112982	0.3119863
392	0.2177644	0.329867
393	0.224552	0.3479934
394	0.2315882	0.3662631
395	0.2386794	0.384428
396	0.2458348	0.4025226
397	0.2529621	0.4204625
398	0.2599127	0.4381037
399	0.2665284	0.4553034
400	0.272808	0.4721224
401	0.2786573	0.4885141
402	0.2838763	0.5042859
403	0.2884289	0.5194557
404	0.2923033	0.5340612
405	0.2954384	0.5480642
406	0.2976262	0.561205
407	0.2989848	0.5736537
408	0.2994994	0.5853788
409	0.2991227	0.5962794
410	0.2978046	0.6062117
411	0.2956739	0.6152952
412	0.2927685	0.6234849
413	0.2890898	0.6306117
414	0.2847459	0.6366613
415	0.2799321	0.6416797
416	0.2751094	0.6460431
417	0.2705338	0.6501328
418	0.266128	0.6540628
419	0.2618695	0.6578552
420	0.2577523	0.6615153
421	0.2537821	0.6650375
422	0.2499297	0.6684483
423	0.2461911	0.6717514
424	0.2425733	0.6749409
425	0.2390682	0.6780216
426	0.2356664	0.6810046
427	0.2323664	0.6838912
428	0.2291783	0.6866723
429	0.2260899	0.689359
430	0.2230975	0.6919549
431	0.2202016	0.69446
432	0.2174084	0.6968681
433	0.2147067	0.6991899
434	0.2120934	0.7014275
435	0.209572	0.703578
436	0.2071431	0.7056415
437	0.204801	0.7076237
438	0.2025444	0.7095257
439	0.2003776	0.7113438
440	0.1982954	0.7130827
441	0.196295	0.7147451
442	0.1943759	0.7163321
443	0.1925381	0.7178412
444	0.1907786	0.7192775
445	0.1890965	0.7206421
446	0.1874919	0.7219346
447	0.1859645	0.7231554
448	0.1845106	0.7243082
449	0.1831288	0.7253943
450	0.1818202	0.7264126
451	0.1805814	0.7273658
452	0.1794098	0.728256
453	0.1783056	0.7290844
454	0.1772697	0.7298494
455	0.1762985	0.7305549
456	0.1753908	0.7312022
457	0.1745457	0.7317918
458	0.1737627	0.7323243
459	0.1730387	0.7328019
460	0.1723727	0.7332258
461	0.1717648	0.7335963
462	0.1712133	0.733915
463	0.1707166	0.7341838
464	0.1702732	0.7344037
465	0.1698828	0.7345749
466	0.1695434	0.7346996
467	0.1692537	0.7347789
468	0.1690125	0.7348138
469	0.1688197	0.734803
470	0.1686733	0.73475
471	0.1685721	0.734656
472	0.1685148	0.7345215
473	0.1685006	0.7343479
474	0.1685281	0.7341363
475	0.168596	0.7338879
476	0.1687033	0.7336034
477	0.168849	0.733284
478	0.1690318	0.7329309
479	0.1692506	0.732545
480	0.1695052	0.7321259
481	0.1697957	0.7316736
482	0.1701194	0.7311912
483	0.1704751	0.7306794
484	0.170862	0.7301393
485	0.1712792	0.7295716
486	0.1717255	0.7289774
487	0.1722	0.7283577
488	0.1727018	0.7277129
489	0.1732324	0.7270416
490	0.1737895	0.7263458
491	0.1743714	0.7256274
492	0.1749773	0.7248874
493	0.1756066	0.724126
494	0.1762578	0.7233446
495	0.1769306	0.7225437
496	0.1776241	0.7217238
497	0.1783376	0.7208859
498	0.1790713	0.7200294
499	0.1798267	0.7191526
500	0.1806002	0.7182595
501	0.1813909	0.7173508
502	0.1821977	0.7164272
503	0.1830207	0.7154893
504	0.1838589	0.7145374
505	0.1847113	0.7135725
506	0.1855777	0.7125952
507	0.1864574	0.7116055
508	0.1873503	0.710604
509	0.1882596	0.7095871
510	0.1891806	0.7085596
511	0.1901131	0.7075219
512	0.1910561	0.7064745
513	0.1920089	0.7054184
514	0.1929715	0.7043535
515	0.1939432	0.7032802
516	0.1949235	0.7021993
517	0.1959142	0.7011088
518	0.1969157	0.7000083
519	0.1979249	0.6989013
520	0.1989407	0.6977881
521	0.199963	0.6966691
522	0.2009918	0.6955445
523	0.2020261	0.6944148
524	0.2030656	0.6932807
525	0.2041103	0.692142
526	0.2051596	0.6909991
527	0.2062133	0.6898526
528	0.2072732	0.6887004
529	0.2083398	0.6875422
530	0.20941	0.686381
531	0.210483	0.6852172
532	0.2115589	0.6840512
533	0.2126375	0.682883
534	0.2137182	0.6817129
535	0.2148008	0.6805415
536	0.2158867	0.6793672
537	0.2169756	0.6781904
538	0.2180664	0.6770121
539	0.2191584	0.6758329
540	0.220252	0.6746526
541	0.221347	0.6734713
542	0.2224426	0.6722896
543	0.2235391	0.6711075
544	0.2246364	0.669925
545	0.2257339	0.6687425
546	0.2268316	0.6675602
547	0.2279293	0.6663782
548	0.2290269	0.6651965
549	0.2301245	0.6640153
550	0.2312212	0.6628352
551	0.2323176	0.6616557
552	0.2334132	0.6604773
553	0.2345079	0.6593
554	0.2356017	0.658124
555	0.2366943	0.6569494
556	0.2377857	0.6557763
557	0.2388757	0.6546048
558	0.2399641	0.6534351
559	0.2410511	0.6522672
560	0.2421365	0.6511011
561	0.2432198	0.6499374
562	0.2443014	0.6487755
563	0.245381	0.6476159
564	0.2464585	0.6464586
565	0.2475339	0.6453038
566	0.248607	0.6441514
567	0.2496778	0.6430014
568	0.2507463	0.6418541
569	0.2518121	0.6407097
570	0.2528756	0.6395678
571	0.2539365	0.6384287
572	0.2549945	0.6372927
573	0.2560499	0.6361595
574	0.2571026	0.6350293
575	0.2581524	0.6339021
576	0.2591993	0.632778
577	0.2602432	0.631657
578	0.2612843	0.6305392
579	0.2623223	0.6294245
580	0.2633571	0.6283133
581	0.2643891	0.6272051
582	0.2654178	0.6261003
583	0.2664433	0.6249989
584	0.2674658	0.6239007
585	0.2684849	0.622806
586	0.2695009	0.6217146
587	0.2705136	0.6206267
588	0.2715229	0.6195424
589	0.272529	0.6184614
590	0.2735317	0.617384
591	0.2745311	0.6163101
592	0.2755271	0.6152397
593	0.2765197	0.6141728
594	0.2775089	0.6131095
595	0.2784948	0.6120497
596	0.2794771	0.6109937
597	0.2804561	0.609941
598	0.2814316	0.608892
599	0.2824036	0.6078467
600	0.2833722	0.6068049
601	0.2843374	0.6057667
602	0.285299	0.6047322
603	0.2862572	0.6037011
604	0.2872119	0.6026739
605	0.2881631	0.6016502
606	0.2891109	0.60063
607	0.2900551	0.5996135
608	0.290996	0.5986005
609	0.2919333	0.5975913
610	0.2928671	0.5965857
611	0.2937975	0.5955835
612	0.2947244	0.594585
613	0.2956478	0.5935902
614	0.2965678	0.5925988
615	0.2974843	0.5916111
616	0.2983974	0.5906268
617	0.2993071	0.5896462
618	0.3002132	0.5886692
619	0.3011161	0.5876955
620	0.3020155	0.5867255
621	0.3029114	0.585759
622	0.303804	0.5847959
623	0.3046932	0.5838365
624	0.3055789	0.5828805
625	0.3064613	0.581928
626	0.3073404	0.5809789
627	0.3082162	0.5800332
628	0.3090886	0.579091
629	0.3099576	0.5781522
630	0.3108234	0.5772168
631	0.3116858	0.5762849
632	0.312545	0.5753563
633	0.313401	0.5744309
634	0.3142537	0.5735091
635	0.315103	0.5725905
636	0.3159492	0.5716753
637	0.3167921	0.5707634
638	0.3176319	0.5698547
639	0.3184685	0.5689494
640	0.3193018	0.5680473
641	0.3201321	0.5671483
642	0.3209592	0.5662527
643	0.3217831	0.5653603
644	0.322604	0.564471
645	0.3234218	0.563585
646	0.3242364	0.5627021
647	0.325048	0.5618224
648	0.3258565	0.5609457
649	0.3266621	0.5600721
650	0.3274645	0.5592018
651	0.328264	0.5583344
652	0.3290606	0.55747
653	0.329854	0.5566089
654	0.3306446	0.5557506
655	0.3314322	0.5548954
656	0.3322169	0.5540432
657	0.3329987	0.5531939
658	0.3337776	0.5523476
659	0.3345536	0.5515043
660	0.3353268	0.5506638
661	0.3360971	0.5498263
662	0.3368645	0.5489917
663	0.3376292	0.5481599
664	0.338391	0.5473311
665	0.3391501	0.546505
666	0.3399064	0.5456817
667	0.34066	0.5448613
668	0.3414109	0.5440436
669	0.3421589	0.5432288
670	0.3429044	0.5424166
671	0.3436472	0.5416071
672	0.3443872	0.5408005
673	0.3451246	0.5399966
674	0.3458594	0.5391953
675	0.3465915	0.5383967
676	0.3473211	0.5376007
677	0.348048	0.5368074
678	0.3487724	0.5360166
679	0.3494943	0.5352285
680	0.3502135	0.534443
681	0.3509303	0.53366
682	0.3516446	0.5328796
683	0.3523563	0.5321018
684	0.3530655	0.5313265
685	0.3537724	0.5305536
686	0.3544768	0.5297833
687	0.3551786	0.5290154
688	0.3558781	0.5282501
689	0.3565753	0.5274871
690	0.35727	0.5267265
691	0.3579623	0.5259684
692	0.3586522	0.5252127
693	0.3593399	0.5244593
694	0.3600252	0.5237084
695	0.3607081	0.5229597
696	0.3613888	0.5222134
697	0.3620672	0.5214695
698	0.3627432	0.5207278
699	0.3634171	0.5199885
700	0.3640887	0.5192514
701	0.3647581	0.5185165
702	0.3654252	0.517784
703	0.3660902	0.5170536
704	0.366753	0.5163254
705	0.3674136	0.5155996
706	0.3680719	0.5148758
707	0.3687282	0.5141543
708	0.3693824	0.5134349
709	0.3700344	0.5127176
710	0.3706843	0.5120026
711	0.3713321	0.5112896
712	0.3719778	0.5105787
713	0.3726215	0.5098699
714	0.3732631	0.5091632
715	0.3739027	0.5084586
716	0.3745402	0.507756
717	0.3751757	0.5070555
718	0.3758092	0.506357
719	0.3764407	0.5056605
720	0.3770702	0.504966
721	0.3776978	0.5042735
722	0.3783234	0.503583
723	0.3789471	0.5028945
724	0.3795688	0.5022079
725	0.3801886	0.5015232
726	0.3808065	0.5008405
727	0.3814225	0.5001597
728	0.3820366	0.4994808
729	0.3826489	0.4988038
730	0.3832593	0.4981286
731	0.3838678	0.4974554
732	0.3844745	0.496784
733	0.3850794	0.4961144
734	0.3856824	0.4954467
735	0.3862836	0.4947808
736	0.3868831	0.4941167
737	0.3874808	0.4934545
738	0.3880766	0.492794
739	0.3886708	0.4921353
740	0.3892632	0.4914783
741	0.3898538	0.4908232
742	0.3904427	0.4901697
743	0.3910299	0.489518
744	0.3916154	0.488868
745	0.3921992	0.4882198
746	0.3927813	0.4875732
747	0.3933617	0.4869283
748	0.3939405	0.4862852
749	0.3945175	0.4856437
750	0.3950857	0.4850093
751	0.3956403	0.4843853
752	0.3961935	0.4837628
753	0.3967455	0.4831417
754	0.3972962	0.4825219
755	0.3978455	0.4819035
756	0.3983937	0.4812865
757	0.3989405	0.4806708
758	0.3994861	0.4800564
759	0.4000304	0.4794434
760	0.4005735	0.4788317
761	0.4011153	0.4782214
762	0.4016558	0.4776124
763	0.4021951	0.4770047
764	0.4027332	0.4763983
765	0.4032701	0.4757932
766	0.4038058	0.4751894
767	0.4043402	0.474587
768	0.4048734	0.4739857
769	0.4054054	0.4733858
770	0.4059363	0.4727871
771	0.4064659	0.4721897
772	0.4069943	0.4715936
773	0.4075216	0.4709987
774	0.4080476	0.4704051
775	0.4085725	0.4698127
776	0.4090963	0.4692216
777	0.4096188	0.4686317
778	0.4101403	0.468043
779	0.4106605	0.4674555
780	0.4111796	0.4668692
781	0.4116976	0.4662842
782	0.4122144	0.4657004
783	0.4127301	0.4651178
784	0.4132447	0.4645363
785	0.4137581	0.4639561
786	0.4142705	0.463377
787	0.4147817	0.4627991
788	0.4152918	0.4622224
789	0.4158008	0.4616469
790	0.4163087	0.4610725
791	0.4168155	0.4604992
792	0.4173212	0.4599272
793	0.4178258	0.4593562
794	0.4183293	0.4587865
795	0.4188318	0.4582178
796	0.4193332	0.4576503
797	0.4198335	0.4570839
798	0.4203328	0.4565187
799	0.420831	0.4559545
800	0.4213255	0.4553919
801	0.4218072	0.4548322
802	0.4222882	0.4542736
803	0.4227685	0.4537161
804	0.4232482	0.4531596
805	0.4237272	0.4526041
806	0.4242055	0.4520497
807	0.4246832	0.4514963
808	0.4251602	0.450944
809	0.4256365	0.4503926
810	0.4261122	0.4498423
811	0.4265873	0.449293
812	0.4270616	0.4487447
813	0.4275354	0.4481975
814	0.4280085	0.4476512
815	0.4284809	0.4471059
816	0.4289527	0.4465617
817	0.4294239	0.4460184
818	0.4298944	0.4454761
819	0.4303643	0.4449348
820	0.4308336	0.4443945
821	0.4313022	0.4438552
822	0.4317702	0.4433168
823	0.4322376	0.4427794
824	0.4327044	0.442243
825	0.4331705	0.4417076
826	0.433636	0.4411731
827	0.4341009	0.4406395
828	0.4345652	0.440107
829	0.4350288	0.4395753
830	0.4354919	0.4390447
831	0.4359543	0.4385149
832	0.4364161	0.4379861
833	0.4368774	0.4374583
834	0.437338	0.4369313
835	0.437798	0.4364054
836	0.4382574	0.4358803
837	0.4387162	0.4353562
838	0.4391744	0.4348329
839	0.439632	0.4343106
840	0.440089	0.4337892
841	0.4405455	0.4332688
842	0.4410013	0.4327492
843	0.4414566	0.4322305
844	0.4419112	0.4317128
845	0.4423653	0.4311959
846	0.4428188	0.43068
847	0.4432717	0.4301649
848	0.443724	0.4296507
849	0.4441758	0.4291374
850	0.444627	0.428625
851	0.4450776	0.4281135
852	0.4455276	0.4276028
853	0.4459771	0.427093
854	0.4464259	0.4265841
855	0.4468743	0.4260761
856	0.447322	0.4255689
857	0.4477692	0.4250626
858	0.4482158	0.4245571
859	0.4486619	0.4240525
860	0.4491074	0.4235488
861	0.4495523	0.4230459
862	0.4499967	0.4225439
863	0.4504406	0.4220427
864	0.4508838	0.4215424
865	0.4513265	0.4210428
866	0.4517687	0.4205442
867	0.4522103	0.4200464
868	0.4526514	0.4195494
869	0.4530919	0.4190532
870	0.4535319	0.4185579
871	0.4539714	0.4180633
872	0.4544102	0.4175697
873	0.4548486	0.4170768
874	0.4552864	0.4165847
875	0.4557237	0.4160935
876	0.4561604	0.4156031
877	0.4565966	0.4151134
878	0.4570323	0.4146246
879	0.4574674	0.4141366
880	0.457902	0.4136494
881	0.4583361	0.413163
882	0.4587697	0.4126773
883	0.4592027	0.4121924
884	0.4596352	0.4117083
885	0.4600672	0.4112249
886	0.4604987	0.4107424
887	0.4609297	0.4102606
888	0.4613602	0.4097796
889	0.4617902	0.4092993
890	0.4622197	0.4088198
891	0.4626486	0.4083411
892	0.4630771	0.4078631
893	0.463505	0.4073859
894	0.4639325	0.4069094
895	0.4643595	0.4064337
896	0.4647859	0.4059587
897	0.4652119	0.4054845
898	0.4656373	0.4050111
899	0.4660623	0.4045383
900	0.4664868	0.4040664
901	0.4669107	0.4035951
902	0.4673342	0.4031246
903	0.4677572	0.4026549
904	0.4681797	0.4021859
905	0.4686017	0.4017176
906	0.4690232	0.40125
907	0.4694443	0.4007832
908	0.4698648	0.4003171
909	0.4702849	0.3998517
910	0.4707044	0.399387
911	0.4711176	0.3989165
912	0.4715303	0.3984468
913	0.4719424	0.3979778
914	0.4723541	0.3975096
915	0.4727652	0.3970422
916	0.4731758	0.3965755
917	0.473586	0.3961096
918	0.4739956	0.3956445
919	0.4744047	0.3951801
920	0.4748133	0.3947165
921	0.4752058	0.3942625
922	0.4755978	0.3938092
923	0.4759895	0.3933566
924	0.4763807	0.3929047
925	0.4767715	0.3924535
926	0.4771619	0.3920029
927	0.4775518	0.3915531
928	0.4779414	0.3911039
929	0.4783305	0.3906555
930	0.4787192	0.3902077
931	0.4791039	0.3897625
932	0.4794883	0.3893179
933	0.4798722	0.3888741
934	0.4802557	0.3884309
935	0.4806388	0.3879883
936	0.4810215	0.3875465
937	0.4814038	0.3871053
938	0.4817857	0.3866648
939	0.4821672	0.3862249
940	0.4825483	0.3857857
941	0.4829299	0.3853567
942	0.4833112	0.3849284
943	0.483692	0.3845007
944	0.4840724	0.3840735
945	0.4844525	0.3836471
946	0.4848321	0.3832212
947	0.4852114	0.3827959
948	0.4855902	0.3823713
949	0.4859687	0.3819473
950	0.4863468	0.3815239
951	0.4867105	0.3810805
952	0.487074	0.3806377
953	0.487437	0.3801957
954	0.4877997	0.3797543
955	0.488162	0.3793136
956	0.4885239	0.3788736
957	0.4888854	0.3784343
958	0.4892466	0.3779957
959	0.4896074	0.3775577
960	0.4899679	0.3771204
961	0.4903501	0.3767017
962	0.490732	0.3762835
963	0.4911134	0.3758659
964	0.4914945	0.3754489
965	0.4918751	0.3750326
966	0.4922554	0.3746168
967	0.4926353	0.3742016
968	0.4930147	0.373787
969	0.4933938	0.373373
970	0.4937725	0.3729596
971	0.4933268	0.3733908
972	0.4928817	0.3738218
973	0.492437	0.3742523
974	0.4919928	0.3746826
975	0.4915492	0.3751124
976	0.491106	0.375542
977	0.4906633	0.3759711
978	0.490221	0.3763999
979	0.4897793	0.3768284
980	0.4893381	0.3772565
981	0.4888973	0.3776843
982	0.488457	0.3781117
983	0.4880173	0.3785387
984	0.487578	0.3789654
985	0.4871391	0.3793918
986	0.4867008	0.3798178
987	0.486263	0.3802434
988	0.4858256	0.3806687
989	0.4853887	0.3810937
990	0.4849523	0.3815183
991	0.4845164	0.3819425
992	0.484081	0.3823664
993	0.483646	0.3827899
994	0.4832128	0.3832125
995	0.4827824	0.3836336
996	0.4823524	0.3840543
997	0.4819229	0.3844747
998	0.4814939	0.3848948
999	0.4810654	0.3853145
aoi	45	
380	0.1923571	0.1369662
381	0.1939678	0.1462566
382	0.1959559	0.1563401
383	0.1983628	0.1672426
384	0.2012148	0.1789916
385	0.2045626	0.1915544
386	0.2084469	0.2049098
387	0.2128824	0.219017
388	0.2178686	0.2338115
389	0.2234306	0.2492337
390	0.2295639	0.2652063
391	0.2361948	0.2815774
392	0.2433035	0.2982626
393	0.2508617	0.3151758
394	0.2587866	0.3322236
395	0.2668713	0.3491688
396	0.2751161	0.3660478
397	0.2834121	0.3827849
398	0.2915849	0.3992504
399	0.2994463	0.4153175
400	0.3069851	0.4310497
401	0.3140696	0.4464267
402	0.320457	0.4612838
403	0.3260886	0.4756555
404	0.3309354	0.4895936
405	0.334914	0.5030768
406	0.3377717	0.5158696
407	0.3396379	0.5281347
408	0.3404921	0.539838
409	0.3402631	0.5508865
410	0.3388873	0.5611273
411	0.3365135	0.5706576
412	0.3331859	0.5794104
413	0.3289073	0.5871885
414	0.3238089	0.5939436
415	0.3181257	0.599686
416	0.3124049	0.6047621
417	0.3069571	0.609545
418	0.3017071	0.6141463
419	0.2966272	0.6185939
420	0.2917146	0.6228902
421	0.2869795	0.6270255
422	0.2823912	0.6310269
423	0.2779478	0.6348965
424	0.2736592	0.6386255
425	0.2695231	0.6422122
426	0.2655247	0.6456737
427	0.2616634	0.6490105
428	0.2579515	0.6522118
429	0.2543758	0.6552893
430	0.2509327	0.6582464
431	0.2476228	0.6610831
432	0.2444532	0.6637926
433	0.2414113	0.6663865
434	0.2384967	0.6688632
435	0.2357116	0.6712219
436	0.2330543	0.673465
437	0.2305181	0.6755991
438	0.2281012	0.6776258
439	0.225807	0.6795421
440	0.2236295	0.6813535
441	0.2215649	0.6830635
442	0.2196114	0.684674
443	0.217773	0.686178
444	0.2160411	0.6875867
445	0.2144136	0.6889022
446	0.2128894	0.6901251
447	0.2114671	0.691257
448	0.2101419	0.6923023
449	0.2089114	0.6932631
450	0.2077751	0.6941399
451	0.2067305	0.694934
452	0.2057755	0.6956468
453	0.2049059	0.6962838
454	0.2041211	0.6968451
455	0.2034168	0.6973349
456	0.2027907	0.6977555
457	0.2022407	0.6981085
458	0.2017649	0.6983956
459	0.2013627	0.6986163
460	0.2010318	0.6987728
461	0.2007682	0.6988695
462	0.2005696	0.6989087
463	0.2004335	0.6988928
464	0.2003578	0.6988235
465	0.2003403	0.6987026
466	0.2003789	0.6985321
467	0.2004715	0.6983141
468	0.2006167	0.6980493
469	0.2008192	0.6977316
470	0.2010703	0.6973711
471	0.2013681	0.6969696
472	0.2017103	0.6965287
473	0.2020954	0.6960501
474	0.2025217	0.6955351
475	0.2029874	0.6949855
476	0.2034903	0.694403
477	0.2040294	0.6937886
478	0.2046029	0.6931439
479	0.2052092	0.6924703
480	0.2058498	0.6917656
481	0.206527	0.6910276
482	0.2072332	0.6902641
483	0.2079665	0.6894765
484	0.2087257	0.6886662
485	0.2095099	0.6878339
486	0.2103176	0.6869808
487	0.211147	0.6861086
488	0.2119975	0.6852175
489	0.2128747	0.6843023
490	0.2137736	0.6833674
491	0.2146898	0.682417
492	0.2156232	0.6814516
493	0.2165729	0.6804719
494	0.217537	0.6794792
495	0.2185149	0.6784745
496	0.2195059	0.677458
497	0.2205094	0.6764306
498	0.2215267	0.6753905
499	0.2225621	0.6743335
500	0.2236078	0.6732675
501	0.2246626	0.6721934
502	0.2257253	0.6711121
503	0.2267961	0.6700238
504	0.2278741	0.6689289
505	0.2289581	0.6678286
506	0.2300478	0.6667233
507	0.2311429	0.6656131
508	0.2322436	0.6644978
509	0.2333573	0.6633701
510	0.2344746	0.6622391
511	0.2355955	0.6611051
512	0.2367189	0.6599686
513	0.237844	0.6588305
514	0.2389712	0.6576907
515	0.2400997	0.6565493
516	0.2412291	0.6554072
517	0.2423633	0.6542604
518	0.2435035	0.653108
519	0.2446438	0.6519554
520	0.2457832	0.6508035
521	0.2469217	0.6496522
522	0.2480596	0.6485017
523	0.2491957	0.6473523
524	0.2503299	0.6462048
525	0.2514623	0.6450588
526	0.2525925	0.6439145
527	0.2537203	0.6427724
528	0.2548494	0.6416288
529	0.2559809	0.6404829
530	0.2571095	0.6393395
531	0.2582344	0.6381993
532	0.2593559	0.6370621
533	0.260474	0.6359279
534	0.2615881	0.6347972
535	0.262698	0.6336701
536	0.2638066	0.6325442
537	0.2649132	0.6314199
538	0.2660164	0.6302985
539	0.2671157	0.6291806
540	0.2682114	0.6280659
541	0.2693035	0.6269544
542	0.2703913	0.6258465
543	0.2714752	0.6247422
544	0.2725552	0.6236414
545	0.2736308	0.6225444
546	0.2747021	0.6214514
547	0.275769	0.6203622
548	0.2768315	0.6192769
549	0.2778897	0.6181955
550	0.2789429	0.6171185
551	0.2799916	0.6160456
552	0.2810358	0.6149767
553	0.2820751	0.6139122
554	0.2831096	0.612852
555	0.2841395	0.6117961
556	0.2851644	0.6107445
557	0.2861845	0.6096974
558	0.2871994	0.6086549
559	0.2882097	0.6076166
560	0.2892151	0.6065828
561	0.2902151	0.6055538
562	0.2912104	0.6045292
563	0.2922007	0.603509
564	0.2931859	0.6024935
565	0.2941661	0.6014826
566	0.2951413	0.6004763
567	0.2961114	0.5994745
568	0.2970766	0.5984773
569	0.2980364	0.597485
570	0.2989915	0.5964971
571	0.2999416	0.5955137
572	0.3008863	0.5945353
573	0.3018262	0.5935613
574	0.302761	0.5925919
575	0.3036909	0.5916271
576	0.3046158	0.5906669
577	0.3055356	0.5897113
578	0.3064506	0.5887602
579	0.3073605	0.5878137
580	0.3082655	0.5868719
581	0.3091657	0.5859344
582	0.3100611	0.5850014
583	0.3109514	0.584073
584	0.3118371	0.5831489
585	0.3127179	0.5822294
586	0.313594	0.5813141
587	0.3144653	0.5804034
588	0.3153318	0.5794971
589	0.3161937	0.578595
590	0.3170508	0.5776973
591	0.3179033	0.5768041
592	0.3187513	0.5759149
593	0.3195946	0.5750301
594	0.3204334	0.5741495
595	0.3212677	0.573273
596	0.3220974	0.5724009
597	0.3229227	0.5715328
598	0.3237436	0.5706689
599	0.32456	0.5698092
600	0.3253721	0.5689534
601	0.3261798	0.5681017
602	0.3269832	0.5672541
603	0.3277824	0.5664103
604	0.3285773	0.5655707
605	0.329368	0.5647349
606	0.3301545	0.563903
607	0.3309369	0.563075
608	0.3317153	0.5622508
609	0.3324894	0.5614305
610	0.3332595	0.560614
611	0.3340256	0.5598012
612	0.3347878	0.5589922
613	0.335546	0.5581868
614	0.3363002	0.5573851
615	0.3370506	0.5565872
616	0.3377971	0.5557927
617	0.3385399	0.5550019
618	0.3392788	0.5542147
619	0.340014	0.5534308
620	0.3407455	0.5526506
621	0.3414732	0.5518739
622	0.3421974	0.5511005
623	0.3429179	0.5503306
624	0.3436347	0.5495641
625	0.344348	0.5488009
626	0.3450578	0.548041
627	0.3457642	0.5472844
628	0.346467	0.5465311
629	0.3471664	0.5457811
630	0.3478624	0.5450341
631	0.348555	0.5442905
632	0.3492443	0.54355
633	0.3499303	0.5428125
634	0.350613	0.5420783
635	0.3512924	0.5413471
636	0.3519686	0.5406189
637	0.3526415	0.5398938
638	0.3533114	0.5391716
639	0.3539781	0.5384524
640	0.3546416	0.5377361
641	0.3553022	0.5370227
642	0.3559597	0.5363123
643	0.3566141	0.5356047
644	0.3572655	0.5348999
645	0.357914	0.5341979
646	0.3585595	0.5334987
647	0.3592021	0.5328023
648	0.3598419	0.5321086
649	0.3604788	0.5314175
650	0.3611129	0.5307293
651	0.3617441	0.5300436
652	0.3623726	0.5293605
653	0.3629983	0.5286802
654	0.3636213	0.5280023
655	0.3642416	0.527327
656	0.3648592	0.5266543
657	0.3654742	0.5259841
658	0.3660865	0.5253164
659	0.3666963	0.5246511
660	0.3673034	0.5239883
661	0.367908	0.523328
662	0.36851	0.52267
663	0.3691096	0.5220143
664	0.3697067	0.5213612
665	0.3703013	0.5207103
666	0.3708934	0.5200617
667	0.3714833	0.5194154
668	0.3720706	0.5187713
669	0.3726556	0.5181296
670	0.3732382	0.5174901
671	0.3738186	0.5168527
672	0.3743966	0.5162177
673	0.3749723	0.5155847
674	0.3755458	0.5149539
675	0.376117	0.5143252
676	0.376686	0.5136987
677	0.3772528	0.5130742
678	0.3778174	0.5124518
679	0.3783799	0.5118315
680	0.3789402	0.5112132
681	0.3794984	0.5105969
682	0.3800545	0.5099826
683	0.3806085	0.5093704
684	0.3811605	0.5087601
685	0.3817104	0.5081517
686	0.3822583	0.5075453
687	0.3828041	0.5069407
688	0.383348	0.5063381
689	0.38389	0.5057374
690	0.3844299	0.5051384
691	0.3849679	0.5045414
692	0.385504	0.5039462
693	0.3860382	0.5033528
694	0.3865706	0.5027612
695	0.387101	0.5021714
696	0.3876296	0.5015833
697	0.3881564	0.5009971
698	0.3886813	0.5004125
699	0.3892044	0.4998297
700	0.3897258	0.4992485
701	0.3902454	0.498669
702	0.3907632	0.4980913
703	0.3912793	0.4975152
704	0.3917937	0.4969407
705	0.3923064	0.4963679
706	0.3928173	0.4957967
707	0.3933266	0.4952271
708	0.3938342	0.494659
709	0.3943402	0.4940926
710	0.3948445	0.4935277
711	0.3953473	0.4929644
712	0.3958484	0.4924026
713	0.3963479	0.4918423
714	0.3968458	0.4912836
715	0.3973422	0.4907263
716	0.397837	0.4901706
717	0.3983303	0.4896162
718	0.3988221	0.4890634
719	0.3993123	0.488512
720	0.399801	0.4879621
721	0.4002883	0.4874136
722	0.4007741	0.4868664
723	0.4012584	0.4863207
724	0.4017412	0.4857764
725	0.4022226	0.4852335
726	0.4027027	0.4846919
727	0.4031812	0.4841517
728	0.4036584	0.4836128
729	0.4041342	0.4830753
730	0.4046086	0.4825391
731	0.4050816	0.4820042
732	0.4055533	0.4814706
733	0.4060236	0.4809383
734	0.4064926	0.4804073
735	0.4069603	0.4798775
736	0.4074266	0.479349
737	0.4078917	0.4788218
738	0.4083554	0.4782958
739	0.4088179	0.4777711
740	0.4092791	0.4772475
741	0.409739	0.4767252
742	0.4101977	0.4762041
743	0.4106551	0.4756842
744	0.4111113	0.4751655
745	0.4115663	0.4746479
746	0.41202	0.4741315
747	0.4124726	0.4736163
748	0.412924	0.4731022
749	0.4133741	0.4725893
750	0.4138171	0.4720816
751	0.4142492	0.4715818
752	0.4146803	0.4710829
753	0.4151105	0.4705848
754	0.4155399	0.4700877
755	0.4159685	0.4695915
756	0.4163962	0.4690962
757	0.416823	0.4686017
758	0.417249	0.4681081
759	0.4176742	0.4676154
760	0.4180985	0.4671235
761	0.418522	0.4666325
762	0.4189447	0.4661424
763	0.4193666	0.4656531
764	0.4197877	0.4651646
765	0.4202079	0.464677
766	0.4206274	0.4641902
767	0.421046	0.4637043
768	0.4214639	0.4632191
769	0.421881	0.4627348
770	0.4222973	0.4622513
771	0.4227128	0.4617686
772	0.4231275	0.4612868
773	0.4235415	0.4608057
774	0.4239546	0.4603254
775	0.4243671	0.459846
776	0.4247787	0.4593673
777	0.4251896	0.4588894
778	0.4255998	0.4584122
779	0.4260092	0.4579359
780	0.4264178	0.4574603
781	0.4268258	0.4569855
782	0.4272329	0.4565115
783	0.4276394	0.4560383
784	0.4280451	0.4555657
785	0.4284501	0.455094
786	0.4288544	0.454623
787	0.4292579	0.4541527
788	0.4296607	0.4536832
789	0.4300629	0.4532144
790	0.4304643	0.4527464
791	0.430865	0.4522791
792	0.431265	0.4518125
793	0.4316643	0.4513467
794	0.4320629	0.4508815
795	0.4324609	0.4504171
796	0.4328581	0.4499534
797	0.4332546	0.4494904
798	0.4336505	0.4490282
799	0.4340457	0.4485666
800	0.4344377	0.4481061
801	0.4348179	0.4476479
802	0.4351977	0.4471904
803	0.4355773	0.4467335
804	0.4359565	0.4462772
805	0.4363354	0.4458216
806	0.436714	0.4453667
807	0.4370923	0.4449124
808	0.4374703	0.4444587
809	0.437848	0.4440056
810	0.4382254	0.4435531
811	0.4386025	0.4431013
812	0.4389793	0.4426501
813	0.4393558	0.4421996
814	0.439732	0.4417496
815	0.4401079	0.4413003
816	0.4404835	0.4408515
817	0.4408588	0.4404034
818	0.4412338	0.4399559
819	0.4416085	0.439509
820	0.441983	0.4390627
821	0.4423571	0.438617
822	0.442731	0.4381719
823	0.4431045	0.4377274
824	0.4434778	0.4372835
825	0.4438508	0.4368401
826	0.4442235	0.4363974
827	0.4445959	0.4359553
828	0.4449681	0.4355137
829	0.4453399	0.4350727
830	0.4457115	0.4346324
831	0.4460828	0.4341926
832	0.4464538	0.4337533
833	0.4468245	0.4333147
834	0.4471949	0.4328766
835	0.4475651	0.4324391
836	0.447935	0.4320022
837	0.4483046	0.4315658
838	0.4486739	0.43113
839	0.449043	0.4306948
840	0.4494117	0.4302601
841	0.4497803	0.429826
842	0.4501485	0.4293925
843	0.4505164	0.4289595
844	0.4508841	0.428527
845	0.4512515	0.4280952
846	0.4516187	0.4276638
847	0.4519855	0.4272331
848	0.4523521	0.4268028
849	0.4527184	0.4263732
850	0.4530845	0.425944
851	0.4534503	0.4255154
852	0.4538158	0.4250874
853	0.454181	0.4246599
854	0.454546	0.4242329
855	0.4549107	0.4238065
856	0.4552752	0.4233806
857	0.4556393	0.4229553
858	0.4560033	0.4225305
859	0.4563669	0.4221062
860	0.4567303	0.4216824
861	0.4570934	0.4212592
862	0.4574563	0.4208365
863	0.4578189	0.4204143
864	0.4581812	0.4199927
865	0.4585433	0.4195715
866	0.4589051	0.4191509
867	0.4592667	0.4187308
868	0.4596279	0.4183113
869	0.459989	0.4178922
870	0.4603497	0.4174737
871	0.4607102	0.4170556
872	0.4610705	0.4166381
873	0.4614305	0.4162211
874	0.4617902	0.4158047
875	0.4621497	0.4153887
876	0.4625089	0.4149732
877	0.4628679	0.4145583
878	0.4632266	0.4141438
879	0.463585	0.4137298
880	0.4639433	0.4133163
881	0.4643013	0.4129033
882	0.464659	0.4124907
883	0.4650166	0.4120787
884	0.4653738	0.411667
885	0.4657309	0.4112559
886	0.4660877	0.4108453
887	0.4664442	0.4104351
888	0.4668005	0.4100255
889	0.4671566	0.4096163
890	0.4675125	0.4092075
891	0.4678681	0.4087993
892	0.4682234	0.4083915
893	0.4685785	0.4079842
894	0.4689334	0.4075774
895	0.4692881	0.4071711
896	0.4696425	0.4067652
897	0.4699966	0.4063598
898	0.4703505	0.4059548
899	0.4707042	0.4055503
900	0.4710577	0.4051463
901	0.4714109	0.4047428
902	0.4717639	0.4043397
903	0.4721166	0.4039371
904	0.4724691	0.403535
905	0.4728214	0.4031333
906	0.4731734	0.4027321
907	0.4735252	0.4023313
908	0.4738767	0.401931
909	0.474228	0.4015312
910	0.4745791	0.4011318
911	0.4749214	0.4007291
912	0.4752634	0.400327
913	0.4756052	0.3999254
914	0.4759467	0.3995242
915	0.4762879	0.3991236
916	0.4766289	0.3987234
917	0.4769697	0.3983238
918	0.4773102	0.3979246
919	0.4776504	0.397526
920	0.4779904	0.3971278
921	0.4783189	0.396735
922	0.4786472	0.3963427
923	0.4789753	0.3959508
924	0.4793033	0.3955594
925	0.479631	0.3951683
926	0.4799586	0.3947778
927	0.480286	0.3943876
928	0.4806131	0.393998
929	0.4809401	0.3936087
930	0.4812669	0.3932199
931	0.4815904	0.3928332
932	0.4819136	0.3924468
933	0.4822367	0.3920609
934	0.4825596	0.3916755
935	0.4828823	0.3912904
936	0.4832049	0.3909058
937	0.4835272	0.3905216
938	0.4838494	0.3901379
939	0.4841714	0.3897545
940	0.4844932	0.3893717
941	0.484816	0.3889981
942	0.4851386	0.3886249
943	0.485461	0.3882521
944	0.4857833	0.3878797
945	0.4861054	0.3875077
946	0.4864273	0.3871362
947	0.486749	0.386765
948	0.4870705	0.3863942
949	0.4873918	0.3860237
950	0.487713	0.3856537
951	0.4880203	0.3852645
952	0.4883274	0.3848757
953	0.4886344	0.3844874
954	0.4889412	0.3840995
955	0.4892478	0.3837121
956	0.4895543	0.3833251
957	0.4898606	0.3829386
958	0.4901668	0.3825526
959	0.4904728	0.382167
960	0.4907786	0.3817819
961	0.4911057	0.3814144
962	0.4914325	0.3810473
963	0.4917591	0.3806806
964	0.4920856	0.3803142
965	0.4924118	0.3799483
966	0.4927379	0.3795827
967	0.4930637	0.3792176
968	0.4933893	0.3788528
969	0.4937148	0.3784884
970	0.49404	0.3781244
971	0.4936142	0.378534
972	0.4931889	0.3789432
973	0.492764	0.3793521
974	0.4923398	0.3797605
975	0.491916	0.3801686
976	0.4914927	0.3805763
977	0.49107	0.3809836
978	0.4906477	0.3813905
979	0.490226	0.381797
980	0.4898047	0.3822032
981	0.489384	0.3826089
982	0.4889638	0.3830143
983	0.4885441	0.3834193
984	0.4881249	0.3838239
985	0.4877062	0.3842281
986	0.487288	0.384632
987	0.4868703	0.3850355
988	0.4864531	0.3854386
989	0.4860364	0.3858413
990	0.4856202	0.3862436
991	0.4852045	0.3866456
992	0.4847894	0.3870471
993	0.4843747	0.3874484
994	0.4839612	0.3878492
995	0.4835496	0.3882497
996	0.4831385	0.3886498
997	0.482728	0.3890495
998	0.4823179	0.3894488
999	0.4819083	0.3898477
aoi	50	
380	0.2464991	0.1107998
381	0.24814	0.1186858
382	0.2502446	0.1272483
383	0.2528647	0.1365078
384	0.2560396	0.1464838
385	0.2598209	0.1571499
386	0.2642634	0.168482
387	0.2693886	0.1804401
388	0.2751901	0.1929691
389	0.2816899	0.2060177
390	0.2888787	0.2195175
391	0.296669	0.2333371
392	0.3050286	0.2474052
393	0.3139205	0.2616464
394	0.3232239	0.2759993
395	0.3326859	0.2902763
396	0.3422894	0.3045278
397	0.3518952	0.3187118
398	0.3612897	0.3327458
399	0.3702476	0.3465508
400	0.3787619	0.3601974
401	0.3866648	0.3737145
402	0.3936742	0.3869938
403	0.3997262	0.4000892
404	0.4047929	0.413065
405	0.4087829	0.4259176
406	0.4114049	0.4384465
407	0.4128204	0.4507809
408	0.4130135	0.4628705
409	0.4118944	0.4746181
410	0.4093908	0.4858422
411	0.4056817	0.4965867
412	0.4008245	0.5067352
413	0.3948306	0.5160309
414	0.3878675	0.5243569
415	0.3802325	0.5316523
416	0.3726039	0.5382021
417	0.3653624	0.5443696
418	0.3584175	0.5502768
419	0.3517313	0.5559627
420	0.3453032	0.5614278
421	0.3391482	0.5666587
422	0.3332289	0.5716869
423	0.327544	0.5765139
424	0.3221065	0.5811284
425	0.3169183	0.5855215
426	0.3119562	0.5897205
427	0.3072189	0.5937266
428	0.3027202	0.5975281
429	0.298443	0.6011393
430	0.2943815	0.6045657
431	0.2905347	0.6078086
432	0.2869083	0.6108623
433	0.2834858	0.6137416
434	0.2802688	0.6164406
435	0.2772554	0.6189629
436	0.2744384	0.6213171
437	0.2718078	0.6235124
438	0.2693588	0.6255529
439	0.2670913	0.6274385
440	0.264996	0.6291773
441	0.2630661	0.6307752
442	0.2612966	0.6322372
443	0.259696	0.6335484
444	0.2582452	0.6347324
445	0.256939	0.6357939
446	0.2557725	0.6367367
447	0.2547408	0.6375649
448	0.2538372	0.6382847
449	0.2530561	0.6389009
450	0.2523931	0.6394168
451	0.2518474	0.6398314
452	0.2514174	0.6401447
453	0.2510904	0.6403713
454	0.2508616	0.6405144
455	0.250726	0.640579
456	0.250679	0.6405691
457	0.2507158	0.6404883
458	0.250832	0.6403404
459	0.2510321	0.6401194
460	0.2513115	0.6398293
461	0.2516585	0.6394822
462	0.2520694	0.6390813
463	0.2525408	0.6386297
464	0.2530692	0.6381303
465	0.2536497	0.6375869
466	0.2542802	0.6370014
467	0.2549577	0.6363768
468	0.2556807	0.6357133
469	0.2564635	0.6349949
470	0.2572851	0.634244
471	0.2581428	0.6334631
472	0.259033	0.6326549
473	0.2599534	0.6318212
474	0.2609025	0.6309637
475	0.2618779	0.6300843
476	0.2628759	0.6291858
477	0.2638959	0.6282687
478	0.2649361	0.627335
479	0.2659941	0.6263862
480	0.2670749	0.6254168
481	0.2681857	0.6244197
482	0.2693101	0.6234114
483	0.2704457	0.6223935
484	0.2715912	0.6213673
485	0.2727461	0.6203333
486	0.2739088	0.6192927
487	0.275077	0.6182474
488	0.2762506	0.6171974
489	0.2774423	0.6161303
490	0.2786429	0.6150548
491	0.2798448	0.6139779
492	0.2810486	0.6128996
493	0.2822534	0.6118204
494	0.2834573	0.6107416
495	0.2846598	0.609664
496	0.2858607	0.6085876
497	0.2870595	0.6075128
498	0.2882603	0.6064354
499	0.2894715	0.6053472
500	0.290679	0.6042622
501	0.2918817	0.6031808
502	0.2930785	0.6021042
503	0.2942701	0.6010319
504	0.2954559	0.5999643
505	0.2966348	0.5989021
506	0.2978065	0.5978457
507	0.2989715	0.5967948
508	0.3001308	0.5957482
509	0.301298	0.5946929
510	0.3024571	0.5936441
511	0.3036086	0.5926018
512	0.3047513	0.5915662
513	0.3058848	0.5905382
514	0.3070099	0.5895171
515	0.3081261	0.588503
516	0.3092331	0.5874964
517	0.3103381	0.5864905
518	0.311443	0.5854834
519	0.3125387	0.584484
520	0.3136243	0.5834925
521	0.3147002	0.582509
522	0.3157668	0.5815331
523	0.3168233	0.5805652
524	0.3178697	0.5796056
525	0.3189065	0.5786538
526	0.3199335	0.5777098
527	0.3209507	0.5767737
528	0.3219643	0.5758397
529	0.322976	0.5749065
530	0.3239781	0.5739812
531	0.3249697	0.5730641
532	0.3259516	0.5721551
533	0.3269239	0.5712539
534	0.3278862	0.5703607
535	0.3288385	0.5694755
536	0.3297852	0.5685946
537	0.3307255	0.5677185
538	0.3316578	0.5668488
539	0.3325812	0.565986
540	0.3334967	0.5651296
541	0.3344043	0.5642796
542	0.3353034	0.5634362
543	0.3361946	0.5625992
544	0.337078	0.5617684
545	0.3379533	0.560944
546	0.3388207	0.560126
547	0.3396802	0.5593142
548	0.3405321	0.5585086
549	0.3413765	0.557709
550	0.3422128	0.5569157
551	0.3430418	0.5561284
552	0.3438633	0.5553471
553	0.3446774	0.5545717
554	0.3454841	0.5538022
555	0.3462837	0.5530385
556	0.347076	0.5522806
557	0.3478612	0.5515284
558	0.3486392	0.550782
559	0.3494104	0.5500411
560	0.3501749	0.5493056
561	0.3509321	0.548576
562	0.3516828	0.5478516
563	0.352427	0.5471324
564	0.3531645	0.5464187
565	0.3538954	0.5457103
566	0.3546199	0.545007
567	0.3553382	0.5443088
568	0.3560501	0.5436158
569	0.3567556	0.542928
570	0.3574551	0.5422449
571	0.3581487	0.5415667
572	0.358836	0.5408937
573	0.3595176	0.5402253
574	0.3601933	0.5395615
575	0.3608634	0.5389025
576	0.3615277	0.538248
577	0.3621864	0.5375981
578	0.3628397	0.5369526
579	0.3634875	0.5363116
580	0.3641298	0.535675
581	0.364767	0.5350426
582	0.365399	0.5344144
583	0.3660257	0.5337905
584	0.3666475	0.5331706
585	0.3672642	0.5325548
586	0.3678761	0.5319429
587	0.368483	0.5313351
588	0.3690851	0.5307312
589	0.3696825	0.5301311
590	0.3702753	0.5295348
591	0.3708634	0.5289423
592	0.3714471	0.5283533
593	0.3720264	0.5277681
594	0.3726012	0.5271864
595	0.3731717	0.5266082
596	0.3737378	0.5260337
597	0.3742999	0.5254624
598	0.3748578	0.5248945
599	0.3754115	0.5243301
600	0.3759612	0.5237688
601	0.376507	0.5232109
602	0.3770489	0.5226561
603	0.3775869	0.5221044
604	0.378121	0.521556
605	0.3786515	0.5210106
606	0.3791783	0.5204681
607	0.3797015	0.5199286
608	0.3802211	0.519392
609	0.3807371	0.5188584
610	0.3812496	0.5183276
611	0.3817588	0.5177995
612	0.3822646	0.5172743
613	0.382767	0.5167518
614	0.3832662	0.516232
615	0.3837621	0.5157148
616	0.3842549	0.5152002
617	0.3847445	0.5146882
618	0.385231	0.5141787
619	0.3857146	0.5136717
620	0.3861951	0.5131672
621	0.3866726	0.5126651
622	0.3871473	0.5121653
623	0.3876191	0.5116679
624	0.388088	0.5111729
625	0.3885541	0.5106801
626	0.3890175	0.5101896
627	0.3894783	0.5097013
628	0.3899364	0.5092151
629	0.3903918	0.5087312
630	0.3908447	0.5082493
631	0.391295	0.5077696
632	0.3917428	0.5072919
633	0.3921882	0.5068161
634	0.3926311	0.5063425
635	0.3930716	0.5058708
636	0.3935097	0.505401
637	0.3939455	0.5049332
638	0.394379	0.5044672
639	0.3948103	0.5040031
640	0.3952393	0.5035408
641	0.3956661	0.5030803
642	0.3960908	0.5026216
643	0.3965134	0.5021647
644	0.3969338	0.5017094
645	0.3973522	0.5012559
646	0.3977685	0.500804
647	0.3981828	0.5003539
648	0.3985951	0.4999053
649	0.3990055	0.4994583
650	0.399414	0.4990129
651	0.3998205	0.4985691
652	0.4002253	0.4981267
653	0.4006281	0.497686
654	0.4010291	0.4972467
655	0.4014284	0.4968089
656	0.4018259	0.4963725
657	0.4022216	0.4959375
658	0.4026156	0.495504
659	0.403008	0.4950718
660	0.4033987	0.494641
661	0.4037877	0.4942116
662	0.4041751	0.4937835
663	0.4045609	0.4933567
664	0.4049451	0.4929312
665	0.4053278	0.492507
666	0.405709	0.492084
667	0.4060887	0.4916622
668	0.4064668	0.4912417
669	0.4068435	0.4908224
670	0.4072188	0.4904042
671	0.4075927	0.4899872
672	0.4079651	0.4895714
673	0.4083361	0.4891567
674	0.4087058	0.4887431
675	0.4090741	0.4883306
676	0.4094411	0.4879192
677	0.4098068	0.4875089
678	0.4101713	0.4870997
679	0.4105344	0.4866914
680	0.4108963	0.4862843
681	0.4112569	0.4858781
682	0.4116164	0.4854729
683	0.4119746	0.4850687
684	0.4123316	0.4846655
685	0.4126875	0.4842632
686	0.4130422	0.4838619
687	0.4133957	0.4834615
688	0.4137481	0.4830621
689	0.4140995	0.4826635
690	0.4144497	0.4822659
691	0.4147989	0.4818691
692	0.415147	0.4814732
693	0.415494	0.4810781
694	0.41584	0.480684
695	0.416185	0.4802906
696	0.4165289	0.4798981
697	0.4168719	0.4795063
698	0.4172139	0.4791154
699	0.4175549	0.4787253
700	0.417895	0.4783359
701	0.4182341	0.4779474
702	0.4185722	0.4775596
703	0.4189095	0.4771725
704	0.4192459	0.4767862
705	0.4195813	0.4764006
706	0.4199158	0.4760157
707	0.4202495	0.4756316
708	0.4205824	0.4752481
709	0.4209143	0.4748654
710	0.4212455	0.4744833
711	0.4215758	0.4741019
712	0.4219053	0.4737212
713	0.4222339	0.4733411
714	0.4225618	0.4729617
715	0.4228889	0.4725829
716	0.4232152	0.4722048
717	0.4235407	0.4718273
718	0.4238655	0.4714504
719	0.4241895	0.4710741
720	0.4245128	0.4706985
721	0.4248354	0.4703234
722	0.4251572	0.4699489
723	0.4254783	0.469575
724	0.4257987	0.4692017
725	0.4261184	0.4688289
726	0.4264374	0.4684567
727	0.4267558	0.4680851
728	0.4270734	0.4677139
729	0.4273904	0.4673434
730	0.4277068	0.4669734
731	0.4280225	0.4666039
732	0.4283375	0.4662349
733	0.4286519	0.4658664
734	0.4289657	0.4654985
735	0.4292789	0.4651311
736	0.4295914	0.4647641
737	0.4299034	0.4643976
738	0.4302148	0.4640317
739	0.4305255	0.4636662
740	0.4308357	0.4633012
741	0.4311454	0.4629366
742	0.4314544	0.4625725
743	0.4317628	0.4622089
744	0.4320707	0.4618457
745	0.4323781	0.461483
746	0.4326849	0.4611208
747	0.4329912	0.4607589
748	0.4332969	0.4603975
749	0.4336021	0.4600366
750	0.4339027	0.4596783
751	0.4341959	0.4593241
752	0.4344889	0.4589702
753	0.4347815	0.4586166
754	0.4350739	0.4582633
755	0.435366	0.4579102
756	0.4356577	0.4575575
757	0.4359492	0.457205
758	0.4362405	0.4568527
759	0.4365314	0.4565008
760	0.4368221	0.456149
761	0.4371125	0.4557976
762	0.4374026	0.4554464
763	0.4376925	0.4550955
764	0.4379821	0.4547449
765	0.4382714	0.4543945
766	0.4385604	0.4540443
767	0.4388492	0.4536944
768	0.4391377	0.4533448
769	0.439426	0.4529954
770	0.439714	0.4526463
771	0.4400017	0.4522974
772	0.4402892	0.4519488
773	0.4405765	0.4516004
774	0.4408634	0.4512522
775	0.4411502	0.4509043
776	0.4414367	0.4505566
777	0.4417229	0.4502092
778	0.4420089	0.449862
779	0.4422946	0.4495151
780	0.4425801	0.4491683
781	0.4428654	0.4488219
782	0.4431504	0.4484756
783	0.4434351	0.4481296
784	0.4437197	0.4477838
785	0.444004	0.4474382
786	0.444288	0.4470929
787	0.4445719	0.4467478
788	0.4448555	0.4464029
789	0.4451388	0.4460582
790	0.4454219	0.4457138
791	0.4457048	0.4453696
792	0.4459875	0.4450256
793	0.4462699	0.4446819
794	0.4465521	0.4443383
795	0.4468341	0.443995
796	0.4471159	0.4436519
797	0.4473974	0.4433089
798	0.4476787	0.4429663
799	0.4479598	0.4426238
800	0.4482384	0.4422818
801	0.4485065	0.4419413
802	0.4487747	0.441601
803	0.449043	0.4412608
804	0.4493115	0.4409208
805	0.44958	0.440581
806	0.4498486	0.4402414
807	0.4501174	0.4399019
808	0.4503862	0.4395626
809	0.4506552	0.4392235
810	0.4509243	0.4388845
811	0.4511935	0.4385457
812	0.4514627	0.4382071
813	0.4517321	0.4378686
814	0.4520016	0.4375304
815	0.4522712	0.4371922
816	0.4525409	0.4368543
817	0.4528107	0.4365166
818	0.4530805	0.436179
819	0.4533505	0.4358415
820	0.4536206	0.4355043
821	0.4538908	0.4351672
822	0.454161	0.4348303
823	0.4544314	0.4344935
824	0.4547018	0.434157
825	0.4549723	0.4338206
826	0.455243	0.4334844
827	0.4555137	0.4331483
828	0.4557845	0.4328124
829	0.4560553	0.4324767
830	0.4563263	0.4321411
831	0.4565974	0.4318058
832	0.4568685	0.4314706
833	0.4571397	0.4311355
834	0.457411	0.4308007
835	0.4576823	0.430466
836	0.4579538	0.4301315
837	0.4582253	0.4297971
838	0.4584969	0.4294629
839	0.4587686	0.4291289
840	0.4590403	0.4287951
841	0.4593122	0.4284614
842	0.4595841	0.4281279
843	0.459856	0.4277946
844	0.4601281	0.4274614
845	0.4604002	0.4271285
846	0.4606723	0.4267957
847	0.4609446	0.426463
848	0.4612169	0.4261305
849	0.4614892	0.4257983
850	0.4617617	0.4254661
851	0.4620341	0.4251342
852	0.4623067	0.4248024
853	0.4625793	0.4244708
854	0.462852	0.4241394
855	0.4631247	0.4238082
856	0.4633975	0.4234771
857	0.4636703	0.4231462
858	0.4639432	0.4228154
859	0.4642161	0.4224849
860	0.4644891	0.4221545
861	0.4647622	0.4218243
862	0.4650353	0.4214942
863	0.4653085	0.4211644
864	0.4655817	0.4208347
865	0.4658549	0.4205051
866	0.4661283	0.4201758
867	0.4664016	0.4198466
868	0.466675	0.4195176
869	0.4669484	0.4191888
870	0.4672219	0.4188602
871	0.4674954	0.4185317
872	0.467769	0.4182034
873	0.4680426	0.4178753
874	0.4683162	0.4175473
875	0.4685899	0.4172196
876	0.4688636	0.416892
877	0.4691373	0.4165646
878	0.4694111	0.4162373
879	0.4696849	0.4159103
880	0.4699589	0.4155833
881	0.470233	0.4152564
882	0.4705071	0.4149296
883	0.4707813	0.414603
884	0.4710556	0.4142765
885	0.4713299	0.4139502
886	0.4716043	0.4136241
887	0.4718786	0.4132981
888	0.4721531	0.4129723
889	0.4724276	0.4126467
890	0.4727021	0.4123212
891	0.4729767	0.4119959
892	0.4732512	0.4116708
893	0.4735259	0.4113458
894	0.4738006	0.4110211
895	0.4740752	0.4106964
896	0.47435	0.410372
897	0.4746248	0.4100477
898	0.4748995	0.4097236
899	0.4751744	0.4093996
900	0.4754492	0.4090759
901	0.4757241	0.4087523
902	0.475999	0.4084288
903	0.476274	0.4081056
904	0.4765489	0.4077825
905	0.4768239	0.4074596
906	0.477099	0.4071368
907	0.477374	0.4068142
908	0.4776491	0.4064918
909	0.4779241	0.4061696
910	0.4781992	0.4058476
911	0.4784627	0.4055257
912	0.4787261	0.405204
913	0.4789895	0.4048825
914	0.479253	0.4045612
915	0.4795164	0.4042401
916	0.4797799	0.4039192
917	0.4800434	0.4035985
918	0.4803069	0.403278
919	0.4805704	0.4029576
920	0.4808339	0.4026376
921	0.4810915	0.4023176
922	0.4813492	0.4019978
923	0.4816069	0.4016781
924	0.4818647	0.4013587
925	0.4821225	0.4010394
926	0.4823804	0.4007203
927	0.4826384	0.4004014
928	0.4828963	0.4000826
929	0.4831543	0.3997641
930	0.4834124	0.3994457
931	0.4836679	0.3991287
932	0.4839234	0.3988118
933	0.4841789	0.3984952
934	0.4844345	0.3981787
935	0.4846901	0.3978624
936	0.4849458	0.3975463
937	0.4852015	0.3972304
938	0.4854573	0.3969146
939	0.4857131	0.396599
940	0.4859689	0.3962836
941	0.4862261	0.3959764
942	0.4864834	0.3956694
943	0.4867407	0.3953625
944	0.4869981	0.3950557
945	0.4872554	0.3947491
946	0.4875128	0.3944427
947	0.4877702	0.3941364
948	0.4880277	0.3938303
949	0.4882851	0.3935244
950	0.4885426	0.3932186
951	0.488787	0.3928948
952	0.4890314	0.3925712
953	0.4892759	0.3922478
954	0.4895204	0.3919247
955	0.489765	0.3916018
956	0.4900097	0.391279
957	0.4902544	0.3909565
958	0.4904991	0.3906342
959	0.4907438	0.3903121
960	0.4909886	0.3899903
961	0.4912534	0.3896849
962	0.4915182	0.3893798
963	0.4917829	0.3890748
964	0.4920477	0.38877
965	0.4923125	0.3884653
966	0.4925773	0.3881607
967	0.492842	0.3878564
968	0.4931068	0.3875523
969	0.4933715	0.3872484
970	0.4936363	0.3869445
971	0.4932508	0.3873123
972	0.4928658	0.3876797
973	0.4924814	0.3880468
974	0.4920974	0.3884133
975	0.491714	0.3887795
976	0.4913311	0.3891453
977	0.4909487	0.3895107
978	0.4905668	0.3898756
979	0.4901853	0.3902402
980	0.4898044	0.3906044
981	0.489424	0.3909681
982	0.4890441	0.3913315
983	0.4886647	0.3916945
984	0.4882858	0.3920571
985	0.4879074	0.3924193
986	0.4875294	0.3927811
987	0.487152	0.3931425
988	0.4867751	0.3935034
989	0.4863986	0.393864
990	0.4860226	0.3942243
991	0.4856472	0.3945841
992	0.4852722	0.3949435
993	0.4848977	0.3953026
994	0.4845239	0.3956621
995	0.4841512	0.3960225
996	0.483779	0.3963826
997	0.4834073	0.3967422
998	0.4830361	0.3971014
999	0.4826656	0.3974601
aoi	55	
380	0.3339068	0.07675807
381	0.3361216	0.08243344
382	0.3389198	0.08859029
383	0.3423604	0.09523892
384	0.3464845	0.1023886
385	0.3513384	0.1100193
386	0.3569795	0.118103
387	0.3634158	0.1266063
388	0.3706094	0.1354957
389	0.3785625	0.1447365
390	0.3872381	0.1542839
391	0.3965003	0.1640529
392	0.4062912	0.1740018
393	0.4165561	0.1840798
394	0.4271252	0.1942833
395	0.4376827	0.2045128
396	0.4482195	0.2148332
397	0.4585824	0.2252501
398	0.4685362	0.2357455
399	0.4778429	0.2462999
400	0.4865409	0.2569745
401	0.4944553	0.2678534
402	0.5012843	0.2788947
403	0.5069851	0.2901632
404	0.5115523	0.3017269
405	0.5148966	0.3135996
406	0.5166747	0.3256283
407	0.5170881	0.3378916
408	0.5161155	0.3503168
409	0.5136217	0.3628115
410	0.509492	0.3751609
411	0.5039257	0.3873382
412	0.4969715	0.3991609
413	0.4886219	0.4102887
414	0.4790768	0.4205043
415	0.4687194	0.4296416
416	0.458454	0.4378963
417	0.4487934	0.4456174
418	0.4396306	0.4529294
419	0.4309083	0.4598966
420	0.4226295	0.466517
421	0.4148156	0.4727727
422	0.4074194	0.4787012
423	0.4004395	0.4843038
424	0.3938913	0.4895679
425	0.3877889	0.4944627
426	0.3820867	0.4990443
427	0.376779	0.5033176
428	0.3718754	0.5072749
429	0.3673503	0.5109362
430	0.3631905	0.5143124
431	0.3593867	0.5174114
432	0.3559359	0.5202346
433	0.3528127	0.5228027
434	0.3500259	0.5250957
435	0.3475577	0.5271332
436	0.3453825	0.5289424
437	0.343482	0.5305387
438	0.3418419	0.5319333
439	0.3404507	0.5331347
440	0.3392918	0.5341563
441	0.3383504	0.5350097
442	0.3376128	0.5357063
443	0.3371057	0.5362058
444	0.336778	0.5365672
445	0.3366174	0.5368006
446	0.3366106	0.5369157
447	0.3367458	0.5369217
448	0.3370126	0.5368271
449	0.3373998	0.5366408
450	0.3378957	0.5363713
451	0.338507	0.5360079
452	0.339237	0.5355443
453	0.3400511	0.5350177
454	0.3409379	0.5344356
455	0.3418927	0.5338024
456	0.342908	0.5331242
457	0.3439758	0.5324067
458	0.3450887	0.5316555
459	0.3462664	0.5308482
460	0.3475017	0.5299917
461	0.3487662	0.5291137
462	0.350056	0.5282176
463	0.3513676	0.5273062
464	0.3526968	0.5263827
465	0.3540364	0.525452
466	0.3553862	0.5245148
467	0.3567427	0.5235739
468	0.3581076	0.5226259
469	0.3595196	0.5216298
470	0.3609306	0.5206358
471	0.3623381	0.5196461
472	0.3637381	0.5186629
473	0.3651293	0.5176875
474	0.3665111	0.5167205
475	0.3678819	0.5157632
476	0.3692375	0.514818
477	0.3705794	0.5138843
478	0.3719062	0.5129633
479	0.3732165	0.5120556
480	0.374524	0.5111467
481	0.3758456	0.5102204
482	0.3771486	0.5093094
483	0.3784313	0.5084144
484	0.3796934	0.5075358
485	0.3809351	0.5066737
486	0.3821564	0.5058278
487	0.3833551	0.5049996
488	0.3845324	0.5041882
489	0.385715	0.5033676
490	0.3868868	0.5025531
491	0.388035	0.501757
492	0.3891615	0.5009782
493	0.3902664	0.5002163
494	0.3913483	0.4994721
495	0.3924076	0.4987455
496	0.3934449	0.498036
497	0.3944607	0.4973431
498	0.3954645	0.4966572
499	0.3964721	0.4959632
500	0.3974585	0.4952859
501	0.3984233	0.494625
502	0.3993658	0.4939811
503	0.4002877	0.4933532
504	0.4011888	0.4927411
505	0.4020691	0.4921449
506	0.4029285	0.4915644
507	0.4037682	0.4909989
508	0.4045912	0.4904456
509	0.4054219	0.4898807
510	0.4062328	0.4893308
511	0.4070252	0.488795
512	0.4077986	0.4882735
513	0.4085528	0.4877662
514	0.4092892	0.4872725
515	0.4100078	0.4867919
516	0.4107089	0.4863243
517	0.4114048	0.485858
518	0.4120988	0.4853901
519	0.4127762	0.4849346
520	0.4134366	0.4844915
521	0.4140807	0.4840607
522	0.4147094	0.4836412
523	0.4153221	0.4832333
524	0.4159193	0.4828369
525	0.4165017	0.4824513
526	0.4170697	0.4820762
527	0.4176234	0.4817113
528	0.4181733	0.481347
529	0.4187215	0.4809814
530	0.4192564	0.4806254
531	0.4197775	0.4802794
532	0.4202855	0.4799429
533	0.4207811	0.4796152
534	0.4212639	0.4792967
535	0.4217343	0.4789869
536	0.4221989	0.4786801
537	0.4226567	0.478377
538	0.4231053	0.4780799
539	0.4235442	0.4777894
540	0.4239741	0.4775046
541	0.4243956	0.4772255
542	0.424808	0.4769521
543	0.4252121	0.4766842
544	0.4256083	0.4764215
545	0.4259962	0.476164
546	0.4263762	0.4759116
547	0.4267486	0.4756642
548	0.4271136	0.4754214
549	0.4274715	0.4751831
550	0.4278218	0.4749496
551	0.4281654	0.4747203
552	0.4285023	0.4744952
553	0.4288324	0.4742743
554	0.4291562	0.4740574
555	0.4294737	0.4738443
556	0.4297851	0.4736349
557	0.4300905	0.4734293
558	0.4303899	0.4732273
559	0.4306838	0.4730286
560	0.4309723	0.4728331
561	0.431255	0.4726412
562	0.4315327	0.4724522
563	0.4318054	0.4722662
564	0.4320728	0.4720832
565	0.4323355	0.4719031
566	0.4325934	0.4717258
567	0.4328467	0.4715511
568	0.4330955	0.471379
569	0.4333397	0.4712096
570	0.4335798	0.4710425
571	0.4338157	0.4708778
572	0.4340474	0.4707154
573	0.4342754	0.4705551
574	0.4344996	0.4703968
575	0.4347201	0.4702404
576	0.4349372	0.4700859
577	0.4351507	0.4699332
578	0.435361	0.4697822
579	0.435568	0.4696328
580	0.4357719	0.4694851
581	0.4359728	0.4693387
582	0.4361708	0.4691938
583	0.4363658	0.4690504
584	0.4365582	0.4689081
585	0.4367479	0.4687671
586	0.436935	0.4686273
587	0.4371196	0.4684886
588	0.4373017	0.4683511
589	0.4374815	0.4682145
590	0.4376591	0.4680788
591	0.4378344	0.4679442
592	0.4380076	0.4678103
593	0.4381788	0.4676772
594	0.4383479	0.467545
595	0.4385152	0.4674134
596	0.4386806	0.4672825
597	0.4388442	0.4671523
598	0.4390061	0.4670226
599	0.4391662	0.4668935
600	0.4393248	0.4667649
601	0.4394819	0.4666368
602	0.4396374	0.4665091
603	0.4397915	0.4663818
604	0.4399441	0.466255
605	0.4400955	0.4661284
606	0.4402456	0.4660021
607	0.4403944	0.4658761
608	0.4405421	0.4657502
609	0.4406885	0.4656246
610	0.4408339	0.4654993
611	0.4409782	0.465374
612	0.4411215	0.4652488
613	0.4412639	0.4651237
614	0.4414053	0.4649987
615	0.4415458	0.4648738
616	0.4416855	0.4647488
617	0.4418243	0.4646239
618	0.4419624	0.4644989
619	0.4420997	0.4643738
620	0.4422364	0.4642487
621	0.4423723	0.4641235
622	0.4425076	0.4639981
623	0.4426423	0.4638726
624	0.4427764	0.463747
625	0.4429099	0.4636212
626	0.443043	0.4634952
627	0.4431756	0.4633689
628	0.4433077	0.4632425
629	0.4434393	0.4631158
630	0.4435706	0.4629888
631	0.4437015	0.4628616
632	0.443832	0.462734
633	0.4439622	0.4626062
634	0.4440921	0.4624781
635	0.4442217	0.4623496
636	0.444351	0.4622208
637	0.4444801	0.4620916
638	0.444609	0.461962
639	0.4447376	0.4618321
640	0.4448661	0.4617017
641	0.4449945	0.461571
642	0.4451227	0.4614399
643	0.4452507	0.4613083
644	0.4453786	0.4611763
645	0.4455065	0.4610438
646	0.4456343	0.460911
647	0.445762	0.4607776
648	0.4458898	0.4606438
649	0.4460174	0.4605095
650	0.4461451	0.4603748
651	0.4462727	0.4602395
652	0.4464004	0.4601037
653	0.4465282	0.4599675
654	0.4466559	0.4598307
655	0.4467837	0.4596935
656	0.4469116	0.4595556
657	0.4470396	0.4594173
658	0.4471676	0.4592785
659	0.4472958	0.4591391
660	0.4474241	0.4589992
661	0.4475525	0.4588587
662	0.447681	0.4587177
663	0.4478097	0.4585761
664	0.4479385	0.4584339
665	0.4480675	0.4582912
666	0.4481967	0.458148
667	0.448326	0.4580041
668	0.4484556	0.4578598
669	0.4485853	0.4577148
670	0.4487152	0.4575692
671	0.4488454	0.4574231
672	0.4489757	0.4572764
673	0.4491063	0.4571291
674	0.4492372	0.4569812
675	0.4493682	0.4568328
676	0.4494995	0.4566837
677	0.4496311	0.4565341
678	0.4497629	0.4563839
679	0.449895	0.4562331
680	0.4500273	0.4560817
681	0.4501599	0.4559297
682	0.4502928	0.4557771
683	0.450426	0.4556239
684	0.4505594	0.4554701
685	0.4506932	0.4553158
686	0.4508272	0.4551608
687	0.4509616	0.4550052
688	0.4510962	0.454849
689	0.4512312	0.4546923
690	0.4513664	0.454535
691	0.4515019	0.454377
692	0.4516378	0.4542185
693	0.451774	0.4540593
694	0.4519105	0.4538996
695	0.4520473	0.4537393
696	0.4521845	0.4535784
697	0.452322	0.4534169
698	0.4524598	0.4532548
699	0.452598	0.4530921
700	0.4527364	0.4529289
701	0.4528752	0.452765
702	0.4530144	0.4526006
703	0.4531539	0.4524356
704	0.4532937	0.45227
705	0.4534339	0.4521038
706	0.4535744	0.451937
707	0.4537152	0.4517697
708	0.4538564	0.4516018
709	0.453998	0.4514333
710	0.4541399	0.4512642
711	0.4542821	0.4510946
712	0.4544246	0.4509244
713	0.4545676	0.4507536
714	0.4547108	0.4505823
715	0.4548544	0.4504105
716	0.4549984	0.450238
717	0.4551427	0.450065
718	0.4552873	0.4498915
719	0.4554324	0.4497174
720	0.4555777	0.4495427
721	0.4557234	0.4493675
722	0.4558694	0.4491917
723	0.4560159	0.4490154
724	0.4561626	0.4488386
725	0.4563096	0.4486612
726	0.4564571	0.4484833
727	0.4566049	0.4483048
728	0.456753	0.4481258
729	0.4569014	0.4479464
730	0.4570503	0.4477663
731	0.4571994	0.4475858
732	0.4573489	0.4474047
733	0.4574987	0.4472231
734	0.4576489	0.447041
735	0.4577994	0.4468583
736	0.4579503	0.4466752
737	0.4581015	0.4464915
738	0.4582531	0.4463073
739	0.4584049	0.4461227
740	0.4585571	0.4459375
741	0.4587096	0.4457519
742	0.4588625	0.4455657
743	0.4590157	0.4453791
744	0.4591692	0.4451919
745	0.4593231	0.4450043
746	0.4594772	0.4448162
747	0.4596317	0.4446277
748	0.4597866	0.4444386
749	0.4599417	0.444249
750	0.4600956	0.4440587
751	0.4602473	0.4438673
752	0.4603994	0.4436754
753	0.4605519	0.4434831
754	0.4607049	0.4432902
755	0.4608582	0.4430969
756	0.4610119	0.4429032
757	0.461166	0.442709
758	0.4613205	0.4425144
759	0.4614754	0.4423193
760	0.4616306	0.4421238
761	0.4617863	0.4419278
762	0.4619424	0.4417314
763	0.4620988	0.4415346
764	0.4622555	0.4413373
765	0.4624126	0.4411397
766	0.4625701	0.4409416
767	0.462728	0.4407431
768	0.4628862	0.4405442
769	0.4630448	0.4403449
770	0.4632037	0.4401451
771	0.463363	0.439945
772	0.4635225	0.4397445
773	0.4636825	0.4395435
774	0.4638429	0.4393421
775	0.4640035	0.4391404
776	0.4641645	0.4389383
777	0.4643258	0.4387358
778	0.4644874	0.438533
779	0.4646493	0.4383297
780	0.4648116	0.4381261
781	0.4649742	0.4379221
782	0.4651371	0.4377177
783	0.4653003	0.437513
784	0.4654638	0.4373079
785	0.4656277	0.4371024
786	0.4657918	0.4368966
787	0.4659563	0.4366904
788	0.4661211	0.4364838
789	0.4662861	0.436277
790	0.4664514	0.4360698
791	0.466617	0.4358623
792	0.4667829	0.4356544
793	0.4669491	0.4354462
794	0.4671156	0.4352376
795	0.4672823	0.4350287
796	0.4674494	0.4348195
797	0.4676167	0.4346099
798	0.4677842	0.4344001
799	0.4679521	0.4341899
800	0.4681183	0.4339795
801	0.4682757	0.4337696
802	0.4684338	0.4335593
803	0.4685924	0.4333486
804	0.4687516	0.4331376
805	0.4689113	0.4329262
806	0.4690715	0.4327147
807	0.4692323	0.4325027
808	0.4693936	0.4322905
809	0.4695555	0.4320779
810	0.4697178	0.431865
811	0.4698807	0.4316518
812	0.470044	0.4314383
813	0.4702079	0.4312245
814	0.4703723	0.4310104
815	0.4705372	0.4307961
816	0.4707025	0.4305814
817	0.4708684	0.4303665
818	0.4710347	0.4301513
819	0.4712015	0.4299358
820	0.4713689	0.4297199
821	0.4715367	0.4295038
822	0.4717049	0.4292876
823	0.4718736	0.429071
824	0.4720427	0.4288542
825	0.4722123	0.4286371
826	0.4723824	0.4284197
827	0.472553	0.428202
828	0.4727239	0.4279842
829	0.4728953	0.427766
830	0.4730672	0.4275476
831	0.4732395	0.427329
832	0.4734121	0.4271101
833	0.4735853	0.426891
834	0.4737589	0.4266717
835	0.4739328	0.4264522
836	0.4741072	0.4262323
837	0.4742821	0.4260123
838	0.4744573	0.425792
839	0.4746329	0.4255716
840	0.4748089	0.4253509
841	0.4749853	0.42513
842	0.4751621	0.4249088
843	0.4753394	0.4246874
844	0.475517	0.4244659
845	0.475695	0.4242441
846	0.4758733	0.4240221
847	0.4760521	0.4238
848	0.4762312	0.4235776
849	0.4764107	0.423355
850	0.4765905	0.4231323
851	0.4767707	0.4229093
852	0.4769513	0.4226862
853	0.4771322	0.4224629
854	0.4773135	0.4222394
855	0.4774951	0.4220157
856	0.4776771	0.4217918
857	0.4778594	0.4215678
858	0.4780421	0.4213435
859	0.478225	0.4211192
860	0.4784084	0.4208946
861	0.4785921	0.4206698
862	0.4787761	0.4204449
863	0.4789604	0.4202198
864	0.4791451	0.4199946
865	0.4793301	0.4197692
866	0.4795154	0.4195436
867	0.479701	0.4193179
868	0.4798869	0.419092
869	0.4800732	0.418866
870	0.4802597	0.4186398
871	0.4804465	0.4184135
872	0.4806337	0.418187
873	0.4808211	0.4179604
874	0.4810088	0.4177337
875	0.4811969	0.4175068
876	0.4813852	0.4172798
877	0.4815737	0.4170527
878	0.4817627	0.4168254
879	0.4819518	0.4165979
880	0.4821417	0.41637
881	0.4823322	0.4161416
882	0.4825231	0.415913
883	0.4827143	0.4156842
884	0.4829059	0.4154552
885	0.4830978	0.4152261
886	0.48329	0.4149968
887	0.4834825	0.4147673
888	0.4836753	0.4145377
889	0.4838685	0.414308
890	0.4840619	0.4140781
891	0.4842557	0.4138481
892	0.4844497	0.4136179
893	0.4846441	0.4133876
894	0.4848387	0.4131572
895	0.4850336	0.4129266
896	0.4852288	0.4126959
897	0.4854243	0.412465
898	0.4856201	0.4122341
899	0.4858161	0.412003
900	0.4860125	0.4117718
901	0.4862091	0.4115405
902	0.486406	0.411309
903	0.4866031	0.4110775
904	0.4868005	0.4108458
905	0.4869982	0.410614
906	0.4871962	0.410382
907	0.4873945	0.41015
908	0.4875929	0.4099179
909	0.4877916	0.4096857
910	0.4879906	0.4094534
911	0.4881743	0.4092259
912	0.4883582	0.4089984
913	0.4885424	0.4087708
914	0.4887268	0.4085431
915	0.4889115	0.4083153
916	0.4890966	0.4080873
917	0.4892818	0.4078593
918	0.4894673	0.4076312
919	0.4896531	0.407403
920	0.489839	0.4071747
921	0.4900245	0.4069412
922	0.4902102	0.4067075
923	0.4903962	0.4064738
924	0.4905823	0.4062401
925	0.4907689	0.4060062
926	0.4909556	0.4057722
927	0.4911427	0.4055381
928	0.4913298	0.4053041
929	0.4915173	0.4050699
930	0.491705	0.4048357
931	0.4918913	0.4046019
932	0.4920777	0.4043681
933	0.4922644	0.4041342
934	0.4924513	0.4039003
935	0.4926385	0.4036662
936	0.4928259	0.4034321
937	0.4930135	0.403198
938	0.4932014	0.4029638
939	0.4933895	0.4027295
940	0.4935778	0.4024953
941	0.4937671	0.4022681
942	0.4939568	0.4020407
943	0.4941466	0.4018133
944	0.4943367	0.4015858
945	0.4945269	0.4013583
946	0.4947174	0.4011307
947	0.4949081	0.4009031
948	0.4950989	0.4006754
949	0.49529	0.4004476
950	0.4954813	0.4002198
951	0.4956605	0.3999764
952	0.49584	0.399733
953	0.4960197	0.3994896
954	0.4961996	0.3992461
955	0.4963798	0.3990027
956	0.4965603	0.3987591
957	0.4967409	0.3985156
958	0.4969218	0.3982721
959	0.4971028	0.3980286
960	0.4972841	0.3977851
961	0.497483	0.3975563
962	0.497682	0.3973274
963	0.4978813	0.3970984
964	0.4980806	0.3968694
965	0.4982802	0.3966404
966	0.49848	0.3964113
967	0.4986798	0.3961822
968	0.4988798	0.3959531
969	0.4990799	0.395724
970	0.4992803	0.3954948
971	0.4989668	0.3957871
972	0.4986536	0.396079
973	0.498341	0.3963705
974	0.4980288	0.3966616
975	0.4977171	0.3969523
976	0.4974058	0.3972426
977	0.4970949	0.3975326
978	0.4967846	0.3978221
979	0.4964746	0.3981113
980	0.4961651	0.3984001
981	0.4958561	0.3986885
982	0.4955474	0.3989765
983	0.4952392	0.3992643
984	0.4949315	0.3995515
985	0.4946242	0.3998384
986	0.4943172	0.400125
987	0.4940108	0.4004111
988	0.4937048	0.4006969
989	0.4933993	0.4009823
990	0.4930941	0.4012674
991	0.4927893	0.4015521
992	0.4924851	0.4018364
993	0.4921811	0.4021203
994	0.4918795	0.4024041
995	0.4915818	0.4026876
996	0.4912846	0.4029707
997	0.4909878	0.4032534
998	0.4906915	0.4035356
999	0.4903958	0.4038173
aoi	60	
380	0.4540736	0.02000733
381	0.4584328	0.02128179
382	0.4635802	0.0226569
383	0.4695745	0.02412508
384	0.4764328	0.02568584
385	0.4841946	0.02733406
386	0.4929112	0.02902353
387	0.5025505	0.0307369
388	0.5130127	0.03250254
389	0.5242842	0.0343143
390	0.5362959	0.03616525
391	0.5488403	0.03804477
392	0.5618663	0.03993173
393	0.5753588	0.04174691
394	0.5891249	0.04358809
395	0.6027977	0.0454541
396	0.6164809	0.04737318
397	0.6300798	0.04936043
398	0.6433944	0.05143104
399	0.6562295	0.05357694
400	0.6688162	0.05568419
401	0.681006	0.05793476
402	0.692482	0.06034196
403	0.7032775	0.06294079
404	0.7134702	0.06576013
405	0.722985	0.06882371
406	0.7312701	0.07212055
407	0.7386654	0.07558041
408	0.7451466	0.07904718
409	0.7502414	0.08271193
410	0.7534705	0.08651545
411	0.7549384	0.09042798
412	0.7543832	0.09436918
413	0.7512742	0.09819318
414	0.7455194	0.1017725
415	0.7374374	0.1049832
416	0.7287003	0.1078415
417	0.7205892	0.1104207
418	0.7133859	0.1123667
419	0.7067662	0.114116
420	0.7007498	0.1156747
421	0.6953654	0.117043
422	0.6905825	0.1182344
423	0.6863998	0.119257
424	0.6828304	0.1201033
425	0.6802473	0.1202848
426	0.6782332	0.1203129
427	0.6767563	0.1202074
428	0.6757821	0.1199905
429	0.6752712	0.1196722
430	0.6751817	0.1192709
431	0.6754632	0.1188141
432	0.6760748	0.1183136
433	0.6769761	0.1177823
434	0.6784665	0.1168415
435	0.6803672	0.1156732
436	0.6824546	0.1145047
437	0.6846949	0.1133489
438	0.6870481	0.1122242
439	0.6894775	0.1111421
440	0.6919637	0.1101039
441	0.694483	0.1091174
442	0.6970007	0.1082031
443	0.7000284	0.10678
444	0.7030376	0.1054213
445	0.7060083	0.1041358
446	0.7089189	0.1029326
447	0.7117636	0.1018053
448	0.7145366	0.100756
449	0.7172195	0.09979724
450	0.7198057	0.0989249
451	0.722475	0.09794508
452	0.7253545	0.09672159
453	0.7281251	0.09559018
454	0.7307869	0.09454078
455	0.7333438	0.09357265
456	0.7357866	0.09269348
457	0.7381135	0.09190154
458	0.7403264	0.09119193
459	0.7426825	0.09029634
460	0.7451519	0.08924627
461	0.7475117	0.08827284
462	0.7497634	0.08737528
463	0.7519048	0.0865579
464	0.7539347	0.08582215
465	0.7558564	0.085161
466	0.7576743	0.0845741
467	0.7593796	0.08407178
468	0.7610387	0.08358312
469	0.7631031	0.08263069
470	0.7650695	0.08174869
471	0.7669343	0.08094184
472	0.7687054	0.08020065
473	0.7703848	0.07952456
474	0.7719678	0.07892103
475	0.773459	0.07838582
476	0.7748606	0.07791536
477	0.7761743	0.07751113
478	0.777392	0.07718312
479	0.7785224	0.07692196
480	0.7797423	0.07653906
481	0.7812275	0.07584811
482	0.7826305	0.07522126
483	0.7839563	0.07465273
484	0.7852061	0.07414248
485	0.7863717	0.07370146
486	0.7874623	0.07332023
487	0.7884776	0.07299877
488	0.7894148	0.07274214
489	0.7905881	0.07221232
490	0.7918259	0.07159372
491	0.7929961	0.07102917
492	0.7940923	0.07052748
493	0.7951208	0.0700827
494	0.7960833	0.06969271
495	0.796978	0.06936036
496	0.797799	0.06909361
497	0.7985538	0.06888462
498	0.7993783	0.06858517
499	0.8004748	0.0679758
500	0.8015079	0.06742209
501	0.8024819	0.06691984
502	0.8033964	0.06646947
503	0.8042429	0.06608179
504	0.8050308	0.06574685
505	0.8057594	0.06546544
506	0.8064236	0.06524373
507	0.8070219	0.06508445
508	0.8075974	0.0649402
509	0.8085288	0.06439506
510	0.8093964	0.0639102
511	0.8102084	0.06347751
512	0.8109655	0.06309606
513	0.8116647	0.06276948
514	0.8123016	0.06250346
515	0.8128823	0.06229139
516	0.8134058	0.06213457
517	0.8140736	0.06181091
518	0.8149361	0.06126493
519	0.8157466	0.06076917
520	0.8165037	0.06032503
521	0.8172003	0.05994087
522	0.8178454	0.05960757
523	0.8184379	0.05932587
524	0.8189722	0.05910244
525	0.8194483	0.05893766
526	0.8198694	0.0588282
527	0.8202339	0.05877579
528	0.820738	0.05856303
529	0.821424	0.05814357
530	0.8220588	0.05777571
531	0.822638	0.05746414
532	0.8231595	0.05721166
533	0.8236288	0.05701264
534	0.8240446	0.05686815
535	0.8243978	0.05678854
536	0.8248195	0.05662862
537	0.8252965	0.05640304
538	0.8257681	0.05617943
539	0.8262225	0.05597049
540	0.8266677	0.05576796
541	0.8271083	0.05556692
542	0.8275356	0.05537645
543	0.8279498	0.05519695
544	0.8283543	0.05502484
545	0.8287551	0.05485303
546	0.829137	0.05469891
547	0.8295084	0.05455299
548	0.8298717	0.05441292
549	0.8302248	0.05428103
550	0.8305615	0.05416387
551	0.8308873	0.05405599
552	0.8312068	0.05395213
553	0.831508	0.05386539
554	0.8317966	0.05378994
555	0.8320733	0.05372487
556	0.8323418	0.05366611
557	0.8325909	0.05362621
558	0.8328268	0.05359799
559	0.8330526	0.05357861
560	0.8332621	0.05357482
561	0.8334547	0.05358681
562	0.8336334	0.05361215
563	0.833801	0.05364719
564	0.8339467	0.05370395
565	0.8340768	0.05377579
566	0.834191	0.05386275
567	0.8342887	0.05396562
568	0.8343638	0.05409135
569	0.8344187	0.0542369
570	0.834457	0.05439892
571	0.834477	0.05457948
572	0.8344869	0.05476939
573	0.8344879	0.05496782
574	0.8344823	0.05517175
575	0.8344648	0.05538722
576	0.8344395	0.05560998
577	0.8344073	0.05583855
578	0.8343668	0.05607492
579	0.8343175	0.05631964
580	0.8342606	0.05657109
581	0.8341982	0.05682728
582	0.8341259	0.05709289
583	0.8340463	0.05736504
584	0.8339597	0.05764371
585	0.8338667	0.05792777
586	0.8337648	0.0582203
587	0.833656	0.05851916
588	0.833541	0.05882343
589	0.8334172	0.05913597
590	0.8332864	0.05945497
591	0.8331485	0.05978037
592	0.8330037	0.06011213
593	0.8328509	0.06045114
594	0.8326912	0.06079662
595	0.8325245	0.06114854
596	0.8323499	0.06150758
597	0.8321684	0.06187311
598	0.8319798	0.06224516
599	0.8317833	0.06262444
600	0.8315802	0.06300985
601	0.8313699	0.06340185
602	0.8311526	0.06380029
603	0.8309269	0.06420668
604	0.8306953	0.0646183
605	0.8304567	0.06503639
606	0.8302095	0.06546268
607	0.8299566	0.06589384
608	0.8296971	0.06633118
609	0.829431	0.06677453
610	0.8291555	0.0672269
611	0.8288758	0.06768279
612	0.8285894	0.06814478
613	0.8282965	0.06861271
614	0.8279944	0.06908954
615	0.8276888	0.06956898
616	0.8273773	0.07005396
617	0.8270557	0.07054855
618	0.826732	0.07104442
619	0.8264027	0.07154548
620	0.8260676	0.07205166
621	0.8257225	0.0725675
622	0.8253767	0.07308334
623	0.8250256	0.07360372
624	0.8246669	0.07413138
625	0.8243037	0.07466286
626	0.8239383	0.07519586
627	0.8235685	0.07573257
628	0.8231884	0.0762794
629	0.8228102	0.07682328
630	0.8224284	0.07737029
631	0.8220414	0.07792185
632	0.821647	0.07848036
633	0.8212546	0.079036
634	0.8208592	0.07959395
635	0.8204556	0.08015992
636	0.8200532	0.08072369
637	0.81965	0.0812875
638	0.8192447	0.08185288
639	0.8188296	0.08242768
640	0.8184205	0.08299548
641	0.8180099	0.08356414
642	0.8175939	0.0841377
643	0.8171762	0.08471223
644	0.816762	0.08528246
645	0.8163469	0.08585283
646	0.8159236	0.08643127
647	0.8155065	0.08700231
648	0.8150902	0.08757187
649	0.8146717	0.08814307
650	0.8142484	0.08871856
651	0.8138323	0.08928582
652	0.8134166	0.08985206
653	0.8129956	0.09042308
654	0.8125776	0.09099031
655	0.8121641	0.09155212
656	0.8117511	0.09211289
657	0.8113306	0.09268079
658	0.8109202	0.09323741
659	0.8105114	0.09379177
660	0.8101001	0.09434825
661	0.8096885	0.09490422
662	0.8092845	0.09545164
663	0.8088825	0.09599642
664	0.8084747	0.09654659
665	0.8080739	0.09708891
666	0.8076778	0.09762564
667	0.8072812	0.09816234
668	0.8068817	0.09870147
669	0.8064924	0.09922928
670	0.8061055	0.09975403
671	0.805715	0.1002819
672	0.8053283	0.1008054
673	0.804949	0.1013204
674	0.8045711	0.1018334
675	0.8041893	0.1023499
676	0.8038161	0.102857
677	0.8034476	0.1033585
678	0.8030775	0.1038611
679	0.8027079	0.1043627
680	0.802348	0.1048535
681	0.8019909	0.105341
682	0.8016297	0.1058322
683	0.8012747	0.1063162
684	0.8009266	0.1067926
685	0.8005785	0.1072685
686	0.8002295	0.1077447
687	0.7998893	0.1082113
688	0.7995534	0.1086728
689	0.7992147	0.1091367
690	0.7988794	0.1095966
691	0.7985526	0.1100471
692	0.7982275	0.1104953
693	0.7979003	0.1109451
694	0.7975799	0.1113874
695	0.7972657	0.1118228
696	0.7969504	0.1122587
697	0.7966361	0.1126931
698	0.7963305	0.1131179
699	0.7960281	0.1135389
700	0.7957233	0.113962
701	0.7954229	0.1143798
702	0.7951305	0.1147889
703	0.7948382	0.1151975
704	0.7945458	0.1156056
705	0.7942602	0.1160061
706	0.79398	0.1164006
707	0.7936976	0.1167969
708	0.7934177	0.11719
709	0.7931464	0.1175738
710	0.7928762	0.1179559
711	0.7926057	0.1183379
712	0.7923397	0.1187147
713	0.7920805	0.119084
714	0.7918203	0.1194539
715	0.7915616	0.1198217
716	0.7913094	0.1201823
717	0.7910609	0.1205386
718	0.7908111	0.1208958
719	0.7905643	0.1212494
720	0.7903255	0.1215943
721	0.7900864	0.121939
722	0.7898482	0.1222823
723	0.7896147	0.1226203
724	0.7893867	0.122952
725	0.7891569	0.1232852
726	0.78893	0.123615
727	0.7887092	0.123938
728	0.7884904	0.1242586
729	0.7882715	0.1245787
730	0.7880556	0.1248952
731	0.7878469	0.125204
732	0.7876367	0.1255137
733	0.7874286	0.1258209
734	0.7872251	0.126123
735	0.7870253	0.1264207
736	0.786825	0.1267184
737	0.7866273	0.1270132
738	0.7864354	0.1273013
739	0.786244	0.1275887
740	0.7860536	0.1278744
741	0.7858664	0.1281566
742	0.7856849	0.1284324
743	0.7855019	0.1287093
744	0.7853214	0.1289832
745	0.7851453	0.1292522
746	0.7849712	0.1295185
747	0.7847978	0.1297839
748	0.7846268	0.1300463
749	0.7844613	0.1303026
750	0.7842951	0.1305572
751	0.7841313	0.1308059
752	0.7839706	0.131051
753	0.7838136	0.1312919
754	0.7836564	0.1315327
755	0.7835014	0.131771
756	0.7833505	0.1320047
757	0.7832004	0.1322371
758	0.7830516	0.132468
759	0.7829049	0.1326963
760	0.7827626	0.1329198
761	0.78262	0.1331432
762	0.7824794	0.1333643
763	0.7823417	0.1335821
764	0.7822062	0.1337972
765	0.7820713	0.1340114
766	0.7819384	0.1342232
767	0.7818095	0.1344307
768	0.7816804	0.1346379
769	0.7815531	0.134843
770	0.7814278	0.1350457
771	0.7813059	0.1352445
772	0.7811841	0.135443
773	0.7810642	0.1356392
774	0.7809472	0.1358321
775	0.7808312	0.1360237
776	0.7807166	0.1362135
777	0.7806037	0.1364012
778	0.7804936	0.1365858
779	0.7803841	0.1367694
780	0.7802763	0.136951
781	0.7801702	0.1371305
782	0.7800667	0.1373071
783	0.7799638	0.1374826
784	0.7798624	0.1376564
785	0.7797636	0.1378272
786	0.7796655	0.1379969
787	0.7795691	0.1381647
788	0.7794741	0.1383307
789	0.7793812	0.1384942
790	0.7792893	0.1386563
791	0.7791989	0.1388168
792	0.7791102	0.1389751
793	0.7790228	0.1391317
794	0.778937	0.1392865
795	0.7788524	0.1394398
796	0.7787694	0.139591
797	0.7786878	0.1397406
798	0.7786075	0.1398885
799	0.7785285	0.1400348
800	0.7784495	0.1401793
801	0.7783646	0.1403225
802	0.7782813	0.1404641
803	0.7781995	0.1406041
804	0.7781194	0.1407423
805	0.7780409	0.1408788
806	0.7779638	0.1410139
807	0.777888	0.1411475
808	0.777814	0.1412793
809	0.7777415	0.1414095
810	0.7776701	0.1415385
811	0.7776003	0.1416658
812	0.7775321	0.1417914
813	0.7774654	0.1419155
814	0.7773994	0.1420387
815	0.7773356	0.1421597
816	0.7772729	0.1422794
817	0.7772117	0.1423977
818	0.7771512	0.1425151
819	0.7770928	0.1426303
820	0.7770357	0.1427442
821	0.7769792	0.1428574
822	0.7769245	0.1429685
823	0.7768713	0.1430783
824	0.7768192	0.1431867
825	0.7767676	0.1432947
826	0.7767183	0.1434003
827	0.7766701	0.1435045
828	0.7766227	0.143608
829	0.7765763	0.1437103
830	0.7765318	0.1438107
831	0.7764884	0.1439099
832	0.7764451	0.1440089
833	0.7764041	0.1441055
834	0.7763642	0.1442009
835	0.7763254	0.1442952
836	0.7762867	0.1443892
837	0.7762503	0.1444809
838	0.7762149	0.1445714
839	0.7761798	0.1446616
840	0.7761462	0.1447502
841	0.7761141	0.1448372
842	0.7760831	0.144923
843	0.7760518	0.1450091
844	0.7760229	0.1450926
845	0.775995	0.145175
846	0.7759677	0.1452568
847	0.7759409	0.145338
848	0.775916	0.1454171
849	0.7758922	0.1454952
850	0.7758681	0.1455734
851	0.7758459	0.1456496
852	0.775825	0.1457245
853	0.7758048	0.1457984
854	0.7757843	0.1458727
855	0.7757662	0.1459445
856	0.775749	0.1460152
857	0.7757319	0.1460859
858	0.7757157	0.1461555
859	0.7757012	0.1462233
860	0.7756877	0.14629
861	0.7756735	0.1463574
862	0.7756615	0.1464224
863	0.7756506	0.1464863
864	0.7756398	0.1465499
865	0.7756293	0.1466132
866	0.775621	0.1466743
867	0.7756133	0.1467345
868	0.7756053	0.1467951
869	0.7755988	0.146854
870	0.7755936	0.1469116
871	0.7755888	0.1469686
872	0.7755837	0.1470259
873	0.7755808	0.1470808
874	0.7755787	0.1471349
875	0.7755765	0.147189
876	0.7755749	0.1472425
877	0.775575	0.1472941
878	0.7755759	0.1473448
879	0.7755762	0.1473961
880	0.7756055	0.1474173
881	0.7756743	0.1473979
882	0.7757516	0.1473697
883	0.7758376	0.1473327
884	0.7759336	0.1472856
885	0.7760381	0.1472299
886	0.7761509	0.1471658
887	0.7762727	0.1470925
888	0.7764036	0.14701
889	0.7765429	0.1469191
890	0.7766903	0.1468198
891	0.7768471	0.1467112
892	0.7770124	0.1465939
893	0.7771858	0.1464684
894	0.7773674	0.1463345
895	0.7775585	0.1461912
896	0.7777576	0.1460397
897	0.7779647	0.1458801
898	0.7781805	0.1457118
899	0.7784051	0.1455345
900	0.7786376	0.1453492
901	0.7788782	0.1451558
902	0.7791278	0.1449532
903	0.7793857	0.1447423
904	0.7796516	0.1445233
905	0.7799256	0.1442961
906	0.7802089	0.1440596
907	0.7805001	0.143815
908	0.7807992	0.1435625
909	0.7811071	0.1433011
910	0.7814236	0.143031
911	0.7815062	0.1429915
912	0.7815965	0.1429443
913	0.7816954	0.1428884
914	0.7818021	0.1428246
915	0.7819163	0.1427532
916	0.7820384	0.1426739
917	0.782169	0.1425861
918	0.7823069	0.1424908
919	0.7824523	0.142388
920	0.7826057	0.1422771
921	0.7825839	0.1423361
922	0.7825697	0.1423876
923	0.7825627	0.1424316
924	0.7825642	0.1424672
925	0.7825731	0.1424953
926	0.7825892	0.1425161
927	0.7826127	0.1425294
928	0.7826441	0.1425349
929	0.7826825	0.1425332
930	0.782728	0.1425244
931	0.7828385	0.1424494
932	0.7829563	0.1423672
933	0.7830808	0.1422781
934	0.7832122	0.1421822
935	0.7833514	0.1420784
936	0.7834974	0.1419678
937	0.7836501	0.1418505
938	0.7838098	0.1417261
939	0.783977	0.1415943
940	0.7841507	0.1414559
941	0.7841554	0.141492
942	0.7841676	0.1415205
943	0.7841867	0.1415421
944	0.7842124	0.141557
945	0.7842445	0.1415654
946	0.7842842	0.1415662
947	0.7843302	0.1415606
948	0.7843825	0.1415486
949	0.7844416	0.1415298
950	0.7845076	0.1415041
951	0.7845628	0.1414712
952	0.7846243	0.1414321
953	0.7846929	0.141386
954	0.7847678	0.1413335
955	0.7848488	0.1412749
956	0.7849361	0.1412101
957	0.7850304	0.1411384
958	0.7851306	0.1410607
959	0.7852368	0.1409771
960	0.7853495	0.140887
961	0.7854286	0.1408519
962	0.7855136	0.1408109
963	0.7856044	0.1407641
964	0.7857018	0.1407106
965	0.7858051	0.140651
966	0.7859143	0.1405857
967	0.7860291	0.1405145
968	0.7861505	0.1404368
969	0.7862775	0.1403535
970	0.7864102	0.1402644
971	0.7845862	0.142059
972	0.7828025	0.1438128
973	0.7810569	0.145528
974	0.7793475	0.1472063
975	0.7776738	0.1488486
976	0.7760332	0.1504572
977	0.7744245	0.1520335
978	0.7728465	0.1535787
979	0.7712984	0.1550936
980	0.7697784	0.15658
981	0.7682855	0.1580389
982	0.766819	0.1594711
983	0.7653779	0.1608775
984	0.763961	0.1622594
985	0.7625673	0.1636177
986	0.7611969	0.1649525
987	0.7598483	0.1662653
988	0.7585207	0.1675567
989	0.7572136	0.1688273
990	0.7559267	0.1700776
991	0.7546587	0.1713086
992	0.7534094	0.1725209
993	0.7521783	0.1737146
994	0.7513735	0.174486
995	0.7513036	0.1745299
996	0.7512338	0.1745736
997	0.7511641	0.1746172
998	0.7510945	0.1746607
999	0.7510252	0.1747037
aoi	65	
380	0.5356341	0.004919422
381	0.5378852	0.005220797
382	0.5406234	0.00554187
383	0.5438539	0.005882142
384	0.5475149	0.006241776
385	0.5516461	0.006619509
386	0.5562306	0.007013176
387	0.5611848	0.00742185
388	0.5664259	0.007845986
389	0.571975	0.008285303
390	0.5777866	0.008739791
391	0.5836664	0.009209075
392	0.5896195	0.009695105
393	0.5956338	0.01019859
394	0.6016866	0.01072453
395	0.6074782	0.01127456
396	0.6132404	0.01185622
397	0.6189801	0.01247511
398	0.6245944	0.01313673
399	0.6299553	0.01384752
400	0.6352778	0.01461741
401	0.6406968	0.01545803
402	0.6459854	0.0163754
403	0.651331	0.01738188
404	0.6570032	0.01849018
405	0.66312	0.01971015
406	0.6691353	0.02103488
407	0.6755661	0.02247489
408	0.6823623	0.02402303
409	0.6892554	0.02564989
410	0.695452	0.02730072
411	0.7010131	0.0289296
412	0.7052398	0.03045992
413	0.7067189	0.03178902
414	0.7048079	0.0328468
415	0.6996682	0.03360235
416	0.6940661	0.03411688
417	0.690069	0.03448191
418	0.6874087	0.03474468
419	0.6858599	0.03493181
420	0.6851467	0.03506778
421	0.6850142	0.03517242
422	0.6852515	0.0352636
423	0.6856848	0.03535425
424	0.6861679	0.03545477
425	0.6865309	0.03557544
426	0.6867519	0.03571815
427	0.6867728	0.035886
428	0.6865493	0.03607948
429	0.6860608	0.0362983
430	0.6852972	0.03654192
431	0.684255	0.03680953
432	0.6829385	0.03709698
433	0.6813593	0.03740307
434	0.679447	0.03773321
435	0.6772426	0.03808317
436	0.6748095	0.03844383
437	0.6721668	0.03881334
438	0.6693371	0.03918956
439	0.6663461	0.03956795
440	0.6632141	0.03994574
441	0.659963	0.04032064
442	0.6566171	0.04069102
443	0.6530311	0.04106728
444	0.6493838	0.04143312
445	0.6456987	0.0417863
446	0.6420023	0.04212431
447	0.6383181	0.04244303
448	0.6346627	0.04274146
449	0.6310583	0.04301879
450	0.6275302	0.04327089
451	0.6240282	0.04350181
452	0.6205205	0.04371427
453	0.6171382	0.04389843
454	0.6139028	0.04405036
455	0.6108241	0.04417023
456	0.6079177	0.04425818
457	0.6051973	0.04431293
458	0.6026772	0.04433277
459	0.600278	0.04432386
460	0.5980209	0.04428652
461	0.5959959	0.04421301
462	0.5942068	0.04410401
463	0.5926576	0.04396101
464	0.5913524	0.04378502
465	0.5902942	0.04357515
466	0.5894816	0.04333304
467	0.5889129	0.04306145
468	0.5885708	0.04276066
469	0.5883581	0.04243383
470	0.5883913	0.04207873
471	0.5886651	0.04169787
472	0.5891745	0.04129134
473	0.58991	0.04086091
474	0.5908636	0.04040982
475	0.5920263	0.03993911
476	0.593387	0.03944978
477	0.5949373	0.03894414
478	0.5966646	0.0384253
479	0.5985583	0.03789326
480	0.6005972	0.03734802
481	0.602766	0.03678934
482	0.6050818	0.03622215
483	0.6075322	0.0356473
484	0.6101052	0.03506624
485	0.6127913	0.03448213
486	0.6155791	0.03389479
487	0.6184564	0.03330544
488	0.6214157	0.03271602
489	0.6244555	0.03212237
490	0.6275683	0.03152731
491	0.6307408	0.03093434
492	0.6339628	0.03034549
493	0.6372281	0.02976083
494	0.6405272	0.02918083
495	0.6438513	0.02860652
496	0.6471955	0.02803949
497	0.6505522	0.02747903
498	0.6539266	0.0269231
499	0.6573352	0.02636896
500	0.6607427	0.02582322
501	0.6641451	0.02528582
502	0.6675353	0.02475724
503	0.6709085	0.02423887
504	0.6742636	0.02372971
505	0.6775944	0.02322994
506	0.6808967	0.0227404
507	0.6841694	0.0222612
508	0.6874139	0.02179101
509	0.6906713	0.02132322
510	0.6938915	0.02086644
511	0.6970736	0.02041975
512	0.7002161	0.01998303
513	0.7033149	0.01955668
514	0.7063694	0.01914101
515	0.7093803	0.01873514
516	0.7123449	0.01833904
517	0.715286	0.01795009
518	0.71821	0.01756712
519	0.7210864	0.01719376
520	0.7239139	0.01683003
521	0.7266913	0.01647653
522	0.7294201	0.01613222
523	0.7320998	0.01579697
524	0.7347286	0.01547118
525	0.7373077	0.01515456
526	0.7398381	0.01484651
527	0.7423195	0.01454691
528	0.7447727	0.01425385
529	0.747203	0.01396609
530	0.7495851	0.01368643
531	0.7519182	0.01341503
532	0.7542028	0.01315189
533	0.7564406	0.01289636
534	0.7586316	0.01264824
535	0.7607751	0.01240806
536	0.7628855	0.01217379
537	0.7649615	0.01194537
538	0.7669976	0.01172351
539	0.7689922	0.0115085
540	0.7709476	0.01129965
541	0.7728649	0.01109679
542	0.774743	0.01090022
543	0.7765831	0.01070968
544	0.7783866	0.01052476
545	0.7801536	0.01034538
546	0.7818835	0.01017201
547	0.7835781	0.01000389
548	0.7852381	0.009840942
549	0.7868641	0.0096833
550	0.7884554	0.009530905
551	0.7900137	0.009383356
552	0.7915399	0.009240521
553	0.7930335	0.009102776
554	0.7944957	0.00896962
555	0.7959272	0.008840875
556	0.7973286	0.008716574
557	0.7986998	0.008596901
558	0.8000414	0.008481345
559	0.801355	0.008369812
560	0.8026406	0.008262572
561	0.8038974	0.008159366
562	0.8051279	0.008059929
563	0.8063322	0.007964242
564	0.8075098	0.007872563
565	0.8086618	0.007784447
566	0.8097888	0.007699793
567	0.8108914	0.007618763
568	0.8119698	0.007541254
569	0.8130238	0.007467018
570	0.8140558	0.00739536
571	0.8150669	0.007325189
572	0.8160569	0.007256235
573	0.8170274	0.00718845
574	0.8179785	0.00712182
575	0.8189105	0.007056343
576	0.8198238	0.006991973
577	0.8207187	0.006928646
578	0.8215958	0.006866422
579	0.8224553	0.006805238
580	0.8232973	0.006745055
581	0.8241229	0.006685857
582	0.824932	0.006627645
583	0.8257247	0.006570381
584	0.8265019	0.00651403
585	0.8272634	0.006458608
586	0.8280099	0.006404077
587	0.8287415	0.006350414
588	0.8294582	0.006297599
589	0.8301609	0.006245643
590	0.8308495	0.006194503
591	0.8315242	0.006144152
592	0.8321858	0.006094608
593	0.8328342	0.006045823
594	0.8334695	0.005997787
595	0.8340924	0.005950481
596	0.8347025	0.005903934
597	0.8353007	0.005858082
598	0.8358871	0.005812918
599	0.8364614	0.005768444
600	0.8370246	0.005724639
601	0.8375763	0.005681486
602	0.838117	0.00563898
603	0.8386471	0.005597104
604	0.8391662	0.00555585
605	0.8396751	0.005515199
606	0.8401739	0.005475131
607	0.8406627	0.005435652
608	0.8411417	0.005396742
609	0.8416108	0.005358387
610	0.8420705	0.005320595
611	0.8425211	0.005283334
612	0.8429624	0.005246606
613	0.8433948	0.00521038
614	0.8438185	0.005174682
615	0.8442334	0.005139485
616	0.8446399	0.005104769
617	0.8450382	0.00507053
618	0.8454282	0.005036774
619	0.8458104	0.005003472
620	0.8461847	0.004970619
621	0.8465511	0.004938226
622	0.8469101	0.004906271
623	0.8472615	0.004874731
624	0.8476054	0.004843628
625	0.8479422	0.004812957
626	0.8482721	0.004782659
627	0.8485951	0.004752757
628	0.8489112	0.004723281
629	0.8492204	0.004694177
630	0.8495232	0.004665442
631	0.8498194	0.004637092
632	0.8501093	0.004609112
633	0.8503932	0.004581465
634	0.8506706	0.004554183
635	0.8509419	0.004527265
636	0.8512074	0.004500674
637	0.8514668	0.004474423
638	0.8517206	0.004448484
639	0.8519687	0.004422902
640	0.8522112	0.004397621
641	0.8524483	0.004372638
642	0.85268	0.004347979
643	0.8529064	0.004323625
644	0.8531275	0.004299555
645	0.8533434	0.004275782
646	0.8535542	0.004252313
647	0.8537601	0.004229118
648	0.8539612	0.004206184
649	0.8541574	0.00418353
650	0.8543488	0.004161157
651	0.8545356	0.00413904
652	0.8547178	0.004117186
653	0.8548952	0.004095593
654	0.8550682	0.004074257
655	0.855237	0.004053144
656	0.8554013	0.004032283
657	0.8555613	0.004011685
658	0.8557173	0.003991305
659	0.855869	0.003971149
660	0.8560165	0.003951241
661	0.85616	0.003931556
662	0.8562995	0.003912086
663	0.8564352	0.003892824
664	0.8565668	0.003873802
665	0.8566946	0.003854976
666	0.8568189	0.003836356
667	0.8569394	0.00381794
668	0.8570562	0.003799746
669	0.8571693	0.003781742
670	0.8572791	0.003763915
671	0.8573853	0.003746298
672	0.8574879	0.003728878
673	0.8575871	0.003711631
674	0.857683	0.00369457
675	0.8577755	0.003677702
676	0.8578647	0.003661009
677	0.8579508	0.003644482
678	0.8580336	0.003628133
679	0.8581133	0.00361197
680	0.8581899	0.003595955
681	0.8582635	0.003580116
682	0.858334	0.00356444
683	0.8584013	0.003548937
684	0.8584658	0.003533571
685	0.8585275	0.003518378
686	0.8585861	0.003503337
687	0.8586418	0.003488456
688	0.8586948	0.003473705
689	0.8587451	0.003459122
690	0.8587927	0.003444674
691	0.8588374	0.003430375
692	0.8588794	0.003416208
693	0.8589189	0.003402196
694	0.8589556	0.003388321
695	0.8589898	0.003374578
696	0.8590215	0.003360962
697	0.8590505	0.003347496
698	0.859077	0.003334147
699	0.8591011	0.003320933
700	0.8591229	0.003307847
701	0.8591422	0.003294884
702	0.8591589	0.003282041
703	0.8591734	0.003269323
704	0.8591857	0.003256725
705	0.8591954	0.003244251
706	0.8592029	0.003231884
707	0.8592081	0.00321965
708	0.8592111	0.003207523
709	0.8592118	0.003195501
710	0.8592104	0.003183599
711	0.8592068	0.003171802
712	0.8592011	0.00316012
713	0.8591932	0.003148537
714	0.8591833	0.003137063
715	0.8591713	0.003125691
716	0.8591572	0.00311442
717	0.859141	0.003103247
718	0.8591229	0.003092194
719	0.8591026	0.003081232
720	0.8590804	0.003070363
721	0.8590563	0.003059582
722	0.8590302	0.003048915
723	0.8590021	0.003038337
724	0.8589722	0.003027838
725	0.8589404	0.003017444
726	0.8589067	0.003007143
727	0.8588711	0.002996924
728	0.8588336	0.002986794
729	0.8587946	0.002976756
730	0.8587536	0.002966805
731	0.8587107	0.002956933
732	0.8586661	0.002947155
733	0.8586197	0.002937452
734	0.8585716	0.002927829
735	0.8585218	0.002918297
736	0.8584702	0.002908841
737	0.8584168	0.002899468
738	0.8583619	0.00289016
739	0.8583053	0.002880941
740	0.8582471	0.002871794
741	0.8581871	0.002862728
742	0.8581255	0.002853735
743	0.8580624	0.002844815
744	0.8579976	0.002835963
745	0.8579312	0.002827189
746	0.8578634	0.002818486
747	0.8577939	0.002809853
748	0.8577228	0.002801289
749	0.8576502	0.002792786
750	0.8575698	0.002784488
751	0.8574777	0.002776443
752	0.8573844	0.002768454
753	0.8572897	0.002760531
754	0.8571939	0.00275267
755	0.8570969	0.002744856
756	0.8569987	0.002737099
757	0.8568993	0.002729394
758	0.8567988	0.002721756
759	0.8566971	0.002714172
760	0.8565942	0.002706628
761	0.8564902	0.002699147
762	0.8563849	0.002691725
763	0.8562785	0.002684345
764	0.8561711	0.002677019
765	0.8560626	0.002669749
766	0.8559529	0.002662533
767	0.8558419	0.002655357
768	0.8557301	0.002648234
769	0.855617	0.002641162
770	0.8555028	0.002634145
771	0.8553876	0.002627163
772	0.8552714	0.002620235
773	0.8551539	0.00261336
774	0.8550354	0.002606524
775	0.8549158	0.002599739
776	0.8547952	0.002592999
777	0.8546735	0.002586299
778	0.8545509	0.002579657
779	0.8544271	0.002573048
780	0.8543023	0.002566488
781	0.8541764	0.002559976
782	0.8540495	0.002553494
783	0.8539216	0.002547074
784	0.8537927	0.002540685
785	0.8536627	0.002534332
786	0.8535318	0.002528029
787	0.8533996	0.002521777
788	0.8532665	0.002515562
789	0.8531326	0.002509377
790	0.8529976	0.002503236
791	0.8528617	0.002497132
792	0.8527248	0.002491075
793	0.8525867	0.002485055
794	0.8524477	0.002479071
795	0.8523079	0.00247312
796	0.852167	0.002467225
797	0.852025	0.002461357
798	0.8518823	0.002455523
799	0.8517385	0.002449729
800	0.8515919	0.002443968
801	0.851436	0.002438207
802	0.8512794	0.002432485
803	0.8511221	0.002426805
804	0.850964	0.002421156
805	0.8508053	0.002415541
806	0.8506461	0.002409969
807	0.8504862	0.002404422
808	0.8503255	0.002398921
809	0.8501641	0.002393448
810	0.8500021	0.00238802
811	0.8498395	0.002382617
812	0.8496762	0.002377245
813	0.8495122	0.002371912
814	0.8493476	0.002366605
815	0.8491824	0.002361343
816	0.8490165	0.002356109
817	0.84885	0.002350906
818	0.8486829	0.002345724
819	0.8485151	0.002340586
820	0.8483465	0.002335485
821	0.8481774	0.002330401
822	0.8480077	0.002325362
823	0.8478375	0.002320347
824	0.8476666	0.002315353
825	0.8474951	0.002310401
826	0.8473228	0.002305483
827	0.8471499	0.002300582
828	0.8469766	0.002295716
829	0.8468025	0.002290879
830	0.8466278	0.00228607
831	0.8464527	0.002281289
832	0.8462768	0.002276534
833	0.8461003	0.002271818
834	0.8459233	0.002267116
835	0.8457457	0.002262455
836	0.8455674	0.002257817
837	0.8453885	0.002253202
838	0.8452091	0.002248611
839	0.8450291	0.002244055
840	0.8448486	0.002239519
841	0.8446673	0.002235018
842	0.8444855	0.002230541
843	0.8443031	0.00222608
844	0.8441201	0.002221653
845	0.8439366	0.00221725
846	0.8437524	0.002212872
847	0.8435677	0.002208519
848	0.8433825	0.00220419
849	0.8431966	0.002199894
850	0.8430102	0.002195606
851	0.8428233	0.002191358
852	0.8426357	0.002187124
853	0.8424477	0.002182914
854	0.842259	0.00217873
855	0.8420698	0.002174568
856	0.8418801	0.002170438
857	0.8416897	0.002166324
858	0.8414989	0.002162224
859	0.8413075	0.002158163
860	0.8411155	0.00215411
861	0.8409228	0.002150093
862	0.8407297	0.00214609
863	0.8405361	0.002142109
864	0.840342	0.002138156
865	0.8401472	0.002134215
866	0.8399518	0.002130305
867	0.8397561	0.00212641
868	0.8395597	0.002122537
869	0.8393627	0.002118688
870	0.8391653	0.002114859
871	0.8389674	0.00211104
872	0.8387688	0.002107257
873	0.8385698	0.002103488
874	0.8383703	0.002099738
875	0.8381702	0.00209601
876	0.8379696	0.002092303
877	0.8377685	0.002088615
878	0.8375668	0.002084941
879	0.8373645	0.002081291
880	0.837166	0.002073321
881	0.8369723	0.002059963
882	0.836778	0.002046602
883	0.8365829	0.00203324
884	0.8363873	0.002019872
885	0.8361911	0.002006502
886	0.8359943	0.001993128
887	0.8357969	0.001979751
888	0.8355989	0.001966369
889	0.8354004	0.001952985
890	0.8352012	0.001939596
891	0.8350015	0.001926204
892	0.8348012	0.001912809
893	0.8346003	0.00189941
894	0.8343988	0.001886007
895	0.8341967	0.001872601
896	0.8339941	0.001859191
897	0.8337909	0.001845778
898	0.833587	0.001832361
899	0.8333826	0.001818941
900	0.8331777	0.001805517
901	0.8329721	0.00179209
902	0.832766	0.001778659
903	0.8325593	0.001765225
904	0.832352	0.001751787
905	0.8321441	0.001738347
906	0.8319355	0.001724904
907	0.8317264	0.001711457
908	0.8315168	0.001698006
909	0.8313066	0.001684552
910	0.8310958	0.001671094
911	0.830877	0.00166772
912	0.8306577	0.001664345
913	0.8304379	0.001660969
914	0.8302175	0.001657593
915	0.8299965	0.001654217
916	0.8297748	0.001650842
917	0.8295527	0.001647465
918	0.82933	0.001644088
919	0.8291066	0.001640712
920	0.8288828	0.001637334
921	0.8286371	0.001635074
922	0.8283907	0.001632813
923	0.828144	0.001630549
924	0.8278968	0.001628282
925	0.8276489	0.001626014
926	0.8274005	0.001623745
927	0.8271517	0.001621473
928	0.8269025	0.001619197
929	0.8266527	0.00161692
930	0.8264023	0.001614642
931	0.8261485	0.001613117
932	0.8258942	0.001611589
933	0.8256395	0.001610059
934	0.8253843	0.001608528
935	0.8251284	0.001606996
936	0.8248721	0.001605461
937	0.8246153	0.001603925
938	0.8243579	0.001602387
939	0.8241001	0.001600847
940	0.8238419	0.001599304
941	0.8235983	0.001598692
942	0.8233541	0.001598081
943	0.8231093	0.001597467
944	0.8228641	0.001596852
945	0.8226185	0.001596235
946	0.8223723	0.001595616
947	0.8221257	0.001594996
948	0.8218786	0.001594374
949	0.821631	0.00159375
950	0.821383	0.001593124
951	0.8210906	0.001593197
952	0.8207976	0.001593269
953	0.8205043	0.001593339
954	0.8202104	0.001593407
955	0.8199161	0.001593474
956	0.8196212	0.00159354
957	0.8193259	0.001593605
958	0.8190302	0.001593666
959	0.818734	0.001593727
960	0.8184374	0.001593786
961	0.8181885	0.00159468
962	0.817939	0.001595574
963	0.8176891	0.001596467
964	0.8174387	0.001597358
965	0.8171878	0.001598249
966	0.8169363	0.00159914
967	0.8166846	0.001600028
968	0.8164323	0.001600915
969	0.8161797	0.001601801
970	0.8159263	0.001602687
971	0.8160726	0.001603083
972	0.8162186	0.001603475
973	0.8163644	0.001603864
974	0.8165099	0.001604249
975	0.816655	0.001604633
976	0.8168	0.001605011
977	0.8169448	0.001605387
978	0.8170891	0.00160576
979	0.8172333	0.001606128
980	0.8173773	0.001606494
981	0.8175209	0.001606857
982	0.8176643	0.001607216
983	0.8178075	0.001607571
984	0.8179503	0.001607925
985	0.818093	0.001608275
986	0.8182354	0.00160862
987	0.8183774	0.001608964
988	0.8185192	0.001609305
989	0.8186607	0.001609643
990	0.8188021	0.001609976
991	0.8189432	0.001610307
992	0.8190839	0.001610636
993	0.8192245	0.00161096
994	0.8193621	0.001610946
995	0.8194946	0.001610336
996	0.8196267	0.001609727
997	0.8197586	0.00160912
998	0.8198901	0.001608513
999	0.820021	0.001607911
aoi	70	
380	0.6079911	0.00307001
381	0.6071458	0.003283262
382	0.6064583	0.00351365
383	0.6059057	0.003761921
384	0.6053894	0.004029532
385	0.60494	0.00431689
386	0.6045148	0.004624391
387	0.6040062	0.004953357
388	0.603319	0.005305906
389	0.6024652	0.005683916
390	0.6013845	0.006089838
391	0.5998701	0.006526259
392	0.5979099	0.006997565
393	0.5954579	0.007508291
394	0.5924785	0.008065253
395	0.5886561	0.008673889
396	0.5841737	0.009345063
397	0.5789967	0.01008936
398	0.5729894	0.01091817
399	0.5659867	0.01184498
400	0.5581244	0.01289112
401	0.5495859	0.01407733
402	0.5402263	0.01542115
403	0.5303936	0.01694942
404	0.520682	0.0186916
405	0.5117703	0.02067183
406	0.5038915	0.02288084
407	0.4986433	0.0253288
408	0.49721	0.02798082
409	0.5004727	0.03073288
410	0.507784	0.03343083
411	0.5184502	0.03596116
412	0.5296398	0.0382186
413	0.5370952	0.04013862
414	0.5383095	0.04175734
415	0.5329236	0.04314616
416	0.524334	0.04443189
417	0.5151107	0.04571528
418	0.5051191	0.04702707
419	0.4946665	0.04833135
420	0.4840111	0.04959678
421	0.4734992	0.05078459
422	0.4634496	0.05186534
423	0.4542177	0.05280483
424	0.4461423	0.053573
425	0.4393658	0.05415041
426	0.4343133	0.05450771
427	0.4311634	0.05463429
428	0.4300138	0.05452722
429	0.4308804	0.05419077
430	0.4337201	0.05363692
431	0.4384251	0.05288435
432	0.4448195	0.05195521
433	0.4527329	0.05087234
434	0.4620815	0.0496422
435	0.4726287	0.04829767
436	0.4840818	0.04687249
437	0.4962421	0.04538937
438	0.508906	0.04387162
439	0.5218626	0.0423405
440	0.5349718	0.04080987
441	0.5481071	0.03929279
442	0.5611461	0.0378025
443	0.5742675	0.0363144
444	0.5871349	0.03486715
445	0.5996839	0.03346669
446	0.611856	0.03211824
447	0.6236133	0.03082329
448	0.6349536	0.02958156
449	0.6458605	0.02839469
450	0.6563119	0.02726274
451	0.6664086	0.02617447
452	0.6762165	0.025123
453	0.6855867	0.02412369
454	0.694517	0.0231746
455	0.7030388	0.02227242
456	0.7111647	0.0214158
457	0.7189063	0.02060265
458	0.7262749	0.01983075
459	0.7333936	0.01908817
460	0.7402593	0.01837566
461	0.7467934	0.0176993
462	0.7530166	0.01705676
463	0.7589475	0.01644628
464	0.7646006	0.01586622
465	0.7699829	0.01531483
466	0.7751166	0.01479004
467	0.7800139	0.0142909
468	0.7847031	0.01381404
469	0.7893116	0.01334807
470	0.7937128	0.01290409
471	0.7979167	0.01248117
472	0.8019313	0.01207786
473	0.8057677	0.01169294
474	0.8094371	0.01132566
475	0.8129483	0.01097484
476	0.8163057	0.01063955
477	0.8195218	0.01031881
478	0.8226024	0.01001225
479	0.825555	0.009718604
480	0.8284177	0.009434751
481	0.8312279	0.009157901
482	0.8339239	0.008892738
483	0.8365111	0.008638435
484	0.8389942	0.008394439
485	0.8413791	0.008160592
486	0.8436714	0.007935953
487	0.8458731	0.007720143
488	0.8479906	0.007512789
489	0.8500728	0.007310316
490	0.8520953	0.007114209
491	0.8540402	0.006925596
492	0.8559123	0.006744288
493	0.8577163	0.006569716
494	0.8594534	0.006401552
495	0.8611261	0.006239575
496	0.8627383	0.006083664
497	0.8642931	0.005933246
498	0.8658072	0.005787128
499	0.8673048	0.005643904
500	0.8687494	0.005505789
501	0.8701436	0.005372454
502	0.8714884	0.005243733
503	0.8727862	0.005119652
504	0.8740397	0.00499975
505	0.8752496	0.004883868
506	0.8764172	0.004771987
507	0.8775456	0.004663902
508	0.8786392	0.004559142
509	0.8797308	0.00445575
510	0.8807852	0.004355953
511	0.8818044	0.004259417
512	0.8827895	0.004165992
513	0.8837409	0.004075654
514	0.8846605	0.003988355
515	0.8855499	0.003903807
516	0.8864096	0.003821931
517	0.8872549	0.003741999
518	0.8880897	0.003663708
519	0.8888972	0.003587883
520	0.8896778	0.003514468
521	0.8904321	0.003443532
522	0.8911617	0.003374805
523	0.8918672	0.003308216
524	0.8925487	0.003243811
525	0.8932075	0.003181486
526	0.8938447	0.003121082
527	0.8944608	0.00306255
528	0.8950672	0.003005447
529	0.8956664	0.002949502
530	0.8962458	0.002895302
531	0.8968055	0.002842861
532	0.8973462	0.002792161
533	0.897869	0.002743047
534	0.8983738	0.002695471
535	0.8988611	0.002649529
536	0.899338	0.002604788
537	0.8998036	0.002561236
538	0.9002555	0.002519011
539	0.9006932	0.002478171
540	0.9011177	0.002438566
541	0.9015296	0.002400156
542	0.9019286	0.002363002
543	0.9023154	0.002327044
544	0.9026904	0.002292195
545	0.9030537	0.002258445
546	0.9034054	0.002225889
547	0.903746	0.002194365
548	0.9040758	0.002163857
549	0.9043953	0.002134398
550	0.9047041	0.002105973
551	0.9050028	0.002078503
552	0.9052917	0.002051961
553	0.905571	0.002026429
554	0.9058409	0.002001801
555	0.9061017	0.001978041
556	0.9063535	0.001955165
557	0.9065964	0.001933213
558	0.9068306	0.001912077
559	0.9070566	0.001891739
560	0.9072746	0.001872264
561	0.907484	0.001853602
562	0.9076858	0.001835691
563	0.9078803	0.001818535
564	0.9080669	0.001802197
565	0.9082462	0.001786579
566	0.9084183	0.001771664
567	0.9085835	0.001757493
568	0.9087417	0.001744046
569	0.9088928	0.001731273
570	0.9090378	0.001719013
571	0.909177	0.001707011
572	0.90931	0.001695211
573	0.9094374	0.001683601
574	0.9095595	0.00167218
575	0.9096761	0.001660949
576	0.9097875	0.001649897
577	0.9098937	0.001639013
578	0.9099949	0.001628312
579	0.910091	0.00161778
580	0.9101823	0.00160741
581	0.9102689	0.001597198
582	0.910351	0.001587147
583	0.9104284	0.001577249
584	0.9105015	0.001567496
585	0.9105702	0.001557895
586	0.9106347	0.001548437
587	0.910695	0.001539118
588	0.910751	0.001529937
589	0.9108032	0.001520895
590	0.9108513	0.001511983
591	0.9108956	0.001503198
592	0.9109362	0.001494544
593	0.910973	0.00148601
594	0.9110063	0.001477596
595	0.9110359	0.001469299
596	0.9110619	0.001461127
597	0.9110847	0.001453065
598	0.9111041	0.001445112
599	0.91112	0.001437271
600	0.9111328	0.001429538
601	0.9111423	0.001421909
602	0.9111487	0.001414384
603	0.9111521	0.00140696
604	0.9111523	0.001399638
605	0.9111496	0.001392411
606	0.9111441	0.001385277
607	0.9111358	0.001378238
608	0.9111246	0.00137129
609	0.9111105	0.001364432
610	0.9110938	0.001357666
611	0.9110744	0.001350984
612	0.9110524	0.001344389
613	0.9110278	0.001337873
614	0.9110006	0.001331444
615	0.9109709	0.001325097
616	0.9109388	0.001318826
617	0.9109043	0.001312631
618	0.9108674	0.001306516
619	0.9108282	0.001300473
620	0.9107867	0.001294503
621	0.9107429	0.001288608
622	0.9106969	0.001282784
623	0.9106487	0.001277027
624	0.9105982	0.001271342
625	0.9105455	0.001265729
626	0.910491	0.001260173
627	0.9104343	0.001254681
628	0.9103756	0.001249261
629	0.9103149	0.001243901
630	0.9102521	0.001238601
631	0.9101874	0.001233364
632	0.9101209	0.001228188
633	0.9100526	0.001223064
634	0.9099823	0.001218001
635	0.9099101	0.001212999
636	0.9098362	0.00120805
637	0.9097603	0.001203157
638	0.9096827	0.001198314
639	0.9096035	0.001193532
640	0.9095225	0.001188799
641	0.9094398	0.001184113
642	0.9093556	0.001179482
643	0.9092696	0.001174901
644	0.9091819	0.001170367
645	0.9090927	0.001165882
646	0.9090019	0.001161449
647	0.9089095	0.001157061
648	0.9088157	0.001152714
649	0.9087203	0.001148414
650	0.9086233	0.001144161
651	0.908525	0.001139951
652	0.9084252	0.001135785
653	0.9083237	0.001131663
654	0.9082209	0.001127584
655	0.9081168	0.00112354
656	0.9080112	0.00111954
657	0.9079042	0.001115585
658	0.907796	0.001111664
659	0.9076864	0.001107781
660	0.9075753	0.001103941
661	0.9074629	0.001100138
662	0.9073493	0.001096372
663	0.9072344	0.001092639
664	0.907118	0.001088949
665	0.9070004	0.00108529
666	0.9068817	0.001081666
667	0.9067618	0.001078077
668	0.9066406	0.001074526
669	0.9065181	0.001071008
670	0.9063945	0.001067517
671	0.9062698	0.001064063
672	0.9061437	0.001060644
673	0.9060165	0.001057253
674	0.9058882	0.001053894
675	0.9057587	0.001050569
676	0.9056281	0.001047273
677	0.9054964	0.001044004
678	0.9053636	0.001040767
679	0.9052297	0.001037562
680	0.9050947	0.001034381
681	0.9049587	0.001031231
682	0.9048215	0.001028108
683	0.9046832	0.001025018
684	0.9045439	0.001021947
685	0.9044037	0.001018909
686	0.9042623	0.001015896
687	0.9041198	0.001012912
688	0.9039764	0.001009949
689	0.9038321	0.001007015
690	0.9036868	0.001004104
691	0.9035404	0.00100122
692	0.903393	0.000998358
693	0.9032446	0.000995523
694	0.9030953	0.000992713
695	0.902945	0.000989925
696	0.9027939	0.000987158
697	0.9026416	0.00098442
698	0.9024884	0.0009817
699	0.9023344	0.000979005
700	0.9021795	0.000976331
701	0.9020237	0.000973679
702	0.9018668	0.000971048
703	0.9017092	0.000968439
704	0.9015507	0.00096585
705	0.9013911	0.000963285
706	0.9012307	0.000960737
707	0.9010695	0.000958214
708	0.9009073	0.000955709
709	0.9007443	0.000953222
710	0.9005805	0.000950757
711	0.9004158	0.000948309
712	0.9002503	0.000945883
713	0.9000839	0.000943474
714	0.8999167	0.000941084
715	0.8997487	0.000938711
716	0.8995798	0.000936357
717	0.8994102	0.000934019
718	0.8992397	0.000931705
719	0.8990683	0.000929406
720	0.8988961	0.000927124
721	0.8987233	0.000924855
722	0.8985495	0.00092261
723	0.8983749	0.000920379
724	0.8981997	0.000918161
725	0.8980236	0.000915963
726	0.8978467	0.000913783
727	0.897669	0.000911616
728	0.8974906	0.000909464
729	0.8973115	0.00090733
730	0.8971316	0.000905212
731	0.8969509	0.000903107
732	0.8967694	0.00090102
733	0.8965872	0.000898945
734	0.8964042	0.000896885
735	0.8962205	0.000894842
736	0.896036	0.000892812
737	0.8958508	0.000890798
738	0.8956649	0.000888794
739	0.8954782	0.000886807
740	0.8952909	0.000884833
741	0.8951028	0.000882874
742	0.8949139	0.000880929
743	0.8947245	0.000878995
744	0.8945342	0.000877074
745	0.8943432	0.000875168
746	0.8941517	0.000873275
747	0.8939593	0.000871394
748	0.8937663	0.000869525
749	0.8935725	0.000867667
750	0.8933742	0.000865855
751	0.8931692	0.000864098
752	0.8929635	0.000862351
753	0.8927572	0.000860616
754	0.8925504	0.000858893
755	0.8923431	0.000857177
756	0.8921353	0.000855471
757	0.891927	0.000853773
758	0.8917182	0.000852089
759	0.8915089	0.000850414
760	0.8912991	0.000848744
761	0.8910887	0.000847087
762	0.8908777	0.00084544
763	0.8906663	0.0008438
764	0.8904545	0.00084217
765	0.8902422	0.00084055
766	0.8900292	0.00083894
767	0.8898158	0.000837336
768	0.8896019	0.000835741
769	0.8893875	0.000834156
770	0.8891725	0.000832582
771	0.8889572	0.000831012
772	0.8887413	0.000829452
773	0.8885248	0.000827902
774	0.8883079	0.000826358
775	0.8880904	0.000824825
776	0.8878724	0.000823299
777	0.8876541	0.000821779
778	0.8874353	0.000820271
779	0.8872159	0.000818767
780	0.8869959	0.000817273
781	0.8867755	0.000815789
782	0.8865546	0.000814307
783	0.8863333	0.00081284
784	0.8861114	0.000811376
785	0.885889	0.000809918
786	0.8856662	0.00080847
787	0.8854427	0.000807033
788	0.8852188	0.000805602
789	0.8849945	0.000804175
790	0.8847697	0.000802756
791	0.8845445	0.000801343
792	0.8843188	0.00079994
793	0.8840924	0.000798544
794	0.8838656	0.000797153
795	0.8836384	0.000795768
796	0.8834106	0.000794395
797	0.8831824	0.000793026
798	0.8829538	0.000791662
799	0.8827246	0.000790307
800	0.8824932	0.000788957
801	0.8822541	0.000787604
802	0.8820148	0.000786259
803	0.881775	0.000784922
804	0.881535	0.00078359
805	0.8812948	0.000782265
806	0.8810545	0.000780948
807	0.8808138	0.000779634
808	0.8805728	0.00077833
809	0.8803315	0.000777031
810	0.88009	0.000775741
811	0.8798483	0.000774455
812	0.8796063	0.000773174
813	0.879364	0.0007719
814	0.8791215	0.000770631
815	0.8788788	0.000769372
816	0.8786358	0.000768117
817	0.8783925	0.000766868
818	0.878149	0.000765621
819	0.8779053	0.000764384
820	0.8776611	0.000763155
821	0.8774168	0.000761927
822	0.8771723	0.00076071
823	0.8769276	0.000759495
824	0.8766826	0.000758284
825	0.8764374	0.000757081
826	0.8761919	0.000755886
827	0.8759461	0.000754692
828	0.8757001	0.000753506
829	0.8754538	0.000752325
830	0.8752073	0.000751149
831	0.8749606	0.000749978
832	0.8747136	0.000748812
833	0.8744664	0.000747655
834	0.874219	0.000746498
835	0.8739713	0.000745351
836	0.8737233	0.000744208
837	0.873475	0.000743068
838	0.8732266	0.000741932
839	0.872978	0.000740804
840	0.8727291	0.000739679
841	0.8724799	0.000738562
842	0.8722305	0.000737449
843	0.8719808	0.000736338
844	0.8717309	0.000735235
845	0.8714808	0.000734135
846	0.8712304	0.000733041
847	0.8709799	0.000731951
848	0.870729	0.000730865
849	0.870478	0.000729787
850	0.8702267	0.000728708
851	0.8699752	0.000727639
852	0.8697234	0.000726572
853	0.8694715	0.000725509
854	0.8692192	0.000724451
855	0.8689668	0.000723397
856	0.8687142	0.00072235
857	0.8684613	0.000721306
858	0.8682082	0.000720263
859	0.8679548	0.000719229
860	0.8677012	0.000718196
861	0.8674473	0.00071717
862	0.8671932	0.000716147
863	0.866939	0.000715128
864	0.8666845	0.000714114
865	0.8664298	0.000713102
866	0.8661747	0.000712097
867	0.8659196	0.000711095
868	0.8656642	0.000710096
869	0.8654085	0.000709103
870	0.8651527	0.000708113
871	0.8648966	0.000707124
872	0.8646402	0.000706143
873	0.8643838	0.000705165
874	0.8641271	0.00070419
875	0.8638701	0.000703219
876	0.8636129	0.000702253
877	0.8633556	0.000701291
878	0.863098	0.00070033
879	0.8628401	0.000699375
880	0.8625837	0.000696963
881	0.8623293	0.000692735
882	0.8620746	0.000688502
883	0.8618197	0.000684263
884	0.8615645	0.000680018
885	0.8613091	0.000675768
886	0.8610535	0.000671512
887	0.8607977	0.00066725
888	0.8605416	0.000662982
889	0.8602854	0.000658709
890	0.8600289	0.00065443
891	0.8597722	0.000650145
892	0.8595153	0.000645855
893	0.8592581	0.00064156
894	0.8590008	0.000637259
895	0.8587432	0.000632952
896	0.8584855	0.00062864
897	0.8582275	0.000624322
898	0.8579693	0.000619999
899	0.8577109	0.000615671
900	0.8574522	0.000611337
901	0.8571934	0.000606998
902	0.8569343	0.000602654
903	0.8566751	0.000598304
904	0.8564156	0.000593949
905	0.8561559	0.000589589
906	0.8558959	0.000585225
907	0.8556357	0.000580855
908	0.8553754	0.00057648
909	0.8551148	0.000572099
910	0.8548541	0.000567714
911	0.8545841	0.000566769
912	0.854314	0.000565823
913	0.8540437	0.000564874
914	0.8537731	0.000563924
915	0.8535023	0.000562972
916	0.8532311	0.000562019
917	0.8529598	0.000561063
918	0.8526883	0.000560106
919	0.8524164	0.000559148
920	0.8521444	0.000558187
921	0.8518585	0.00055757
922	0.8515724	0.000556951
923	0.8512862	0.00055633
924	0.8509999	0.000555706
925	0.8507133	0.000555081
926	0.8504264	0.000554454
927	0.8501394	0.000553825
928	0.8498524	0.000553194
929	0.8495651	0.00055256
930	0.8492776	0.000551925
931	0.8489883	0.00055155
932	0.8486989	0.000551172
933	0.8484094	0.000550792
934	0.8481196	0.000550411
935	0.8478297	0.000550028
936	0.8475395	0.000549644
937	0.8472492	0.000549258
938	0.8469587	0.00054887
939	0.8466681	0.000548481
940	0.8463774	0.000548089
941	0.8460995	0.000548007
942	0.8458213	0.000547924
943	0.845543	0.00054784
944	0.8452645	0.000547755
945	0.8449859	0.000547668
946	0.8447071	0.000547579
947	0.8444282	0.000547489
948	0.8441491	0.000547397
949	0.8438699	0.000547304
950	0.8435906	0.00054721
951	0.8432704	0.000547354
952	0.8429502	0.000547498
953	0.8426298	0.00054764
954	0.8423092	0.00054778
955	0.8419885	0.00054792
956	0.8416675	0.000548058
957	0.8413464	0.000548195
958	0.8410252	0.000548331
959	0.8407039	0.000548465
960	0.8403825	0.000548598
961	0.8401058	0.000549014
962	0.839829	0.000549429
963	0.839552	0.000549844
964	0.8392749	0.000550257
965	0.8389976	0.000550669
966	0.8387202	0.000551081
967	0.8384427	0.000551491
968	0.8381651	0.0005519
969	0.8378873	0.000552308
970	0.8376093	0.000552716
971	0.8376766	0.000553046
972	0.837744	0.000553374
973	0.8378114	0.000553702
974	0.8378788	0.000554029
975	0.8379462	0.000554354
976	0.8380136	0.000554679
977	0.8380811	0.000555002
978	0.8381484	0.000555325
979	0.8382159	0.000555646
980	0.8382834	0.000555966
981	0.8383508	0.000556286
982	0.8384183	0.000556604
983	0.8384859	0.000556921
984	0.8385533	0.000557237
985	0.8386209	0.000557552
986	0.8386885	0.000557866
987	0.838756	0.000558179
988	0.8388234	0.000558491
989	0.8388909	0.000558803
990	0.8389586	0.000559112
991	0.8390262	0.000559421
992	0.8390937	0.000559729
993	0.8391613	0.000560036
994	0.8392317	0.000560258
995	0.8393068	0.000560331
996	0.8393819	0.000560403
997	0.8394569	0.000560475
998	0.8395319	0.000560547
999	0.8396066	0.00056062
aoi	75	
380	0.6881228	0.001988309
381	0.6851031	0.002143859
382	0.6819701	0.002314635
383	0.6786777	0.00250204
384	0.6751068	0.00270817
385	0.671258	0.002934542
386	0.6670579	0.003182953
387	0.6623697	0.003456123
388	0.657064	0.003757607
389	0.651097	0.004091217
390	0.6443494	0.004461694
391	0.6365648	0.004874343
392	0.6276342	0.005336643
393	0.6173893	0.005857385
394	0.6056609	0.006448052
395	0.5920178	0.007119862
396	0.576397	0.007891598
397	0.5585192	0.00878406
398	0.5379929	0.009821106
399	0.5143726	0.01103152
400	0.4873712	0.01245928
401	0.4569088	0.01415073
402	0.4228282	0.01614974
403	0.3857303	0.01851478
404	0.3471649	0.02130506
405	0.3100716	0.0245526
406	0.2788498	0.02818391
407	0.2598981	0.03210384
408	0.2586387	0.03607282
409	0.2760231	0.0397375
410	0.3058075	0.04276284
411	0.3400925	0.04500775
412	0.3725629	0.04634974
413	0.4007173	0.04666742
414	0.4259304	0.04596738
415	0.4500205	0.04440467
416	0.4749	0.04235127
417	0.5012603	0.04009105
418	0.5288982	0.03768516
419	0.5565887	0.03526093
420	0.583573	0.03289324
421	0.6092619	0.03063743
422	0.633494	0.02851121
423	0.6561036	0.02653
424	0.6769967	0.02470257
425	0.696513	0.02299677
426	0.7144196	0.02143508
427	0.7308091	0.02000917
428	0.7457377	0.01871304
429	0.7593716	0.01753147
430	0.7718357	0.01645341
431	0.7832287	0.01547008
432	0.7936242	0.01457386
433	0.8031557	0.01375333
434	0.8120317	0.01299019
435	0.8202433	0.01228545
436	0.8277857	0.01163859
437	0.8347389	0.01104285
438	0.8411584	0.01049356
439	0.8470802	0.00998706
440	0.8525618	0.009518309
441	0.8576483	0.009083464
442	0.8623721	0.008679939
443	0.8668651	0.008296403
444	0.8710515	0.007939043
445	0.8749571	0.007605688
446	0.8786018	0.007294598
447	0.8820054	0.007003712
448	0.8851948	0.006730935
449	0.888186	0.006475063
450	0.8909893	0.006234862
451	0.8936489	0.006006887
452	0.8961942	0.005788941
453	0.8985911	0.005583609
454	0.9008462	0.005389917
455	0.9029752	0.005206721
456	0.9049869	0.005033409
457	0.906888	0.004869282
458	0.9086848	0.004713676
459	0.9104139	0.004564014
460	0.9120764	0.004420365
461	0.9136517	0.004283819
462	0.9151466	0.004153833
463	0.9165672	0.00403001
464	0.9179181	0.003911999
465	0.9192012	0.003799415
466	0.9204229	0.003691829
467	0.9215867	0.003589078
468	0.9227004	0.003490468
469	0.9237997	0.003393688
470	0.9248489	0.003300998
471	0.9258508	0.003212252
472	0.9268068	0.003127152
473	0.92772	0.00304547
474	0.9285932	0.002967097
475	0.9294286	0.002891802
476	0.9302266	0.002819417
477	0.9309908	0.002749759
478	0.9317225	0.002682796
479	0.9324232	0.002618268
480	0.933104	0.002555531
481	0.933776	0.002494019
482	0.9344202	0.002434752
483	0.9350379	0.00237756
484	0.9356302	0.00232235
485	0.9361984	0.002269131
486	0.936744	0.002217698
487	0.937267	0.002167989
488	0.9377692	0.002119947
489	0.9382657	0.002072802
490	0.9387485	0.002026882
491	0.9392117	0.001982456
492	0.9396566	0.001939512
493	0.9400845	0.001897925
494	0.9404952	0.001857636
495	0.9408894	0.001818613
496	0.941268	0.001780852
497	0.9416319	0.001744221
498	0.9419863	0.001708454
499	0.942339	0.001673246
500	0.942678	0.001639115
501	0.9430037	0.00160599
502	0.9433163	0.001573843
503	0.9436164	0.001542706
504	0.9439046	0.001512464
505	0.9441811	0.00148309
506	0.944446	0.001454596
507	0.9447003	0.001426939
508	0.9449454	0.001400009
509	0.9451926	0.001373337
510	0.9454295	0.00134748
511	0.9456567	0.001322354
512	0.9458744	0.001297928
513	0.9460825	0.001274206
514	0.9462816	0.001251189
515	0.9464721	0.001228802
516	0.9466542	0.001207031
517	0.9468333	0.00118571
518	0.9470107	0.001164759
519	0.9471802	0.001144386
520	0.9473418	0.001124585
521	0.9474958	0.001105386
522	0.9476424	0.001086715
523	0.9477819	0.001068559
524	0.9479141	0.00105094
525	0.9480395	0.001033835
526	0.9481584	0.001017202
527	0.9482709	0.00100103
528	0.9483813	0.00098522
529	0.9484906	0.000969693
530	0.9485938	0.000954605
531	0.9486909	0.000939966
532	0.948782	0.000925777
533	0.9488676	0.000911994
534	0.9489474	0.000898609
535	0.9490217	0.000885656
536	0.9490931	0.000873017
537	0.9491614	0.000860689
538	0.9492254	0.000848714
539	0.949285	0.000837115
540	0.9493405	0.000825845
541	0.949392	0.000814898
542	0.9494395	0.000804296
543	0.949483	0.000794024
544	0.9495229	0.000784054
545	0.949559	0.00077439
546	0.9495913	0.000765065
547	0.94962	0.000756028
548	0.9496453	0.000747277
549	0.9496672	0.000738826
550	0.9496856	0.000730674
551	0.9497006	0.000722795
552	0.9497124	0.000715185
553	0.949721	0.000707874
554	0.9497265	0.000700827
555	0.9497289	0.000694035
556	0.9497284	0.000687507
557	0.9497247	0.000681258
558	0.9497181	0.000675253
559	0.9497087	0.000669489
560	0.9496966	0.00066399
561	0.9496815	0.000658741
562	0.9496638	0.000653722
563	0.9496435	0.000648936
564	0.9496205	0.000644409
565	0.9495949	0.000640107
566	0.9495668	0.000636025
567	0.9495363	0.000632182
568	0.9495032	0.00062857
569	0.9494676	0.000625173
570	0.9494299	0.000621936
571	0.9493901	0.000618766
572	0.9493481	0.000615645
573	0.9493041	0.000612568
574	0.9492582	0.000609537
575	0.9492103	0.000606552
576	0.9491605	0.000603609
577	0.9491088	0.000600706
578	0.9490553	0.000597848
579	0.949	0.000595031
580	0.9489428	0.000592253
581	0.9488839	0.000589513
582	0.9488234	0.000586812
583	0.9487611	0.000584149
584	0.9486972	0.00058152
585	0.9486317	0.000578928
586	0.9485646	0.000576372
587	0.9484959	0.00057385
588	0.9484255	0.000571361
589	0.9483537	0.000568907
590	0.9482803	0.000566485
591	0.9482055	0.000564094
592	0.9481292	0.000561735
593	0.9480516	0.000559407
594	0.9479725	0.000557107
595	0.947892	0.000554836
596	0.94781	0.000552598
597	0.9477269	0.000550386
598	0.9476424	0.000548201
599	0.9475565	0.000546044
600	0.9474693	0.000543914
601	0.9473809	0.000541811
602	0.9472912	0.000539733
603	0.9472003	0.000537681
604	0.9471081	0.000535655
605	0.9470147	0.000533653
606	0.9469202	0.000531673
607	0.9468246	0.000529718
608	0.9467278	0.000527786
609	0.9466298	0.000525876
610	0.9465307	0.00052399
611	0.9464305	0.000522125
612	0.9463292	0.000520283
613	0.9462268	0.00051846
614	0.9461234	0.00051666
615	0.9460189	0.000514881
616	0.9459133	0.000513121
617	0.9458068	0.00051138
618	0.9456992	0.00050966
619	0.9455907	0.000507959
620	0.9454812	0.000506275
621	0.9453707	0.000504612
622	0.9452593	0.000502967
623	0.9451469	0.000501339
624	0.9450334	0.000499729
625	0.944919	0.000498139
626	0.9448039	0.000496563
627	0.9446878	0.000495003
628	0.9445708	0.000493462
629	0.9444529	0.000491937
630	0.9443341	0.000490427
631	0.9442144	0.000488934
632	0.9440939	0.000487457
633	0.9439726	0.000485992
634	0.9438504	0.000484545
635	0.9437274	0.000483113
636	0.9436035	0.000481694
637	0.9434788	0.000480291
638	0.9433533	0.0004789
639	0.943227	0.000477526
640	0.9430999	0.000476165
641	0.942972	0.000474815
642	0.9428435	0.000473481
643	0.9427141	0.000472159
644	0.9425839	0.00047085
645	0.9424529	0.000469553
646	0.9423212	0.000468271
647	0.9421888	0.000467001
648	0.9420557	0.00046574
649	0.9419218	0.000464493
650	0.9417873	0.000463258
651	0.941652	0.000462035
652	0.941516	0.000460823
653	0.9413792	0.000459623
654	0.9412418	0.000458434
655	0.9411037	0.000457254
656	0.9409649	0.000456086
657	0.9408254	0.000454931
658	0.9406853	0.000453784
659	0.9405445	0.000452647
660	0.940403	0.000451522
661	0.9402608	0.000450407
662	0.940118	0.000449302
663	0.9399746	0.000448205
664	0.9398304	0.000447121
665	0.9396856	0.000446044
666	0.9395402	0.000444977
667	0.9393943	0.000443918
668	0.9392476	0.000442871
669	0.9391003	0.000441833
670	0.9389524	0.000440801
671	0.9388039	0.000439779
672	0.9386548	0.000438767
673	0.938505	0.000437763
674	0.9383547	0.000436767
675	0.9382037	0.00043578
676	0.9380522	0.000434801
677	0.9379001	0.000433829
678	0.9377474	0.000432866
679	0.937594	0.000431912
680	0.9374402	0.000430964
681	0.9372858	0.000430025
682	0.9371307	0.000429092
683	0.9369751	0.00042817
684	0.9368189	0.000427251
685	0.9366622	0.000426342
686	0.9365048	0.00042544
687	0.9363469	0.000424546
688	0.9361884	0.000423657
689	0.9360295	0.000422777
690	0.93587	0.000421902
691	0.9357099	0.000421035
692	0.9355492	0.000420173
693	0.935388	0.00041932
694	0.9352263	0.000418473
695	0.935064	0.000417632
696	0.9349013	0.000416797
697	0.9347379	0.00041597
698	0.9345739	0.000415148
699	0.9344096	0.000414332
700	0.9342447	0.000413523
701	0.9340792	0.000412719
702	0.9339132	0.000411921
703	0.9337467	0.000411129
704	0.9335798	0.000410342
705	0.9334122	0.000409562
706	0.9332441	0.000408787
707	0.9330755	0.000408019
708	0.9329064	0.000407256
709	0.9327368	0.000406497
710	0.9325667	0.000405745
711	0.9323962	0.000404997
712	0.9322251	0.000404255
713	0.9320535	0.000403518
714	0.9318814	0.000402786
715	0.9317088	0.000402059
716	0.9315357	0.000401337
717	0.9313622	0.000400619
718	0.9311882	0.000399909
719	0.9310136	0.000399203
720	0.9308384	0.0003985
721	0.930663	0.000397802
722	0.9304869	0.00039711
723	0.9303104	0.000396422
724	0.9301334	0.000395738
725	0.929956	0.000395059
726	0.929778	0.000394385
727	0.9295995	0.000393715
728	0.9294206	0.000393049
729	0.9292413	0.000392388
730	0.9290615	0.000391731
731	0.9288811	0.000391078
732	0.9287003	0.00039043
733	0.928519	0.000389785
734	0.9283373	0.000389144
735	0.9281551	0.000388509
736	0.9279724	0.000387876
737	0.9277892	0.000387249
738	0.9276056	0.000386623
739	0.9274215	0.000386003
740	0.927237	0.000385386
741	0.927052	0.000384774
742	0.9268665	0.000384165
743	0.9266806	0.000383559
744	0.9264942	0.000382957
745	0.9263073	0.000382359
746	0.9261201	0.000381765
747	0.9259324	0.000381174
748	0.9257442	0.000380587
749	0.9255555	0.000380002
750	0.9253642	0.000379432
751	0.9251689	0.00037888
752	0.9249732	0.00037833
753	0.9247772	0.000377784
754	0.9245807	0.000377241
755	0.924384	0.0003767
756	0.9241868	0.000376162
757	0.9239894	0.000375625
758	0.9237915	0.000375093
759	0.9235934	0.000374563
760	0.9233948	0.000374034
761	0.9231959	0.000373508
762	0.9229966	0.000372986
763	0.922797	0.000372465
764	0.9225971	0.000371947
765	0.9223968	0.000371431
766	0.9221961	0.000370919
767	0.9219951	0.000370407
768	0.9217938	0.000369898
769	0.921592	0.000369392
770	0.9213899	0.000368889
771	0.9211875	0.000368387
772	0.9209848	0.000367887
773	0.9207816	0.000367391
774	0.9205781	0.000366896
775	0.9203742	0.000366403
776	0.92017	0.000365913
777	0.9199655	0.000365424
778	0.9197607	0.000364939
779	0.9195554	0.000364454
780	0.9193498	0.000363973
781	0.9191438	0.000363494
782	0.9189375	0.000363015
783	0.9187309	0.000362541
784	0.9185238	0.000362067
785	0.9183165	0.000361594
786	0.9181088	0.000361125
787	0.9179006	0.000360659
788	0.9176921	0.000360195
789	0.9174834	0.000359731
790	0.9172742	0.000359269
791	0.9170648	0.000358809
792	0.916855	0.000358352
793	0.9166447	0.000357896
794	0.9164341	0.000357442
795	0.9162233	0.00035699
796	0.916012	0.000356541
797	0.9158003	0.000356093
798	0.9155884	0.000355646
799	0.9153761	0.000355202
800	0.9151622	0.000354759
801	0.9149424	0.000354314
802	0.9147225	0.000353871
803	0.9145023	0.000353431
804	0.9142819	0.000352992
805	0.9140613	0.000352554
806	0.9138406	0.000352119
807	0.9136197	0.000351685
808	0.9133985	0.000351254
809	0.9131772	0.000350823
810	0.9129556	0.000350396
811	0.9127339	0.00034997
812	0.912512	0.000349544
813	0.9122899	0.000349122
814	0.9120676	0.000348699
815	0.9118451	0.000348281
816	0.9116224	0.000347863
817	0.9113996	0.000347447
818	0.9111765	0.00034703
819	0.9109533	0.000346618
820	0.9107298	0.000346207
821	0.9105061	0.000345796
822	0.9102823	0.000345389
823	0.9100583	0.000344982
824	0.9098342	0.000344576
825	0.9096098	0.000344172
826	0.9093852	0.000343771
827	0.9091604	0.00034337
828	0.9089355	0.000342971
829	0.9087103	0.000342573
830	0.908485	0.000342177
831	0.9082595	0.000341782
832	0.9080338	0.000341389
833	0.9078079	0.000340998
834	0.9075819	0.000340607
835	0.9073556	0.000340219
836	0.9071291	0.000339832
837	0.9069025	0.000339446
838	0.9066756	0.000339061
839	0.9064487	0.000338678
840	0.9062215	0.000338296
841	0.9059942	0.000337916
842	0.9057666	0.000337538
843	0.9055388	0.000337159
844	0.9053109	0.000336783
845	0.9050828	0.000336408
846	0.9048545	0.000336035
847	0.904626	0.000335662
848	0.9043973	0.000335291
849	0.9041685	0.000334923
850	0.9039395	0.000334553
851	0.9037103	0.000334187
852	0.9034809	0.000333821
853	0.9032514	0.000333456
854	0.9030216	0.000333092
855	0.9027918	0.00033273
856	0.9025617	0.00033237
857	0.9023314	0.00033201
858	0.902101	0.000331651
859	0.9018704	0.000331295
860	0.9016395	0.000330937
861	0.9014085	0.000330584
862	0.9011773	0.00033023
863	0.900946	0.000329877
864	0.9007145	0.000329526
865	0.9004828	0.000329175
866	0.9002508	0.000328827
867	0.9000188	0.000328479
868	0.8997866	0.000328132
869	0.8995541	0.000327787
870	0.8993216	0.000327443
871	0.8990889	0.000327098
872	0.8988559	0.000326757
873	0.8986228	0.000326416
874	0.8983896	0.000326075
875	0.8981561	0.000325736
876	0.8979225	0.000325399
877	0.8976888	0.000325062
878	0.8974548	0.000324726
879	0.8972206	0.000324391
880	0.8969871	0.00032338
881	0.8967547	0.000321525
882	0.8965221	0.000319666
883	0.8962892	0.000317803
884	0.8960562	0.000315936
885	0.895823	0.000314064
886	0.8955896	0.000312188
887	0.895356	0.000310308
888	0.8951223	0.000308424
889	0.8948884	0.000306536
890	0.8946543	0.000304643
891	0.8944201	0.000302747
892	0.8941857	0.000300846
893	0.8939511	0.000298941
894	0.8937164	0.000297032
895	0.8934814	0.00029512
896	0.8932464	0.000293203
897	0.8930111	0.000291282
898	0.8927757	0.000289357
899	0.8925401	0.000287428
900	0.8923044	0.000285495
901	0.8920684	0.000283558
902	0.8918324	0.000281617
903	0.8915961	0.000279672
904	0.8913597	0.000277724
905	0.8911231	0.000275771
906	0.8908863	0.000273815
907	0.8906493	0.000271855
908	0.8904122	0.000269891
909	0.890175	0.000267923
910	0.8899376	0.000265951
911	0.8896913	0.000265596
912	0.8894449	0.000265238
913	0.8891984	0.00026488
914	0.8889516	0.00026452
915	0.8887046	0.000264159
916	0.8884573	0.000263797
917	0.88821	0.000263433
918	0.8879623	0.000263069
919	0.8877145	0.000262703
920	0.8874665	0.000262335
921	0.8872108	0.000262119
922	0.8869549	0.000261902
923	0.886699	0.000261683
924	0.8864429	0.000261463
925	0.8861865	0.000261242
926	0.88593	0.000261019
927	0.8856734	0.000260796
928	0.8854167	0.00026057
929	0.8851598	0.000260344
930	0.8849028	0.000260117
931	0.8846445	0.000260012
932	0.8843861	0.000259906
933	0.8841277	0.000259798
934	0.883869	0.00025969
935	0.8836102	0.000259581
936	0.8833512	0.000259471
937	0.8830921	0.000259359
938	0.8828328	0.000259247
939	0.8825734	0.000259133
940	0.8823139	0.000259019
941	0.8820648	0.000259047
942	0.8818155	0.000259076
943	0.8815661	0.000259103
944	0.8813166	0.000259129
945	0.8810669	0.000259154
946	0.8808171	0.000259179
947	0.8805672	0.000259203
948	0.8803172	0.000259226
949	0.880067	0.000259248
950	0.8798168	0.000259269
951	0.8795337	0.000259406
952	0.8792505	0.000259541
953	0.8789671	0.000259676
954	0.8786836	0.000259811
955	0.8784	0.000259945
956	0.8781161	0.000260078
957	0.8778321	0.00026021
958	0.8775481	0.000260342
959	0.8772638	0.000260473
960	0.8769795	0.000260603
961	0.8767313	0.000260865
962	0.8764829	0.000261126
963	0.8762345	0.000261386
964	0.875986	0.000261647
965	0.8757372	0.000261907
966	0.8754884	0.000262166
967	0.8752395	0.000262425
968	0.8749905	0.000262683
969	0.8747414	0.00026294
970	0.8744921	0.000263198
971	0.8745395	0.000263361
972	0.874587	0.000263525
973	0.8746344	0.000263687
974	0.8746819	0.00026385
975	0.8747292	0.000264012
976	0.8747766	0.000264174
977	0.874824	0.000264335
978	0.8748714	0.000264496
979	0.8749188	0.000264657
980	0.8749662	0.000264817
981	0.8750135	0.000264977
982	0.8750609	0.000265136
983	0.8751083	0.000265295
984	0.8751555	0.000265454
985	0.8752029	0.000265613
986	0.8752503	0.000265771
987	0.8752975	0.000265928
988	0.8753448	0.000266086
989	0.8753921	0.000266243
990	0.8754394	0.000266399
991	0.8754867	0.000266555
992	0.875534	0.000266711
993	0.8755813	0.000266867
994	0.8756306	0.000266991
995	0.8756835	0.000267059
996	0.8757364	0.000267126
997	0.8757893	0.000267194
998	0.8758422	0.000267262
999	0.8758948	0.000267329
aoi	80	
380	0.7798108	0.001203185
381	0.776239	0.00130594
382	0.772418	0.00142023
383	0.7682912	0.001547473
384	0.7637424	0.001689642
385	0.7587421	0.001848529
386	0.7531984	0.002026265
387	0.7469637	0.002225796
388	0.739885	0.00245092
389	0.7318591	0.002706038
390	0.7227101	0.002996629
391	0.712144	0.003328952
392	0.6999424	0.003711696
393	0.6858013	0.004155521
394	0.6693757	0.004674336
395	0.6500957	0.005282455
396	0.6275484	0.006003254
397	0.6010908	0.006863735
398	0.5699313	0.007895266
399	0.5331881	0.009134702
400	0.4899661	0.01063575
401	0.4398057	0.01245261
402	0.3830459	0.01462103
403	0.3221175	0.01716534
404	0.263408	0.02004998
405	0.2195055	0.02309341
406	0.2081535	0.02584343
407	0.242282	0.0278034
408	0.3181923	0.02853822
409	0.4144657	0.02798897
410	0.5085649	0.02643027
411	0.589977	0.02429018
412	0.6559556	0.02191191
413	0.7070228	0.01954475
414	0.7457293	0.01735159
415	0.7747302	0.0154193
416	0.7972567	0.01379256
417	0.8158461	0.01243426
418	0.8318236	0.01126157
419	0.8455097	0.01025506
420	0.8573055	0.009386392
421	0.8675064	0.008634065
422	0.876435	0.007975097
423	0.8842927	0.007394764
424	0.8912305	0.006882085
425	0.8974843	0.006419259
426	0.9030682	0.006005799
427	0.908075	0.00563496
428	0.9125647	0.00530212
429	0.916619	0.005001238
430	0.9202961	0.004728094
431	0.9236392	0.004479578
432	0.9266785	0.004253182
433	0.9294605	0.004045633
434	0.9320513	0.003852139
435	0.9344501	0.003672825
436	0.9366563	0.003507482
437	0.9386947	0.0033544
438	0.9405816	0.003212441
439	0.942327	0.003080748
440	0.9439476	0.002958082
441	0.9454565	0.002843529
442	0.9468626	0.002736519
443	0.9482062	0.002634136
444	0.9494629	0.002538059
445	0.9506395	0.002447802
446	0.9517413	0.002362984
447	0.9527735	0.002283115
448	0.9537439	0.002207691
449	0.954657	0.002136458
450	0.955515	0.002069134
451	0.956332	0.002004809
452	0.9571174	0.001942911
453	0.957859	0.001884213
454	0.9585582	0.001828477
455	0.9592198	0.001775419
456	0.9598462	0.001724908
457	0.9604393	0.001676778
458	0.9610005	0.001630866
459	0.9615425	0.001586449
460	0.9620654	0.001543577
461	0.9625613	0.001502583
462	0.9630323	0.00146333
463	0.9634802	0.001425729
464	0.9639065	0.001389695
465	0.9643112	0.001355129
466	0.9646965	0.00132192
467	0.9650636	0.001290041
468	0.9654148	0.001259292
469	0.9657635	0.001228973
470	0.9660961	0.00119979
471	0.9664135	0.001171712
472	0.9667159	0.001144656
473	0.9670043	0.001118561
474	0.9672796	0.001093409
475	0.9675424	0.001069134
476	0.9677928	0.001045691
477	0.9680319	0.00102303
478	0.9682602	0.001001156
479	0.968478	0.000979986
480	0.9686896	0.000959321
481	0.9688995	0.000938987
482	0.9690998	0.000919316
483	0.9692911	0.000900256
484	0.9694737	0.000881783
485	0.969648	0.00086391
486	0.9698144	0.000846571
487	0.9699729	0.000829749
488	0.9701241	0.000813432
489	0.9702742	0.000797371
490	0.9704198	0.000781674
491	0.9705585	0.000766433
492	0.9706906	0.000751651
493	0.9708167	0.000737289
494	0.9709366	0.000723327
495	0.9710505	0.000709759
496	0.9711588	0.00069659
497	0.9712617	0.000683774
498	0.9713615	0.000671224
499	0.9714614	0.00065884
500	0.9715562	0.0006468
501	0.9716461	0.000635079
502	0.9717311	0.00062367
503	0.9718115	0.00061259
504	0.9718874	0.000601798
505	0.9719589	0.000591286
506	0.9720259	0.000581063
507	0.972089	0.000571114
508	0.9721486	0.000561403
509	0.9722097	0.000551766
510	0.9722669	0.000542401
511	0.9723203	0.000533279
512	0.9723701	0.000524389
513	0.972416	0.000515735
514	0.9724585	0.00050732
515	0.9724976	0.000499117
516	0.9725334	0.000491122
517	0.9725682	0.000483278
518	0.9726028	0.000475558
519	0.9726342	0.000468036
520	0.9726625	0.000460709
521	0.9726876	0.000453593
522	0.9727098	0.000446658
523	0.9727291	0.000439903
524	0.9727455	0.000433336
525	0.972759	0.000426951
526	0.9727699	0.00042073
527	0.9727781	0.000414672
528	0.9727857	0.000408744
529	0.9727931	0.000402916
530	0.9727979	0.000397243
531	0.9728002	0.000391732
532	0.9728	0.000386384
533	0.9727974	0.000381182
534	0.9727924	0.000376124
535	0.9727851	0.000371225
536	0.9727766	0.000366441
537	0.9727669	0.000361771
538	0.9727555	0.000357231
539	0.9727421	0.00035283
540	0.972727	0.000348552
541	0.9727102	0.000344394
542	0.9726917	0.000340366
543	0.9726715	0.000336461
544	0.9726498	0.000332671
545	0.9726264	0.000328996
546	0.9726013	0.000325451
547	0.9725748	0.000322015
548	0.9725467	0.000318689
549	0.9725171	0.000315479
550	0.972486	0.000312384
551	0.9724534	0.000309395
552	0.9724194	0.00030651
553	0.972384	0.000303742
554	0.9723472	0.000301078
555	0.972309	0.000298513
556	0.9722695	0.000296053
557	0.9722286	0.000293704
558	0.9721864	0.000291452
559	0.9721429	0.000289295
560	0.9720982	0.000287246
561	0.9720521	0.000285296
562	0.9720049	0.000283439
563	0.9719564	0.000281676
564	0.9719067	0.000280019
565	0.9718558	0.000278453
566	0.9718038	0.000276977
567	0.9717506	0.000275599
568	0.9716963	0.000274316
569	0.9716407	0.000273123
570	0.9715842	0.000271993
571	0.9715267	0.000270889
572	0.9714682	0.0002698
573	0.9714087	0.000268727
574	0.9713483	0.000267669
575	0.971287	0.000266626
576	0.9712247	0.000265598
577	0.9711616	0.000264583
578	0.9710976	0.000263583
579	0.9710327	0.000262598
580	0.9709669	0.000261626
581	0.9709002	0.000260666
582	0.9708328	0.00025972
583	0.9707645	0.000258787
584	0.9706955	0.000257865
585	0.9706256	0.000256956
586	0.970555	0.000256059
587	0.9704835	0.000255174
588	0.9704112	0.0002543
589	0.9703382	0.000253438
590	0.9702645	0.000252587
591	0.97019	0.000251747
592	0.9701148	0.000250917
593	0.9700389	0.000250098
594	0.9699622	0.000249289
595	0.9698849	0.00024849
596	0.9698068	0.000247702
597	0.969728	0.000246923
598	0.9696486	0.000246153
599	0.9695685	0.000245393
600	0.9694877	0.000244643
601	0.9694063	0.000243901
602	0.9693242	0.000243168
603	0.9692415	0.000242444
604	0.9691581	0.000241729
605	0.9690741	0.000241023
606	0.9689896	0.000240324
607	0.9689044	0.000239633
608	0.9688186	0.000238951
609	0.9687321	0.000238276
610	0.9686451	0.00023761
611	0.9685575	0.00023695
612	0.9684693	0.000236299
613	0.9683805	0.000235654
614	0.9682911	0.000235017
615	0.9682012	0.000234388
616	0.9681107	0.000233765
617	0.9680197	0.000233149
618	0.9679281	0.00023254
619	0.967836	0.000231938
620	0.9677434	0.000231342
621	0.9676501	0.000230752
622	0.9675564	0.00023017
623	0.9674622	0.000229592
624	0.9673673	0.000229022
625	0.967272	0.000228459
626	0.9671762	0.0002279
627	0.9670799	0.000227346
628	0.9669831	0.0002268
629	0.9668858	0.000226259
630	0.9667879	0.000225723
631	0.9666896	0.000225194
632	0.9665908	0.000224669
633	0.9664916	0.000224149
634	0.9663918	0.000223635
635	0.9662916	0.000223127
636	0.9661908	0.000222623
637	0.9660896	0.000222125
638	0.9659879	0.000221631
639	0.9658858	0.000221143
640	0.9657833	0.000220659
641	0.9656802	0.000220179
642	0.9655768	0.000219705
643	0.9654728	0.000219235
644	0.9653684	0.000218769
645	0.9652636	0.000218308
646	0.9651583	0.000217853
647	0.9650526	0.000217401
648	0.9649464	0.000216952
649	0.9648399	0.000216508
650	0.9647329	0.000216069
651	0.9646254	0.000215634
652	0.9645176	0.000215202
653	0.9644092	0.000214775
654	0.9643005	0.000214352
655	0.9641914	0.000213932
656	0.9640819	0.000213516
657	0.9639719	0.000213105
658	0.9638616	0.000212696
659	0.9637508	0.000212291
660	0.9636396	0.000211891
661	0.963528	0.000211494
662	0.963416	0.0002111
663	0.9633036	0.000210709
664	0.9631907	0.000210322
665	0.9630775	0.000209939
666	0.9629639	0.000209558
667	0.9628499	0.000209181
668	0.9627355	0.000208808
669	0.9626207	0.000208437
670	0.9625056	0.000208069
671	0.96239	0.000207705
672	0.9622741	0.000207344
673	0.9621577	0.000206986
674	0.962041	0.00020663
675	0.9619239	0.000206278
676	0.9618064	0.000205929
677	0.9616886	0.000205582
678	0.9615703	0.000205239
679	0.9614517	0.000204898
680	0.9613328	0.00020456
681	0.9612134	0.000204224
682	0.9610937	0.000203891
683	0.9609736	0.000203562
684	0.9608531	0.000203234
685	0.9607323	0.000202909
686	0.9606111	0.000202587
687	0.9604894	0.000202268
688	0.9603675	0.00020195
689	0.9602452	0.000201636
690	0.9601226	0.000201323
691	0.9599996	0.000201013
692	0.9598762	0.000200705
693	0.9597524	0.0002004
694	0.9596283	0.000200098
695	0.9595039	0.000199797
696	0.9593791	0.000199498
697	0.9592538	0.000199203
698	0.9591283	0.000198909
699	0.9590024	0.000198617
700	0.9588762	0.000198327
701	0.9587496	0.00019804
702	0.9586227	0.000197754
703	0.9584954	0.000197471
704	0.9583678	0.000197189
705	0.9582398	0.00019691
706	0.9581114	0.000196633
707	0.9579827	0.000196358
708	0.9578537	0.000196085
709	0.9577243	0.000195813
710	0.9575946	0.000195544
711	0.9574645	0.000195276
712	0.9573341	0.00019501
713	0.9572033	0.000194746
714	0.9570723	0.000194484
715	0.9569408	0.000194224
716	0.9568091	0.000193965
717	0.956677	0.000193707
718	0.9565445	0.000193453
719	0.9564117	0.0001932
720	0.9562785	0.000192948
721	0.9561451	0.000192697
722	0.9560113	0.000192449
723	0.9558771	0.000192203
724	0.9557427	0.000191957
725	0.9556079	0.000191714
726	0.9554727	0.000191472
727	0.9553372	0.000191231
728	0.9552014	0.000190992
729	0.9550653	0.000190755
730	0.9549288	0.000190519
731	0.954792	0.000190285
732	0.9546548	0.000190052
733	0.9545173	0.000189821
734	0.9543795	0.00018959
735	0.9542414	0.000189362
736	0.9541029	0.000189135
737	0.953964	0.000188909
738	0.9538249	0.000188684
739	0.9536854	0.000188462
740	0.9535456	0.00018824
741	0.9534055	0.00018802
742	0.953265	0.000187801
743	0.9531243	0.000187583
744	0.9529831	0.000187366
745	0.9528417	0.000187151
746	0.9526999	0.000186937
747	0.9525578	0.000186725
748	0.9524154	0.000186513
749	0.9522726	0.000186302
750	0.9521283	0.000186098
751	0.9519818	0.0001859
752	0.9518349	0.000185703
753	0.9516877	0.000185508
754	0.9515402	0.000185313
755	0.9513925	0.000185119
756	0.9512445	0.000184926
757	0.9510962	0.000184733
758	0.9509477	0.000184542
759	0.9507989	0.000184352
760	0.9506498	0.000184162
761	0.9505005	0.000183973
762	0.9503508	0.000183786
763	0.9502009	0.000183598
764	0.9500507	0.000183412
765	0.9499003	0.000183226
766	0.9497496	0.000183042
767	0.9495986	0.000182858
768	0.9494473	0.000182675
769	0.9492958	0.000182492
770	0.949144	0.000182311
771	0.9489919	0.00018213
772	0.9488396	0.00018195
773	0.9486869	0.000181771
774	0.948534	0.000181592
775	0.9483808	0.000181414
776	0.9482273	0.000181237
777	0.9480736	0.00018106
778	0.9479196	0.000180885
779	0.9477654	0.00018071
780	0.9476108	0.000180535
781	0.947456	0.000180362
782	0.9473008	0.000180189
783	0.9471455	0.000180017
784	0.9469898	0.000179845
785	0.9468339	0.000179674
786	0.9466777	0.000179504
787	0.9465211	0.000179335
788	0.9463643	0.000179167
789	0.9462073	0.000178998
790	0.94605	0.000178831
791	0.9458924	0.000178663
792	0.9457346	0.000178497
793	0.9455764	0.000178332
794	0.9454179	0.000178167
795	0.9452592	0.000178002
796	0.9451002	0.000177839
797	0.9449409	0.000177676
798	0.9447814	0.000177513
799	0.9446216	0.000177351
800	0.9444606	0.00017719
801	0.9442958	0.000177027
802	0.9441308	0.000176865
803	0.9439655	0.000176705
804	0.9438001	0.000176544
805	0.9436345	0.000176384
806	0.9434688	0.000176225
807	0.9433028	0.000176066
808	0.9431367	0.000175908
809	0.9429704	0.00017575
810	0.9428039	0.000175594
811	0.9426373	0.000175438
812	0.9424705	0.000175282
813	0.9423035	0.000175127
814	0.9421363	0.000174972
815	0.9419689	0.000174818
816	0.9418014	0.000174665
817	0.9416337	0.000174512
818	0.9414659	0.000174359
819	0.9412978	0.000174207
820	0.9411295	0.000174057
821	0.9409611	0.000173905
822	0.9407926	0.000173756
823	0.9406238	0.000173606
824	0.9404549	0.000173456
825	0.9402858	0.000173308
826	0.9401165	0.000173161
827	0.9399471	0.000173013
828	0.9397775	0.000172866
829	0.9396077	0.000172719
830	0.9394377	0.000172573
831	0.9392675	0.000172427
832	0.9390972	0.000172282
833	0.9389267	0.000172138
834	0.9387561	0.000171993
835	0.9385852	0.00017185
836	0.9384142	0.000171707
837	0.938243	0.000171565
838	0.9380716	0.000171422
839	0.9379001	0.000171281
840	0.9377284	0.000171139
841	0.9375565	0.000170999
842	0.9373845	0.000170859
843	0.9372122	0.000170719
844	0.9370398	0.000170579
845	0.9368672	0.000170441
846	0.9366945	0.000170302
847	0.9365215	0.000170164
848	0.9363484	0.000170027
849	0.9361752	0.00016989
850	0.9360018	0.000169753
851	0.9358281	0.000169617
852	0.9356544	0.000169481
853	0.9354804	0.000169345
854	0.9353063	0.00016921
855	0.935132	0.000169076
856	0.9349576	0.000168942
857	0.9347829	0.000168808
858	0.9346082	0.000168674
859	0.9344332	0.000168542
860	0.934258	0.000168409
861	0.9340827	0.000168278
862	0.9339072	0.000168146
863	0.9337315	0.000168014
864	0.9335557	0.000167884
865	0.9333797	0.000167753
866	0.9332035	0.000167623
867	0.9330272	0.000167493
868	0.9328507	0.000167364
869	0.932674	0.000167235
870	0.9324971	0.000167107
871	0.9323201	0.000166978
872	0.9321429	0.000166851
873	0.9319656	0.000166723
874	0.9317881	0.000166596
875	0.9316104	0.000166469
876	0.9314325	0.000166343
877	0.9312545	0.000166218
878	0.9310763	0.000166092
879	0.9308979	0.000165966
880	0.9307199	0.000165495
881	0.9305423	0.000164591
882	0.9303646	0.000163685
883	0.9301866	0.000162775
884	0.9300085	0.000161863
885	0.9298302	0.000160949
886	0.9296517	0.000160031
887	0.929473	0.000159111
888	0.9292943	0.000158188
889	0.9291153	0.000157263
890	0.9289361	0.000156335
891	0.9287568	0.000155404
892	0.9285773	0.00015447
893	0.9283977	0.000153534
894	0.9282179	0.000152595
895	0.9280379	0.000151654
896	0.9278577	0.000150709
897	0.9276774	0.000149762
898	0.9274969	0.000148813
899	0.9273162	0.000147861
900	0.9271354	0.000146906
901	0.9269544	0.000145949
902	0.9267732	0.000144989
903	0.9265919	0.000144026
904	0.9264104	0.000143061
905	0.9262287	0.000142094
906	0.9260468	0.000141124
907	0.9258648	0.000140151
908	0.9256826	0.000139176
909	0.9255003	0.000138198
910	0.9253178	0.000137217
911	0.9251284	0.000137072
912	0.9249388	0.000136925
913	0.9247491	0.000136778
914	0.9245592	0.00013663
915	0.924369	0.000136482
916	0.9241786	0.000136332
917	0.923988	0.000136182
918	0.9237972	0.000136031
919	0.9236062	0.000135879
920	0.923415	0.000135727
921	0.9232198	0.000135649
922	0.9230244	0.000135571
923	0.9228288	0.000135493
924	0.9226331	0.000135413
925	0.9224371	0.000135333
926	0.922241	0.000135252
927	0.9220448	0.00013517
928	0.9218484	0.000135087
929	0.9216518	0.000135004
930	0.9214551	0.00013492
931	0.9212575	0.0001349
932	0.9210598	0.000134879
933	0.920862	0.000134857
934	0.920664	0.000134835
935	0.9204658	0.000134812
936	0.9202674	0.000134789
937	0.9200689	0.000134765
938	0.9198703	0.00013474
939	0.9196714	0.000134715
940	0.9194725	0.000134689
941	0.919281	0.000134737
942	0.9190893	0.000134784
943	0.9188974	0.000134831
944	0.9187055	0.000134877
945	0.9185133	0.000134923
946	0.9183211	0.000134968
947	0.9181287	0.000135013
948	0.9179361	0.000135058
949	0.9177434	0.000135102
950	0.9175506	0.000135145
951	0.9173343	0.00013525
952	0.9171178	0.000135355
953	0.9169012	0.000135459
954	0.9166844	0.000135563
955	0.9164674	0.000135667
956	0.9162501	0.00013577
957	0.9160328	0.000135873
958	0.9158152	0.000135976
959	0.9155976	0.000136078
960	0.9153797	0.00013618
961	0.9151876	0.000136349
962	0.9149954	0.000136518
963	0.914803	0.000136686
964	0.9146105	0.000136855
965	0.9144178	0.000137023
966	0.914225	0.000137191
967	0.914032	0.000137359
968	0.913839	0.000137527
969	0.9136458	0.000137694
970	0.9134524	0.000137861
971	0.9134895	0.00013794
972	0.9135266	0.000138018
973	0.9135636	0.000138096
974	0.9136006	0.000138174
975	0.9136375	0.000138251
976	0.9136745	0.000138329
977	0.9137114	0.000138406
978	0.9137482	0.000138484
979	0.913785	0.000138561
980	0.9138218	0.000138638
981	0.9138585	0.000138714
982	0.9138952	0.000138791
983	0.9139319	0.000138868
984	0.9139685	0.000138944
985	0.9140051	0.00013902
986	0.9140418	0.000139096
987	0.9140783	0.000139172
988	0.9141148	0.000139248
989	0.9141512	0.000139324
990	0.9141877	0.000139399
991	0.9142241	0.000139475
992	0.9142604	0.00013955
993	0.9142968	0.000139625
994	0.9143343	0.000139686
995	0.914374	0.000139722
996	0.9144136	0.000139758
997	0.9144532	0.000139794
998	0.9144927	0.000139829
999	0.9145321	0.000139865
aoi	85	
380	0.8834262	0.000575139
381	0.8809718	0.000626931
382	0.8783117	0.000685014
383	0.8754036	0.000750273
384	0.8721696	0.00082391
385	0.8685766	0.000907115
386	0.8645535	0.001001316
387	0.8599923	0.001108434
388	0.8547746	0.001230964
389	0.8487995	0.0013719
390	0.8419138	0.001534998
391	0.8338853	0.001724596
392	0.8244981	0.00194673
393	0.8134563	0.002208926
394	0.8004007	0.002521093
395	0.7848089	0.002893512
396	0.7661425	0.003342897
397	0.7436414	0.00388857
398	0.7163509	0.004552422
399	0.6831463	0.0053585
400	0.642698	0.006339512
401	0.5940586	0.007523338
402	0.5378165	0.0089092
403	0.4786079	0.01045934
404	0.4300755	0.01202946
405	0.4177753	0.01327474
406	0.463687	0.01370034
407	0.555717	0.01317173
408	0.6574004	0.01198099
409	0.7421935	0.01056108
410	0.8042405	0.009176993
411	0.8480969	0.007941778
412	0.8787775	0.006881562
413	0.8999611	0.005991722
414	0.9145904	0.005254427
415	0.9247228	0.00464984
416	0.9321937	0.004161076
417	0.9382129	0.003761742
418	0.9433095	0.003421729
419	0.9476336	0.003132282
420	0.9513382	0.002883584
421	0.9545308	0.002668584
422	0.9573214	0.002480213
423	0.9597774	0.002314042
424	0.9619479	0.002166859
425	0.9639077	0.002033555
426	0.9656618	0.001913984
427	0.9672389	0.00180626
428	0.968657	0.001709129
429	0.9699415	0.001620899
430	0.9711101	0.001540406
431	0.9721759	0.001466811
432	0.9731476	0.001399438
433	0.9740398	0.001337369
434	0.9748734	0.001279224
435	0.9756477	0.001225084
436	0.9763618	0.001174922
437	0.9770233	0.00112826
438	0.9776373	0.001084789
439	0.9782065	0.001044282
440	0.9787362	0.001006384
441	0.9792304	0.000970839
442	0.9796918	0.000937499
443	0.980134	0.000905471
444	0.9805484	0.000875292
445	0.980937	0.000846829
446	0.9813014	0.000819978
447	0.9816431	0.000794598
448	0.9819648	0.000770542
449	0.9822677	0.000747742
450	0.9825525	0.000726117
451	0.9828241	0.000705385
452	0.9830857	0.00068537
453	0.9833328	0.000666327
454	0.9835658	0.000648186
455	0.9837862	0.000630861
456	0.983995	0.000614317
457	0.9841926	0.000598506
458	0.9843794	0.000583379
459	0.98456	0.000568702
460	0.9847345	0.000554498
461	0.9848998	0.000540877
462	0.9850566	0.000527798
463	0.9852056	0.000515236
464	0.9853472	0.000503166
465	0.9854814	0.000491558
466	0.9856089	0.000480377
467	0.9857301	0.000469618
468	0.9858459	0.000459215
469	0.9859613	0.000448935
470	0.9860711	0.000439016
471	0.9861756	0.000429451
472	0.9862749	0.000420213
473	0.9863692	0.000411283
474	0.986459	0.000402657
475	0.9865444	0.000394313
476	0.9866254	0.000386239
477	0.9867024	0.000378417
478	0.9867755	0.000370853
479	0.986845	0.000363517
480	0.9869124	0.000356342
481	0.9869793	0.00034927
482	0.9870429	0.000342415
483	0.9871032	0.000335761
484	0.9871604	0.000329299
485	0.9872146	0.000323036
486	0.987266	0.00031695
487	0.9873145	0.000311034
488	0.9873603	0.000305286
489	0.9874059	0.00029962
490	0.98745	0.000294073
491	0.9874915	0.000288679
492	0.9875306	0.000283438
493	0.9875675	0.000278338
494	0.9876021	0.000273373
495	0.9876345	0.00026854
496	0.9876648	0.000263842
497	0.9876931	0.000259264
498	0.9877203	0.000254774
499	0.9877477	0.000250338
500	0.9877732	0.000246019
501	0.9877969	0.000241809
502	0.9878187	0.000237705
503	0.9878388	0.000233715
504	0.9878572	0.000229823
505	0.9878739	0.000226027
506	0.987889	0.00022233
507	0.9879025	0.000218729
508	0.9879147	0.000215209
509	0.9879276	0.000211713
510	0.987939	0.000208312
511	0.987949	0.000204995
512	0.9879576	0.000201759
513	0.9879647	0.000198605
514	0.9879704	0.000195536
515	0.9879749	0.00019254
516	0.987978	0.000189617
517	0.9879808	0.000186747
518	0.9879836	0.000183921
519	0.9879852	0.000181164
520	0.9879855	0.000178476
521	0.9879846	0.000175863
522	0.9879826	0.000173315
523	0.9879794	0.00017083
524	0.987975	0.000168413
525	0.9879695	0.00016606
526	0.987963	0.000163767
527	0.9879554	0.000161532
528	0.9879475	0.000159345
529	0.9879397	0.000157192
530	0.9879308	0.000155096
531	0.9879209	0.000153058
532	0.9879099	0.00015108
533	0.9878981	0.000149154
534	0.9878852	0.000147281
535	0.9878714	0.000145467
536	0.9878572	0.000143694
537	0.9878425	0.000141963
538	0.987827	0.000140279
539	0.9878108	0.000138647
540	0.9877939	0.000137061
541	0.9877763	0.000135518
542	0.9877579	0.000134024
543	0.987739	0.000132575
544	0.9877193	0.000131169
545	0.987699	0.000129806
546	0.987678	0.000128492
547	0.9876564	0.000127218
548	0.9876341	0.000125985
549	0.9876113	0.000124796
550	0.9875878	0.000123651
551	0.9875637	0.000122545
552	0.9875389	0.000121478
553	0.9875136	0.000120456
554	0.9874878	0.000119473
555	0.9874613	0.000118529
556	0.9874343	0.000117623
557	0.9874067	0.000116761
558	0.9873785	0.000115935
559	0.9873498	0.000115146
560	0.9873206	0.000114397
561	0.9872908	0.000113688
562	0.9872605	0.000113014
563	0.9872297	0.000112376
564	0.9871983	0.000111779
565	0.9871665	0.000111217
566	0.9871341	0.000110691
567	0.9871013	0.000110202
568	0.9870679	0.000109751
569	0.9870341	0.000109334
570	0.9869998	0.000108942
571	0.9869651	0.000108559
572	0.9869299	0.000108182
573	0.9868943	0.00010781
574	0.9868584	0.000107443
575	0.986822	0.000107082
576	0.9867852	0.000106725
577	0.986748	0.000106374
578	0.9867105	0.000106027
579	0.9866725	0.000105686
580	0.9866341	0.000105349
581	0.9865954	0.000105017
582	0.9865563	0.000104689
583	0.9865169	0.000104366
584	0.986477	0.000104047
585	0.9864369	0.000103732
586	0.9863963	0.000103422
587	0.9863554	0.000103115
588	0.9863142	0.000102813
589	0.9862726	0.000102515
590	0.9862307	0.00010222
591	0.9861884	0.000101929
592	0.9861458	0.000101643
593	0.9861029	0.000101359
594	0.9860596	0.00010108
595	0.9860161	0.000100803
596	0.9859722	0.000100531
597	0.985928	0.000100262
598	0.9858834	9.99959e-05
599	0.9858386	9.97334e-05
600	0.9857935	9.94742e-05
601	0.985748	9.92181e-05
602	0.9857023	9.89651e-05
603	0.9856562	9.87153e-05
604	0.9856098	9.84686e-05
605	0.9855632	9.82248e-05
606	0.9855163	9.79837e-05
607	0.9854691	9.77456e-05
608	0.9854216	9.75103e-05
609	0.9853738	9.72777e-05
610	0.9853257	9.70481e-05
611	0.9852774	9.6821e-05
612	0.9852287	9.65967e-05
613	0.9851798	9.63746e-05
614	0.9851307	9.61554e-05
615	0.9850812	9.59389e-05
616	0.9850315	9.57246e-05
617	0.9849815	9.55125e-05
618	0.9849313	9.53032e-05
619	0.9848808	9.50961e-05
620	0.98483	9.48911e-05
621	0.984779	9.46886e-05
622	0.9847278	9.44885e-05
623	0.9846762	9.42903e-05
624	0.9846244	9.40945e-05
625	0.9845724	9.39012e-05
626	0.9845201	9.37093e-05
627	0.9844676	9.35194e-05
628	0.9844148	9.33321e-05
629	0.9843618	9.31467e-05
630	0.9843085	9.29631e-05
631	0.984255	9.27816e-05
632	0.9842013	9.26021e-05
633	0.9841473	9.24239e-05
634	0.9840931	9.2248e-05
635	0.9840386	9.20741e-05
636	0.9839839	9.19017e-05
637	0.983929	9.17314e-05
638	0.9838738	9.15624e-05
639	0.9838185	9.13957e-05
640	0.9837628	9.12304e-05
641	0.983707	9.10665e-05
642	0.9836509	9.09046e-05
643	0.9835946	9.07443e-05
644	0.9835381	9.05854e-05
645	0.9834813	9.04282e-05
646	0.9834244	9.02728e-05
647	0.9833672	9.01189e-05
648	0.9833098	8.99661e-05
649	0.9832521	8.98148e-05
650	0.9831943	8.96653e-05
651	0.9831362	8.95171e-05
652	0.983078	8.93704e-05
653	0.9830195	8.92251e-05
654	0.9829607	8.90814e-05
655	0.9829018	8.89385e-05
656	0.9828427	8.87972e-05
657	0.9827833	8.86575e-05
658	0.9827238	8.85189e-05
659	0.982664	8.83814e-05
660	0.982604	8.82455e-05
661	0.9825438	8.81109e-05
662	0.9824834	8.79774e-05
663	0.9824228	8.78449e-05
664	0.982362	8.7714e-05
665	0.9823009	8.75841e-05
666	0.9822397	8.74553e-05
667	0.9821783	8.73276e-05
668	0.9821166	8.72014e-05
669	0.9820548	8.70763e-05
670	0.9819927	8.69518e-05
671	0.9819305	8.68288e-05
672	0.981868	8.6707e-05
673	0.9818054	8.6586e-05
674	0.9817425	8.64661e-05
675	0.9816795	8.63474e-05
676	0.9816162	8.62297e-05
677	0.9815527	8.61128e-05
678	0.9814891	8.59969e-05
679	0.9814252	8.58823e-05
680	0.9813612	8.57683e-05
681	0.9812969	8.56555e-05
682	0.9812325	8.55435e-05
683	0.9811678	8.54328e-05
684	0.981103	8.53225e-05
685	0.981038	8.52135e-05
686	0.9809727	8.51053e-05
687	0.9809073	8.49982e-05
688	0.9808417	8.48915e-05
689	0.9807759	8.47861e-05
690	0.9807099	8.46813e-05
691	0.9806436	8.45775e-05
692	0.9805772	8.44742e-05
693	0.9805106	8.43721e-05
694	0.9804439	8.42708e-05
695	0.9803769	8.41703e-05
696	0.9803097	8.40703e-05
697	0.9802423	8.39716e-05
698	0.9801748	8.38733e-05
699	0.980107	8.37759e-05
700	0.9800391	8.36792e-05
701	0.979971	8.35832e-05
702	0.9799027	8.3488e-05
703	0.9798342	8.33934e-05
704	0.9797655	8.32996e-05
705	0.9796966	8.32066e-05
706	0.9796275	8.31141e-05
707	0.9795582	8.30227e-05
708	0.9794888	8.29318e-05
709	0.9794191	8.28414e-05
710	0.9793493	8.27519e-05
711	0.9792793	8.26629e-05
712	0.979209	8.25747e-05
713	0.9791386	8.24869e-05
714	0.9790681	8.23999e-05
715	0.9789973	8.23134e-05
716	0.9789263	8.22276e-05
717	0.9788552	8.21422e-05
718	0.9787839	8.2058e-05
719	0.9787123	8.19741e-05
720	0.9786406	8.18907e-05
721	0.9785687	8.18077e-05
722	0.9784966	8.17257e-05
723	0.9784244	8.16442e-05
724	0.9783519	8.15629e-05
725	0.9782793	8.14825e-05
726	0.9782065	8.14026e-05
727	0.9781334	8.13232e-05
728	0.9780602	8.12443e-05
729	0.9779869	8.1166e-05
730	0.9779133	8.10883e-05
731	0.9778395	8.1011e-05
732	0.9777656	8.09344e-05
733	0.9776915	8.08581e-05
734	0.9776172	8.07822e-05
735	0.9775427	8.07072e-05
736	0.977468	8.06324e-05
737	0.9773931	8.05583e-05
738	0.977318	8.04843e-05
739	0.9772428	8.04111e-05
740	0.9771674	8.03383e-05
741	0.9770917	8.0266e-05
742	0.9770159	8.01942e-05
743	0.97694	8.01228e-05
744	0.9768638	8.00517e-05
745	0.9767874	7.99812e-05
746	0.9767109	7.99111e-05
747	0.9766342	7.98415e-05
748	0.9765573	7.97723e-05
749	0.9764802	7.97033e-05
750	0.9764024	7.96367e-05
751	0.9763235	7.95726e-05
752	0.9762444	7.95087e-05
753	0.9761651	7.94454e-05
754	0.9760857	7.93825e-05
755	0.9760061	7.93196e-05
756	0.9759264	7.9257e-05
757	0.9758465	7.91947e-05
758	0.9757665	7.91329e-05
759	0.9756863	7.90714e-05
760	0.9756059	7.90098e-05
761	0.9755254	7.89487e-05
762	0.9754447	7.88881e-05
763	0.9753638	7.88275e-05
764	0.9752828	7.87672e-05
765	0.9752016	7.87073e-05
766	0.9751203	7.86478e-05
767	0.9750388	7.85883e-05
768	0.9749571	7.8529e-05
769	0.9748753	7.84701e-05
770	0.9747933	7.84116e-05
771	0.9747112	7.83531e-05
772	0.9746289	7.82949e-05
773	0.9745464	7.82371e-05
774	0.9744638	7.81794e-05
775	0.9743809	7.8122e-05
776	0.974298	7.80649e-05
777	0.9742148	7.80078e-05
778	0.9741316	7.79514e-05
779	0.9740481	7.78948e-05
780	0.9739645	7.78386e-05
781	0.9738807	7.77828e-05
782	0.9737968	7.77268e-05
783	0.9737127	7.76716e-05
784	0.9736284	7.76163e-05
785	0.9735439	7.7561e-05
786	0.9734593	7.75063e-05
787	0.9733745	7.7452e-05
788	0.9732896	7.73978e-05
789	0.9732045	7.73435e-05
790	0.9731192	7.72896e-05
791	0.9730338	7.72357e-05
792	0.9729482	7.71823e-05
793	0.9728624	7.71291e-05
794	0.9727764	7.7076e-05
795	0.9726903	7.70229e-05
796	0.9726041	7.69706e-05
797	0.9725176	7.69182e-05
798	0.972431	7.68659e-05
799	0.9723442	7.68138e-05
800	0.9722569	7.67619e-05
801	0.9721675	7.67096e-05
802	0.972078	7.66575e-05
803	0.9719884	7.66058e-05
804	0.9718986	7.65541e-05
805	0.9718087	7.65025e-05
806	0.9717188	7.64514e-05
807	0.9716287	7.64002e-05
808	0.9715385	7.63495e-05
809	0.9714482	7.62988e-05
810	0.9713577	7.62487e-05
811	0.9712671	7.61984e-05
812	0.9711764	7.61483e-05
813	0.9710856	7.60985e-05
814	0.9709947	7.60487e-05
815	0.9709037	7.59995e-05
816	0.9708125	7.59503e-05
817	0.9707212	7.59012e-05
818	0.9706298	7.5852e-05
819	0.9705383	7.58034e-05
820	0.9704467	7.57552e-05
821	0.9703549	7.57066e-05
822	0.9702631	7.56587e-05
823	0.9701711	7.56108e-05
824	0.970079	7.55627e-05
825	0.9699868	7.55152e-05
826	0.9698944	7.5468e-05
827	0.9698019	7.54206e-05
828	0.9697094	7.53736e-05
829	0.9696167	7.53267e-05
830	0.9695238	7.52799e-05
831	0.9694309	7.52333e-05
832	0.9693379	7.51868e-05
833	0.9692447	7.51408e-05
834	0.9691514	7.50946e-05
835	0.969058	7.50489e-05
836	0.9689645	7.50032e-05
837	0.9688708	7.49576e-05
838	0.968777	7.49121e-05
839	0.9686832	7.48669e-05
840	0.9685892	7.48218e-05
841	0.968495	7.4777e-05
842	0.9684008	7.47324e-05
843	0.9683064	7.46876e-05
844	0.9682119	7.46432e-05
845	0.9681173	7.45989e-05
846	0.9680226	7.45548e-05
847	0.9679278	7.45108e-05
848	0.9678328	7.4467e-05
849	0.9677378	7.44236e-05
850	0.9676426	7.43797e-05
851	0.9675472	7.43366e-05
852	0.9674518	7.42933e-05
853	0.9673563	7.42501e-05
854	0.9672606	7.42071e-05
855	0.9671648	7.41643e-05
856	0.9670689	7.41219e-05
857	0.9669729	7.40794e-05
858	0.9668768	7.40367e-05
859	0.9667805	7.39948e-05
860	0.9666841	7.39524e-05
861	0.9665876	7.39107e-05
862	0.966491	7.38688e-05
863	0.9663942	7.38271e-05
864	0.9662974	7.37857e-05
865	0.9662004	7.37442e-05
866	0.9661033	7.3703e-05
867	0.9660061	7.36619e-05
868	0.9659087	7.36209e-05
869	0.9658113	7.35801e-05
870	0.9657137	7.35394e-05
871	0.965616	7.34985e-05
872	0.9655182	7.34582e-05
873	0.9654203	7.34179e-05
874	0.9653222	7.33776e-05
875	0.965224	7.33376e-05
876	0.9651257	7.32977e-05
877	0.9650274	7.32579e-05
878	0.9649288	7.32181e-05
879	0.9648302	7.31785e-05
880	0.9647316	7.29862e-05
881	0.9646332	7.26031e-05
882	0.9645348	7.22186e-05
883	0.9644361	7.18328e-05
884	0.9643374	7.14455e-05
885	0.9642385	7.10569e-05
886	0.9641395	7.0667e-05
887	0.9640404	7.02756e-05
888	0.9639412	6.98829e-05
889	0.9638418	6.94888e-05
890	0.9637423	6.90933e-05
891	0.9636427	6.86965e-05
892	0.963543	6.82983e-05
893	0.9634432	6.78988e-05
894	0.9633432	6.74979e-05
895	0.9632431	6.70957e-05
896	0.9631429	6.66921e-05
897	0.9630426	6.62872e-05
898	0.9629422	6.58809e-05
899	0.9628416	6.54733e-05
900	0.9627409	6.50643e-05
901	0.9626401	6.46541e-05
902	0.9625391	6.42424e-05
903	0.9624381	6.38295e-05
904	0.9623369	6.34152e-05
905	0.9622356	6.29996e-05
906	0.9621341	6.25828e-05
907	0.9620326	6.21646e-05
908	0.9619309	6.17451e-05
909	0.9618291	6.13242e-05
910	0.9617272	6.0902e-05
911	0.9616214	6.08509e-05
912	0.9615155	6.07993e-05
913	0.9614095	6.07472e-05
914	0.9613033	6.06949e-05
915	0.961197	6.06421e-05
916	0.9610905	6.05891e-05
917	0.9609839	6.05356e-05
918	0.9608771	6.04817e-05
919	0.9607702	6.04275e-05
920	0.9606631	6.03729e-05
921	0.9605543	6.0351e-05
922	0.9604453	6.03289e-05
923	0.9603362	6.03063e-05
924	0.960227	6.02834e-05
925	0.9601177	6.02603e-05
926	0.9600082	6.02367e-05
927	0.9598986	6.02129e-05
928	0.9597889	6.01886e-05
929	0.959679	6.0164e-05
930	0.9595691	6.01391e-05
931	0.9594587	6.01426e-05
932	0.9593481	6.01458e-05
933	0.9592375	6.01486e-05
934	0.9591268	6.01513e-05
935	0.9590159	6.01537e-05
936	0.9589048	6.01558e-05
937	0.9587937	6.01576e-05
938	0.9586824	6.01592e-05
939	0.958571	6.01605e-05
940	0.9584595	6.01615e-05
941	0.958352	6.0195e-05
942	0.9582444	6.02283e-05
943	0.9581366	6.02614e-05
944	0.9580287	6.02943e-05
945	0.9579207	6.0327e-05
946	0.9578126	6.03595e-05
947	0.9577044	6.03918e-05
948	0.9575961	6.0424e-05
949	0.9574877	6.04559e-05
950	0.9573791	6.04877e-05
951	0.957258	6.05476e-05
952	0.9571366	6.06073e-05
953	0.9570152	6.0667e-05
954	0.9568936	6.07265e-05
955	0.9567719	6.07858e-05
956	0.95665	6.08451e-05
957	0.956528	6.09043e-05
958	0.9564058	6.09632e-05
959	0.9562835	6.10221e-05
960	0.9561611	6.10808e-05
961	0.9560525	6.11691e-05
962	0.9559437	6.12572e-05
963	0.9558349	6.13453e-05
964	0.9557259	6.14334e-05
965	0.9556168	6.15214e-05
966	0.9555076	6.16094e-05
967	0.9553983	6.16972e-05
968	0.9552888	6.1785e-05
969	0.9551793	6.18728e-05
970	0.9550696	6.19605e-05
971	0.9550918	6.19917e-05
972	0.9551139	6.20228e-05
973	0.955136	6.20539e-05
974	0.9551581	6.20849e-05
975	0.9551801	6.21159e-05
976	0.9552021	6.21469e-05
977	0.9552241	6.21777e-05
978	0.955246	6.22086e-05
979	0.9552679	6.22394e-05
980	0.9552898	6.22701e-05
981	0.9553116	6.23008e-05
982	0.9553334	6.23314e-05
983	0.9553552	6.2362e-05
984	0.9553769	6.23926e-05
985	0.9553986	6.24231e-05
986	0.9554203	6.24535e-05
987	0.9554419	6.24839e-05
988	0.9554635	6.25143e-05
989	0.9554851	6.25446e-05
990	0.9555066	6.25748e-05
991	0.9555281	6.2605e-05
992	0.9555496	6.26352e-05
993	0.9555711	6.26653e-05
994	0.9555931	6.26896e-05
995	0.955616	6.27035e-05
996	0.955639	6.27174e-05
997	0.9556619	6.27313e-05
998	0.9556847	6.27452e-05
999	0.9557075	6.27592e-05
1000	0.9557303	6.27737e-05
